date,campaign_id,platform,audience,region,objective,theme,creative_id,creative_age_days,spend,impressions,clicks,ctr_pct,conversions,qualified_leads,opportunities,pipeline,arr,attribution_status,data_quality_flag
2026-05-07,C001,Google,Law Firm - Mid-Market,France,Demo,Security,CR025,1,209.53,6336,220,3.484,1,0,0,0,0,Mature,
2026-05-08,C001,Google,Law Firm - Mid-Market,France,Demo,Security,CR025,2,182.4,6105,206,3.383,1,0,0,0,0,Mature,
2026-05-09,C001,Google,Law Firm - Mid-Market,France,Demo,Security,CR025,3,147.75,4802,127,2.655,0,0,0,0,0,Mature,
2026-05-10,C001,Google,Law Firm - Mid-Market,France,Demo,Security,CR025,4,134.14,4172,119,2.863,0,0,0,0,0,Mature,
2026-05-11,C001,Google,Law Firm - Mid-Market,France,Demo,Security,CR025,5,248.4,8150,227,2.794,1,0,0,0,0,Mature,
2026-05-12,C001,Google,Law Firm - Mid-Market,France,Demo,Security,CR025,6,261.38,8974,230,2.569,1,0,0,0,0,Mature,
2026-05-13,C001,Google,Law Firm - Mid-Market,France,Demo,Security,CR025,7,189.37,6119,205,3.36,1,0,0,0,0,Mature,
2026-05-14,C001,Google,Law Firm - Mid-Market,France,Demo,Security,CR025,8,262.94,7469,200,2.683,1,0,0,0,0,Mature,
2026-05-15,C001,Google,Law Firm - Mid-Market,France,Demo,Security,CR025,9,259.54,7507,270,3.609,1,0,0,0,0,Mature,
2026-05-16,C001,Google,Law Firm - Mid-Market,France,Demo,Security,CR025,10,134.92,4240,153,3.619,0,0,0,0,0,Mature,
2026-05-17,C001,Google,Law Firm - Mid-Market,France,Demo,Security,CR025,11,159.02,4658,146,3.149,0,0,0,0,0,Mature,
2026-05-18,C001,Google,Law Firm - Mid-Market,France,Demo,Security,CR025,12,200.4,6473,215,3.322,1,0,0,0,0,Mature,
2026-05-19,C001,Google,Law Firm - Mid-Market,France,Demo,Security,CR025,13,230.28,6640,221,3.336,1,0,0,0,0,Mature,
2026-05-20,C001,Google,Law Firm - Mid-Market,France,Demo,Security,CR025,14,235.62,7492,211,2.825,1,0,0,0,0,Mature,
2026-05-21,C001,Google,Law Firm - Mid-Market,France,Demo,Security,CR025,15,198.4,5619,167,2.976,0,0,0,0,0,Mature,
2026-05-22,C001,Google,Law Firm - Mid-Market,France,Demo,Security,CR025,16,266.21,9079,287,3.17,1,0,0,0,0,Mature,
2026-05-23,C001,Google,Law Firm - Mid-Market,France,Demo,Security,CR025,17,156.82,4598,131,2.865,0,0,0,0,0,Mature,
2026-05-24,C001,Google,Law Firm - Mid-Market,France,Demo,Security,CR025,18,137.19,3881,133,3.442,0,0,0,0,0,Mature,
2026-05-25,C001,Google,Law Firm - Mid-Market,France,Demo,Security,CR025,19,267.26,7533,200,2.661,0,0,0,0,0,Mature,
2026-05-26,C001,Google,Law Firm - Mid-Market,France,Demo,Security,CR025,20,262.79,8426,281,3.336,1,0,0,0,0,Mature,
2026-05-27,C001,Google,Law Firm - Mid-Market,France,Demo,Security,CR025,21,263.27,8690,281,3.235,1,0,0,0,0,Mature,
2026-05-28,C001,Google,Law Firm - Mid-Market,France,Demo,Security,CR025,22,266.01,8624,224,2.604,1,0,0,0,0,Mature,
2026-05-29,C001,Google,Law Firm - Mid-Market,France,Demo,Security,CR025,23,254.06,8149,228,2.799,1,0,0,0,0,Mature,
2026-05-30,C001,Google,Law Firm - Mid-Market,France,Demo,Security,CR025,24,157.3,5384,149,2.778,1,0,0,0,0,Mature,
2026-05-31,C001,Google,Law Firm - Mid-Market,France,Demo,Security,CR025,25,129.69,4306,129,3.013,0,0,0,0,0,Mature,
2026-06-01,C001,Google,Law Firm - Mid-Market,France,Demo,Security,CR025,26,243.35,7282,193,2.663,0,0,0,0,0,Mature,
2026-06-02,C001,Google,Law Firm - Mid-Market,France,Demo,Security,CR025,27,224.25,7113,197,2.779,1,0,0,0,0,Mature,
2026-06-03,C001,Google,Law Firm - Mid-Market,France,Demo,Security,CR025,28,264.36,8514,257,3.028,1,0,0,0,0,Mature,
2026-06-04,C001,Google,Law Firm - Mid-Market,France,Demo,Security,CR025,29,229.33,6492,181,2.802,1,0,0,0,0,Mature,
2026-06-05,C001,Google,Law Firm - Mid-Market,France,Demo,Security,CR025,30,221.45,6916,209,3.03,1,0,0,0,0,Mature,
2026-06-06,C001,Google,Law Firm - Mid-Market,France,Demo,Security,CR025,31,129.33,4430,115,2.602,0,0,0,0,0,Mature,
2026-06-07,C001,Google,Law Firm - Mid-Market,France,Demo,Security,CR025,32,145.13,4366,153,3.525,0,0,0,0,0,Mature,
2026-06-08,C001,Google,Law Firm - Mid-Market,France,Demo,Security,CR025,33,190.19,5975,169,2.838,1,0,0,0,0,Mature,
2026-06-09,C001,Google,Law Firm - Mid-Market,France,Demo,Security,CR025,34,267.72,7720,234,3.036,1,0,0,0,0,Mature,
2026-06-10,C001,Google,Law Firm - Mid-Market,France,Demo,Security,CR025,35,235.46,7260,227,3.137,1,0,0,0,0,Mature,
2026-06-11,C001,Google,Law Firm - Mid-Market,France,Demo,Security,CR025,36,186.5,5351,180,3.367,1,0,0,0,0,Mature,
2026-06-12,C001,Google,Law Firm - Mid-Market,France,Demo,Security,CR025,37,234.82,7970,287,3.613,1,0,0,0,0,Mature,
2026-06-13,C001,Google,Law Firm - Mid-Market,France,Demo,Security,CR025,38,132.4,4157,148,3.571,0,0,0,0,0,Mature,
2026-06-14,C001,Google,Law Firm - Mid-Market,France,Demo,Security,CR025,39,133.4,3865,101,2.625,0,0,0,0,0,Mature,
2026-06-15,C001,Google,Law Firm - Mid-Market,France,Demo,Security,CR025,40,246.64,7262,189,2.616,1,0,0,0,0,Mature,
2026-06-16,C001,Google,Law Firm - Mid-Market,France,Demo,Security,CR025,41,237.41,7713,200,2.6,1,0,0,0,0,Mature,
2026-06-17,C001,Google,Law Firm - Mid-Market,France,Demo,Security,CR025,42,262.84,9001,300,3.34,2,1,0,0,0,Immature,
2026-06-18,C001,Google,Law Firm - Mid-Market,France,Demo,Security,CR025,43,246.8,7334,251,3.431,1,0,0,0,0,Immature,
2026-06-19,C001,Google,Law Firm - Mid-Market,France,Demo,Security,CR025,44,193.78,5850,190,3.262,1,0,0,0,0,Immature,
2026-06-20,C001,Google,Law Firm - Mid-Market,France,Demo,Security,CR025,45,163.81,4808,139,2.9,0,0,0,0,0,Immature,
2026-06-21,C001,Google,Law Firm - Mid-Market,France,Demo,Security,CR025,46,123.96,4200,141,3.364,0,0,0,0,0,Immature,
2026-06-22,C001,Google,Law Firm - Mid-Market,France,Demo,Security,CR025,47,219.19,6619,219,3.32,1,0,0,0,0,Immature,
2026-06-23,C001,Google,Law Firm - Mid-Market,France,Demo,Security,CR025,48,266.56,9130,290,3.179,1,0,0,0,0,Immature,
2026-06-24,C001,Google,Law Firm - Mid-Market,France,Demo,Security,CR025,49,243.64,7551,242,3.206,1,0,0,0,0,Immature,
2026-06-25,C001,Google,Law Firm - Mid-Market,France,Demo,Security,CR025,50,256.39,8649,237,2.75,1,0,0,0,0,Immature,
2026-06-26,C001,Google,Law Firm - Mid-Market,France,Demo,Security,CR025,51,234.88,8062,248,3.08,1,0,0,,,Immature,Missing CRM attribution
2026-06-27,C001,Google,Law Firm - Mid-Market,France,Demo,Security,CR025,52,140.97,4040,132,3.283,0,0,0,0,0,Immature,
2026-06-28,C001,Google,Law Firm - Mid-Market,France,Demo,Security,CR025,53,119.83,3875,140,3.616,0,0,0,0,0,Immature,
2026-06-29,C001,Google,Law Firm - Mid-Market,France,Demo,Security,CR025,54,261.83,7505,207,2.764,1,0,0,0,0,Immature,
2026-06-30,C001,Google,Law Firm - Mid-Market,France,Demo,Security,CR025,55,226.97,7320,214,2.93,1,0,0,0,0,Immature,
2026-01-31,C002,LinkedIn,Law Firm - Enterprise,US,Demo,ROI,CR001,1,166.37,2607,32,1.245,0,0,0,0,0,Mature,
2026-02-01,C002,LinkedIn,Law Firm - Enterprise,US,Demo,ROI,CR001,2,245.68,3439,42,1.231,0,0,0,0,0,Mature,
2026-02-02,C002,LinkedIn,Law Firm - Enterprise,US,Demo,ROI,CR001,3,264.84,3529,44,1.252,0,0,0,0,0,Mature,
2026-02-03,C002,LinkedIn,Law Firm - Enterprise,US,Demo,ROI,CR001,4,344.02,5418,58,1.082,0,0,0,0,0,Mature,
2026-02-04,C002,LinkedIn,Law Firm - Enterprise,US,Demo,ROI,CR001,5,321.33,4789,54,1.129,0,0,0,0,0,Mature,
2026-02-05,C002,LinkedIn,Law Firm - Enterprise,US,Demo,ROI,CR001,6,295.32,4650,45,0.98,0,0,0,0,0,Mature,
2026-02-06,C002,LinkedIn,Law Firm - Enterprise,US,Demo,ROI,CR001,7,267.77,3787,33,0.888,0,0,0,0,0,Mature,
2026-02-07,C002,LinkedIn,Law Firm - Enterprise,US,Demo,ROI,CR001,8,168.89,2467,23,0.955,0,0,0,0,0,Mature,
2026-02-08,C002,LinkedIn,Law Firm - Enterprise,US,Demo,ROI,CR001,9,207.04,2836,35,1.242,0,0,0,0,0,Mature,
2026-02-09,C002,LinkedIn,Law Firm - Enterprise,US,Demo,ROI,CR001,10,269.69,4353,43,0.99,0,0,0,0,0,Mature,
2026-02-10,C002,LinkedIn,Law Firm - Enterprise,US,Demo,ROI,CR001,11,376.86,5920,69,1.168,0,0,0,0,0,Mature,
2026-02-11,C002,LinkedIn,Law Firm - Enterprise,US,Demo,ROI,CR001,12,356.52,5326,67,1.262,0,0,0,0,0,Mature,
2026-02-12,C002,LinkedIn,Law Firm - Enterprise,US,Demo,ROI,CR001,13,351.03,5581,66,1.195,0,0,0,0,0,Mature,
2026-02-13,C002,LinkedIn,Law Firm - Enterprise,US,Demo,ROI,CR001,14,303.89,4060,43,1.078,0,0,0,0,0,Mature,
2026-02-14,C002,LinkedIn,Law Firm - Enterprise,US,Demo,ROI,CR001,15,180.43,2916,35,1.226,0,0,0,0,0,Mature,
2026-02-15,C002,LinkedIn,Law Firm - Enterprise,US,Demo,ROI,CR001,16,243.14,3528,34,0.988,0,0,0,0,0,Mature,
2026-02-16,C002,LinkedIn,Law Firm - Enterprise,US,Demo,ROI,CR001,17,274.68,4317,54,1.263,0,0,0,0,0,Mature,
2026-02-17,C002,LinkedIn,Law Firm - Enterprise,US,Demo,ROI,CR001,18,289.66,4599,47,1.035,0,0,0,0,0,Mature,
2026-02-18,C002,LinkedIn,Law Firm - Enterprise,US,Demo,ROI,CR001,19,301.41,4450,43,0.98,0,0,0,0,0,Mature,
2026-02-19,C002,LinkedIn,Law Firm - Enterprise,US,Demo,ROI,CR001,20,316.37,5001,61,1.221,0,0,0,0,0,Mature,
2026-02-20,C002,LinkedIn,Law Firm - Enterprise,US,Demo,ROI,CR001,21,370.43,5502,58,1.064,0,0,0,0,0,Mature,
2026-02-21,C002,LinkedIn,Law Firm - Enterprise,US,Demo,ROI,CR001,22,165.71,2368,24,1.028,0,0,0,0,0,Mature,
2026-02-22,C002,LinkedIn,Law Firm - Enterprise,US,Demo,ROI,CR001,23,170.57,2700,32,1.194,0,0,0,0,0,Mature,
2026-02-23,C002,LinkedIn,Law Firm - Enterprise,US,Demo,ROI,CR001,24,294.27,4202,52,1.245,0,0,0,0,0,Mature,
2026-02-24,C002,LinkedIn,Law Firm - Enterprise,US,Demo,ROI,CR001,25,376.46,5534,59,1.08,0,0,0,0,0,Mature,
2026-02-25,C002,LinkedIn,Law Firm - Enterprise,US,Demo,ROI,CR001,26,257.21,3441,34,0.991,0,0,0,0,0,Mature,
2026-02-26,C002,LinkedIn,Law Firm - Enterprise,US,Demo,ROI,CR001,27,252.41,3670,37,1.031,0,0,0,0,0,Mature,
2026-02-27,C002,LinkedIn,Law Firm - Enterprise,US,Demo,ROI,CR001,28,279.42,4212,41,0.981,0,0,0,0,0,Mature,
2026-02-28,C002,LinkedIn,Law Firm - Enterprise,US,Demo,ROI,CR001,29,240.01,3253,32,0.993,0,0,0,0,0,Mature,
2026-03-01,C002,LinkedIn,Law Firm - Enterprise,US,Demo,ROI,CR001,30,193.25,2700,28,1.048,0,0,0,0,0,Mature,
2026-03-02,C002,LinkedIn,Law Firm - Enterprise,US,Demo,ROI,CR001,31,312.54,4548,41,0.905,0,0,0,0,0,Mature,
2026-03-03,C002,LinkedIn,Law Firm - Enterprise,US,Demo,ROI,CR001,32,296.79,4390,43,0.987,0,0,0,0,0,Mature,
2026-03-04,C002,LinkedIn,Law Firm - Enterprise,US,Demo,ROI,CR001,33,315.42,5005,58,1.163,0,0,0,0,0,Mature,
2026-03-05,C002,LinkedIn,Law Firm - Enterprise,US,Demo,ROI,CR001,34,299.18,4475,51,1.16,0,0,0,0,0,Mature,
2026-03-03,C003,Meta,Law Firm - Enterprise,US,Demo,Customer Proof,CR015,1,564.05,30200,577,1.911,5,1,0,0,0,Mature,
2026-03-04,C003,Meta,Law Firm - Enterprise,US,Demo,Customer Proof,CR015,2,647.68,37145,681,1.834,5,1,0,0,0,Mature,
2026-03-05,C003,Meta,Law Firm - Enterprise,US,Demo,Customer Proof,CR015,3,720.46,41575,595,1.432,5,1,0,0,0,Mature,
2026-03-06,C003,Meta,Law Firm - Enterprise,US,Demo,Customer Proof,CR015,4,654.54,34549,553,1.602,3,0,0,0,0,Mature,
2026-03-07,C003,Meta,Law Firm - Enterprise,US,Demo,Customer Proof,CR015,5,416.77,22641,427,1.887,2,0,0,0,0,Mature,
2026-03-08,C003,Meta,Law Firm - Enterprise,US,Demo,Customer Proof,CR015,6,358.56,20017,382,1.912,3,1,0,0,0,Mature,
2026-03-09,C003,Meta,Law Firm - Enterprise,US,Demo,Customer Proof,CR015,7,698.34,36003,591,1.643,4,1,0,0,0,Mature,
2026-03-10,C003,Meta,Law Firm - Enterprise,US,Demo,Customer Proof,CR015,8,565.15,27745,400,1.443,3,1,0,0,0,Mature,
2026-03-11,C003,Meta,Law Firm - Enterprise,US,Demo,Customer Proof,CR015,9,696.19,36495,491,1.347,3,0,0,0,0,Mature,
2026-03-12,C003,Meta,Law Firm - Enterprise,US,Demo,Customer Proof,CR015,10,717.09,39469,570,1.445,4,1,0,0,0,Mature,
2026-03-13,C003,Meta,Law Firm - Enterprise,US,Demo,Customer Proof,CR015,11,558.2,27642,460,1.667,3,0,0,0,0,Mature,
2026-03-14,C003,Meta,Law Firm - Enterprise,US,Demo,Customer Proof,CR015,12,492.02,25453,353,1.389,2,0,0,0,0,Mature,
2026-03-15,C003,Meta,Law Firm - Enterprise,US,Demo,Customer Proof,CR015,13,496.46,26500,448,1.693,3,1,0,0,0,Mature,
2026-03-16,C003,Meta,Law Firm - Enterprise,US,Demo,Customer Proof,CR015,14,662.98,37160,563,1.516,4,1,0,0,0,Mature,
2026-03-17,C003,Meta,Law Firm - Enterprise,US,Demo,Customer Proof,CR015,15,794.83,38054,698,1.836,6,2,0,0,0,Mature,
2026-03-18,C003,Meta,Law Firm - Enterprise,US,Demo,Customer Proof,CR015,16,629.46,30882,558,1.809,4,1,0,0,0,Mature,
2026-03-19,C003,Meta,Law Firm - Enterprise,US,Demo,Customer Proof,CR015,17,597.91,33932,496,1.462,3,0,0,0,0,Mature,
2026-03-20,C003,Meta,Law Firm - Enterprise,US,Demo,Customer Proof,CR015,18,803.56,38712,528,1.365,4,1,0,0,0,Mature,
2026-03-21,C003,Meta,Law Firm - Enterprise,US,Demo,Customer Proof,CR015,19,434.13,20784,383,1.845,2,0,0,0,0,Mature,
2026-03-22,C003,Meta,Law Firm - Enterprise,US,Demo,Customer Proof,CR015,20,483.54,25814,487,1.89,3,1,0,0,0,Mature,
2026-03-23,C003,Meta,Law Firm - Enterprise,US,Demo,Customer Proof,CR015,21,648.54,31497,430,1.367,4,1,0,0,0,Mature,
2026-03-24,C003,Meta,Law Firm - Enterprise,US,Demo,Customer Proof,CR015,22,599.88,30925,521,1.686,5,1,0,0,0,Mature,
2026-03-25,C003,Meta,Law Firm - Enterprise,US,Demo,Customer Proof,CR015,23,591.98,29467,538,1.828,5,1,0,0,0,Mature,
2026-03-26,C003,Meta,Law Firm - Enterprise,US,Demo,Customer Proof,CR015,24,595.71,29722,548,1.845,3,0,0,0,0,Mature,
2026-03-27,C003,Meta,Law Firm - Enterprise,US,Demo,Customer Proof,CR015,25,800.83,44319,616,1.39,4,1,0,0,0,Mature,
2026-03-28,C003,Meta,Law Firm - Enterprise,US,Demo,Customer Proof,CR015,26,490.97,23871,350,1.47,3,1,0,0,0,Mature,
2026-03-29,C003,Meta,Law Firm - Enterprise,US,Demo,Customer Proof,CR015,27,490.87,23781,345,1.453,3,1,0,0,0,Mature,
2026-03-30,C003,Meta,Law Firm - Enterprise,US,Demo,Customer Proof,CR015,28,786.34,37896,724,1.911,5,1,0,0,0,Mature,
2026-03-31,C003,Meta,Law Firm - Enterprise,US,Demo,Customer Proof,CR015,29,568.95,28594,482,1.688,4,1,0,0,0,Mature,
2026-04-01,C003,Meta,Law Firm - Enterprise,US,Demo,Customer Proof,CR015,30,808.44,46439,726,1.564,6,1,0,0,0,Mature,
2026-04-02,C003,Meta,Law Firm - Enterprise,US,Demo,Customer Proof,CR015,31,767.31,41048,729,1.777,5,1,0,0,0,Mature,
2026-04-03,C003,Meta,Law Firm - Enterprise,US,Demo,Customer Proof,CR015,32,641.62,35979,512,1.424,4,1,0,0,0,Mature,
2026-04-04,C003,Meta,Law Firm - Enterprise,US,Demo,Customer Proof,CR015,33,492.64,27689,401,1.451,3,1,0,0,0,Mature,
2026-04-05,C003,Meta,Law Firm - Enterprise,US,Demo,Customer Proof,CR015,34,409.82,21032,338,1.61,3,1,0,0,0,Mature,
2026-04-06,C003,Meta,Law Firm - Enterprise,US,Demo,Customer Proof,CR015,35,657.26,34681,529,1.527,4,1,0,0,0,Mature,
2026-04-07,C003,Meta,Law Firm - Enterprise,US,Demo,Customer Proof,CR015,36,801.83,41885,789,1.885,6,1,0,0,0,Mature,
2026-04-08,C003,Meta,Law Firm - Enterprise,US,Demo,Customer Proof,CR015,37,602.11,31817,501,1.575,3,1,0,0,0,Mature,
2026-04-09,C003,Meta,Law Firm - Enterprise,US,Demo,Customer Proof,CR015,38,808.76,40149,691,1.721,4,1,0,0,0,Mature,
2026-04-10,C003,Meta,Law Firm - Enterprise,US,Demo,Customer Proof,CR015,39,799.98,44836,837,1.868,5,1,0,0,0,Mature,
2026-04-11,C003,Meta,Law Firm - Enterprise,US,Demo,Customer Proof,CR015,40,500.46,24970,409,1.641,3,0,0,0,0,Mature,
2026-04-12,C003,Meta,Law Firm - Enterprise,US,Demo,Customer Proof,CR015,41,456.25,24674,461,1.871,3,0,0,0,0,Mature,
2026-04-13,C003,Meta,Law Firm - Enterprise,US,Demo,Customer Proof,CR015,42,585.4,27938,430,1.542,3,0,0,0,0,Mature,
2026-04-14,C003,Meta,Law Firm - Enterprise,US,Demo,Customer Proof,CR015,43,567.51,27416,426,1.556,3,0,0,0,0,Mature,
2026-04-15,C003,Meta,Law Firm - Enterprise,US,Demo,Customer Proof,CR015,44,782.91,44906,684,1.525,5,1,0,0,0,Mature,
2026-04-16,C003,Meta,Law Firm - Enterprise,US,Demo,Customer Proof,CR015,45,623.93,32302,469,1.454,2,0,0,0,0,Mature,
2026-04-17,C003,Meta,Law Firm - Enterprise,US,Demo,Customer Proof,CR015,46,612.05,35359,483,1.366,4,1,0,0,0,Mature,
2026-04-18,C003,Meta,Law Firm - Enterprise,US,Demo,Customer Proof,CR015,47,517.93,26485,339,1.281,3,1,0,0,0,Mature,
2026-04-19,C003,Meta,Law Firm - Enterprise,US,Demo,Customer Proof,CR015,48,432.4,24521,332,1.356,2,0,0,0,0,Mature,
2026-04-20,C003,Meta,Law Firm - Enterprise,US,Demo,Customer Proof,CR015,49,565.94,26965,354,1.315,2,0,0,0,0,Mature,
2026-04-21,C003,Meta,Law Firm - Enterprise,US,Demo,Customer Proof,CR015,50,792.83,38704,617,1.596,5,1,0,0,0,Mature,
2026-03-01,C004,Google,Law Firm - Mid-Market,UK,Content Download,Speed,CR029,1,312.99,9026,319,3.54,10,7,1,42569,13563,Mature,
2026-03-02,C004,Google,Law Firm - Mid-Market,UK,Content Download,Speed,CR029,2,382.2,12184,392,3.219,13,8,1,48883,13748,Mature,
2026-03-03,C004,Google,Law Firm - Mid-Market,UK,Content Download,Speed,CR029,3,386.97,12176,393,3.232,13,9,1,45913,12076,Mature,
2026-03-04,C004,Google,Law Firm - Mid-Market,UK,Content Download,Speed,CR029,4,422.54,14189,629,4.434,13,8,1,31583,7786,Mature,
2026-03-05,C004,Google,Law Firm - Mid-Market,UK,Content Download,Speed,CR029,5,428.5,13497,592,4.393,20,8,0,0,0,Mature,
2026-03-06,C004,Google,Law Firm - Mid-Market,UK,Content Download,Speed,CR029,6,374.27,12696,562,4.433,19,10,1,87821,20336,Mature,
2026-03-07,C004,Google,Law Firm - Mid-Market,UK,Content Download,Speed,CR029,7,311.78,10446,339,3.254,10,4,0,0,0,Mature,
2026-03-08,C004,Google,Law Firm - Mid-Market,UK,Content Download,Speed,CR029,8,277.0,7878,327,4.159,7,4,0,0,0,Mature,
2026-03-09,C004,Google,Law Firm - Mid-Market,UK,Content Download,Speed,CR029,9,499.13,16627,583,3.507,17,12,1,62027,18674,Mature,
2026-03-10,C004,Google,Law Firm - Mid-Market,UK,Content Download,Speed,CR029,10,401.6,13480,434,3.224,13,6,0,0,0,Mature,
2026-03-11,C004,Google,Law Firm - Mid-Market,UK,Content Download,Speed,CR029,11,531.87,15877,538,3.394,13,7,1,28514,8208,Mature,
2026-03-12,C004,Google,Law Firm - Mid-Market,UK,Content Download,Speed,CR029,12,408.74,13447,561,4.175,15,6,0,0,0,Mature,
2026-03-13,C004,Google,Law Firm - Mid-Market,UK,Content Download,Speed,CR029,13,485.34,14893,487,3.273,14,8,0,0,0,Mature,
2026-03-14,C004,Google,Law Firm - Mid-Market,UK,Content Download,Speed,CR029,14,288.28,9011,348,3.87,11,6,0,0,0,Mature,
2026-03-15,C004,Google,Law Firm - Mid-Market,UK,Content Download,Speed,CR029,15,256.24,8475,312,3.685,8,4,0,0,0,Mature,
2026-03-16,C004,Google,Law Firm - Mid-Market,UK,Content Download,Speed,CR029,16,521.69,17652,683,3.872,18,8,0,0,0,Mature,
2026-03-17,C004,Google,Law Firm - Mid-Market,UK,Content Download,Speed,CR029,17,491.7,14039,488,3.478,12,6,0,0,0,Mature,
2026-03-18,C004,Google,Law Firm - Mid-Market,UK,Content Download,Speed,CR029,18,474.76,13710,596,4.353,19,11,1,50791,12753,Mature,
2026-03-19,C004,Google,Law Firm - Mid-Market,UK,Content Download,Speed,CR029,19,522.43,17531,760,4.338,19,12,2,77436,24064,Mature,
2026-03-20,C004,Google,Law Firm - Mid-Market,UK,Content Download,Speed,CR029,20,361.01,11882,431,3.631,13,8,0,0,0,Mature,
2026-03-21,C004,Google,Law Firm - Mid-Market,UK,Content Download,Speed,CR029,21,240.64,8097,283,3.498,7,3,0,0,0,Mature,
2026-03-22,C004,Google,Law Firm - Mid-Market,UK,Content Download,Speed,CR029,22,334.33,10079,409,4.063,14,9,1,83974,28430,Mature,
2026-03-23,C004,Google,Law Firm - Mid-Market,UK,Content Download,Speed,CR029,23,476.78,13658,543,3.98,18,10,1,65260,16676,Mature,
2026-03-24,C004,Google,Law Firm - Mid-Market,UK,Content Download,Speed,CR029,24,508.07,15260,591,3.878,14,7,0,0,0,Mature,
2026-03-25,C004,Google,Law Firm - Mid-Market,UK,Content Download,Speed,CR029,25,489.48,14054,511,3.638,17,7,1,65638,16342,Mature,
2026-03-26,C004,Google,Law Firm - Mid-Market,UK,Content Download,Speed,CR029,26,450.04,14623,529,3.622,13,8,0,0,0,Mature,
2026-03-27,C004,Google,Law Firm - Mid-Market,UK,Content Download,Speed,CR029,27,520.1,14813,570,3.848,19,10,1,66305,14681,Mature,
2026-03-28,C004,Google,Law Firm - Mid-Market,UK,Content Download,Speed,CR029,28,339.11,11489,437,3.807,9,6,0,0,0,Mature,
2026-03-29,C004,Google,Law Firm - Mid-Market,UK,Content Download,Speed,CR029,29,316.96,9926,327,3.3,8,4,0,0,0,Mature,
2026-03-30,C004,Google,Law Firm - Mid-Market,UK,Content Download,Speed,CR029,30,439.73,14982,623,4.161,16,11,1,44811,11587,Mature,
2026-03-31,C004,Google,Law Firm - Mid-Market,UK,Content Download,Speed,CR029,31,364.18,12493,470,3.767,14,8,1,87433,20427,Mature,
2026-04-01,C004,Google,Law Firm - Mid-Market,UK,Content Download,Speed,CR029,32,367.85,10634,471,4.431,13,5,0,0,0,Mature,
2026-04-02,C004,Google,Law Firm - Mid-Market,UK,Content Download,Speed,CR029,33,381.69,12339,409,3.321,11,6,0,0,0,Mature,
2026-04-03,C004,Google,Law Firm - Mid-Market,UK,Content Download,Speed,CR029,34,470.18,13411,585,4.366,13,8,1,59743,13829,Mature,
2026-04-04,C004,Google,Law Firm - Mid-Market,UK,Content Download,Speed,CR029,35,300.24,9142,361,3.952,8,4,0,0,0,Mature,
2026-04-05,C004,Google,Law Firm - Mid-Market,UK,Content Download,Speed,CR029,36,318.82,9123,395,4.334,8,5,0,0,0,Mature,
2026-04-06,C004,Google,Law Firm - Mid-Market,UK,Content Download,Speed,CR029,37,532.36,16075,611,3.803,14,9,1,57602,15916,Mature,
2026-04-07,C004,Google,Law Firm - Mid-Market,UK,Content Download,Speed,CR029,38,509.52,15773,534,3.386,15,6,0,0,0,Mature,
2026-04-08,C004,Google,Law Firm - Mid-Market,UK,Content Download,Speed,CR029,39,479.54,15014,650,4.333,19,8,1,30797,8725,Mature,
2026-04-09,C004,Google,Law Firm - Mid-Market,UK,Content Download,Speed,CR029,40,362.8,11178,354,3.172,9,5,0,0,0,Mature,
2026-02-24,C005,LinkedIn,Law Firm - Enterprise,US,Webinar,Workflow Automation,CR020,1,752.89,11729,110,0.942,1,0,0,0,0,Mature,
2026-02-25,C005,LinkedIn,Law Firm - Enterprise,US,Webinar,Workflow Automation,CR020,2,821.56,10942,98,0.9,1,0,0,0,0,Mature,
2026-02-26,C005,LinkedIn,Law Firm - Enterprise,US,Webinar,Workflow Automation,CR020,3,760.6,10903,119,1.096,1,0,0,0,0,Mature,
2026-02-27,C005,LinkedIn,Law Firm - Enterprise,US,Webinar,Workflow Automation,CR020,4,921.28,12564,123,0.984,2,0,0,0,0,Mature,
2026-02-28,C005,LinkedIn,Law Firm - Enterprise,US,Webinar,Workflow Automation,CR020,5,675.78,10807,116,1.08,2,1,0,0,0,Mature,
2026-03-01,C005,LinkedIn,Law Firm - Enterprise,US,Webinar,Workflow Automation,CR020,6,653.01,9570,86,0.908,1,0,0,0,0,Mature,
2026-03-02,C005,LinkedIn,Law Firm - Enterprise,US,Webinar,Workflow Automation,CR020,7,767.87,11181,109,0.98,1,0,0,,,Mature,Missing CRM attribution
2026-03-03,C005,LinkedIn,Law Firm - Enterprise,US,Webinar,Workflow Automation,CR020,8,880.99,11777,114,0.976,2,1,0,0,0,Mature,
2026-03-04,C005,LinkedIn,Law Firm - Enterprise,US,Webinar,Workflow Automation,CR020,9,919.85,13500,163,1.208,3,2,0,0,0,Mature,
2026-03-05,C005,LinkedIn,Law Firm - Enterprise,US,Webinar,Workflow Automation,CR020,10,1014.07,14234,162,1.144,2,1,0,0,0,Mature,
2026-03-06,C005,LinkedIn,Law Firm - Enterprise,US,Webinar,Workflow Automation,CR020,11,909.86,13586,136,1.005,2,1,0,0,0,Mature,
2026-03-07,C005,LinkedIn,Law Firm - Enterprise,US,Webinar,Workflow Automation,CR020,12,566.31,8296,85,1.03,1,0,0,0,0,Mature,
2026-03-08,C005,LinkedIn,Law Firm - Enterprise,US,Webinar,Workflow Automation,CR020,13,655.27,8780,104,1.189,1,0,0,0,0,Mature,
2026-03-09,C005,LinkedIn,Law Firm - Enterprise,US,Webinar,Workflow Automation,CR020,14,771.75,11660,128,1.102,2,1,0,,,Mature,Missing CRM attribution
2026-03-10,C005,LinkedIn,Law Firm - Enterprise,US,Webinar,Workflow Automation,CR020,15,911.47,13494,165,1.224,2,1,0,0,0,Mature,
2026-03-11,C005,LinkedIn,Law Firm - Enterprise,US,Webinar,Workflow Automation,CR020,16,856.3,11616,141,1.218,3,1,0,0,0,Mature,
2026-03-12,C005,LinkedIn,Law Firm - Enterprise,US,Webinar,Workflow Automation,CR020,17,1042.59,16696,144,0.866,2,0,0,0,0,Mature,
2026-03-13,C005,LinkedIn,Law Firm - Enterprise,US,Webinar,Workflow Automation,CR020,18,1076.34,14548,162,1.115,2,0,0,0,0,Mature,
2026-03-14,C005,LinkedIn,Law Firm - Enterprise,US,Webinar,Workflow Automation,CR020,19,480.49,7224,83,1.152,1,0,0,0,0,Mature,
2026-03-15,C005,LinkedIn,Law Firm - Enterprise,US,Webinar,Workflow Automation,CR020,20,627.5,8700,75,0.866,1,0,0,0,0,Mature,
2026-03-16,C005,LinkedIn,Law Firm - Enterprise,US,Webinar,Workflow Automation,CR020,21,739.73,11041,99,0.903,1,0,0,0,0,Mature,
2026-03-17,C005,LinkedIn,Law Firm - Enterprise,US,Webinar,Workflow Automation,CR020,22,863.79,13966,123,0.887,2,1,0,0,0,Mature,
2026-03-18,C005,LinkedIn,Law Firm - Enterprise,US,Webinar,Workflow Automation,CR020,23,782.55,10482,96,0.924,2,0,0,0,0,Mature,
2026-03-19,C005,LinkedIn,Law Firm - Enterprise,US,Webinar,Workflow Automation,CR020,24,1000.35,13417,154,1.15,2,0,0,0,0,Mature,
2026-03-20,C005,LinkedIn,Law Firm - Enterprise,US,Webinar,Workflow Automation,CR020,25,830.1,11703,103,0.885,2,0,0,0,0,Mature,
2026-03-21,C005,LinkedIn,Law Firm - Enterprise,US,Webinar,Workflow Automation,CR020,26,675.36,10800,125,1.16,2,1,0,0,0,Mature,
2026-03-22,C005,LinkedIn,Law Firm - Enterprise,US,Webinar,Workflow Automation,CR020,27,656.11,10351,106,1.029,2,0,0,0,0,Mature,
2026-03-23,C005,LinkedIn,Law Firm - Enterprise,US,Webinar,Workflow Automation,CR020,28,790.38,12492,117,0.938,2,1,0,0,0,Mature,
2026-03-24,C005,LinkedIn,Law Firm - Enterprise,US,Webinar,Workflow Automation,CR020,29,800.23,10744,129,1.202,2,0,0,0,0,Mature,
2026-03-25,C005,LinkedIn,Law Firm - Enterprise,US,Webinar,Workflow Automation,CR020,30,1030.48,14190,131,0.926,2,1,0,0,0,Mature,
2026-03-26,C005,LinkedIn,Law Firm - Enterprise,US,Webinar,Workflow Automation,CR020,31,1027.5,15658,166,1.061,2,1,0,0,0,Mature,
2026-03-27,C005,LinkedIn,Law Firm - Enterprise,US,Webinar,Workflow Automation,CR020,32,956.09,14330,129,0.901,2,0,0,0,0,Mature,
2026-03-28,C005,LinkedIn,Law Firm - Enterprise,US,Webinar,Workflow Automation,CR020,33,694.77,9458,111,1.174,2,1,0,0,0,Mature,
2026-03-29,C005,LinkedIn,Law Firm - Enterprise,US,Webinar,Workflow Automation,CR020,34,617.74,9112,95,1.044,1,0,0,0,0,Mature,
2026-03-30,C005,LinkedIn,Law Firm - Enterprise,US,Webinar,Workflow Automation,CR020,35,929.68,12517,137,1.099,2,1,0,0,0,Mature,
2026-03-31,C005,LinkedIn,Law Firm - Enterprise,US,Webinar,Workflow Automation,CR020,36,737.97,11017,124,1.13,1,0,0,0,0,Mature,
2026-04-01,C005,LinkedIn,Law Firm - Enterprise,US,Webinar,Workflow Automation,CR020,37,733.52,9955,101,1.017,1,0,0,0,0,Mature,
2026-04-02,C005,LinkedIn,Law Firm - Enterprise,US,Webinar,Workflow Automation,CR020,38,998.83,14097,146,1.041,2,0,0,0,0,Mature,
2026-04-03,C005,LinkedIn,Law Firm - Enterprise,US,Webinar,Workflow Automation,CR020,39,1042.04,14026,139,0.995,2,1,0,0,0,Mature,
2026-04-04,C005,LinkedIn,Law Firm - Enterprise,US,Webinar,Workflow Automation,CR020,40,511.76,7344,72,0.982,1,0,0,0,0,Mature,
2026-04-05,C005,LinkedIn,Law Firm - Enterprise,US,Webinar,Workflow Automation,CR020,41,590.14,8867,83,0.938,1,0,0,0,0,Mature,
2026-04-06,C005,LinkedIn,Law Firm - Enterprise,US,Webinar,Workflow Automation,CR020,42,794.79,10796,123,1.147,2,0,0,0,0,Mature,
2026-04-07,C005,LinkedIn,Law Firm - Enterprise,US,Webinar,Workflow Automation,CR020,43,903.46,12339,140,1.138,2,1,0,0,0,Mature,
2026-04-08,C005,LinkedIn,Law Firm - Enterprise,US,Webinar,Workflow Automation,CR020,44,939.24,12542,142,1.139,2,0,0,0,0,Mature,
2026-04-09,C005,LinkedIn,Law Firm - Enterprise,US,Webinar,Workflow Automation,CR020,45,971.0,13771,160,1.166,2,1,0,0,0,Mature,
2026-04-10,C005,LinkedIn,Law Firm - Enterprise,US,Webinar,Workflow Automation,CR020,46,1020.06,16476,145,0.886,2,1,0,0,0,Mature,
2026-04-11,C005,LinkedIn,Law Firm - Enterprise,US,Webinar,Workflow Automation,CR020,47,533.18,8618,97,1.131,1,0,0,0,0,Mature,
2026-04-12,C005,LinkedIn,Law Firm - Enterprise,US,Webinar,Workflow Automation,CR020,48,695.93,9490,82,0.87,1,0,0,0,0,Mature,
2026-04-13,C005,LinkedIn,Law Firm - Enterprise,US,Webinar,Workflow Automation,CR020,49,1031.98,15569,162,1.045,3,1,0,0,0,Mature,
2026-04-14,C005,LinkedIn,Law Firm - Enterprise,US,Webinar,Workflow Automation,CR020,50,1046.49,16004,173,1.081,3,1,0,0,0,Mature,
2026-04-15,C005,LinkedIn,Law Firm - Enterprise,US,Webinar,Workflow Automation,CR020,51,774.27,10315,112,1.086,2,0,0,0,0,Mature,
2026-04-16,C005,LinkedIn,Law Firm - Enterprise,US,Webinar,Workflow Automation,CR020,52,839.39,12892,112,0.876,1,0,0,0,0,Mature,
2026-04-17,C005,LinkedIn,Law Firm - Enterprise,US,Webinar,Workflow Automation,CR020,53,1045.95,15355,117,0.764,2,1,0,0,0,Mature,
2026-04-18,C005,LinkedIn,Law Firm - Enterprise,US,Webinar,Workflow Automation,CR020,54,482.86,6672,54,0.811,1,0,0,0,0,Mature,
2026-02-01,C006,Meta,In-House - Mid-Market,France,Webinar,AI Productivity,CR011,1,624.9,30939,521,1.686,14,3,0,0,0,Mature,
2026-02-02,C006,Meta,In-House - Mid-Market,France,Webinar,AI Productivity,CR011,2,957.55,47269,969,2.051,18,6,0,0,0,Mature,
2026-02-03,C006,Meta,In-House - Mid-Market,France,Webinar,AI Productivity,CR011,3,938.82,49763,870,1.749,20,4,0,0,0,Mature,
2026-02-04,C006,Meta,In-House - Mid-Market,France,Webinar,AI Productivity,CR011,4,836.8,45333,744,1.642,16,4,0,0,0,Mature,
2026-02-05,C006,Meta,In-House - Mid-Market,France,Webinar,AI Productivity,CR011,5,924.3,45769,768,1.679,18,4,0,0,0,Mature,
2026-02-06,C006,Meta,In-House - Mid-Market,France,Webinar,AI Productivity,CR011,6,862.11,45380,926,2.041,21,5,0,0,0,Mature,
2026-02-07,C006,Meta,In-House - Mid-Market,France,Webinar,AI Productivity,CR011,7,508.13,27965,597,2.137,14,4,0,0,0,Mature,
2026-02-08,C006,Meta,In-House - Mid-Market,France,Webinar,AI Productivity,CR011,8,683.3,36701,777,2.117,17,4,0,0,0,Mature,
2026-02-09,C006,Meta,In-House - Mid-Market,France,Webinar,AI Productivity,CR011,9,744.29,41912,730,1.742,19,5,0,0,0,Mature,
2026-02-10,C006,Meta,In-House - Mid-Market,France,Webinar,AI Productivity,CR011,10,815.64,40432,907,2.245,21,7,1,63514,15306,Mature,
2026-02-11,C006,Meta,In-House - Mid-Market,France,Webinar,AI Productivity,CR011,11,766.61,42871,790,1.844,20,5,0,0,0,Mature,
2026-02-12,C006,Meta,In-House - Mid-Market,France,Webinar,AI Productivity,CR011,12,917.66,50231,1056,2.104,24,6,0,0,0,Mature,
2026-02-13,C006,Meta,In-House - Mid-Market,France,Webinar,AI Productivity,CR011,13,848.19,43093,721,1.675,14,3,0,0,0,Mature,
2026-02-14,C006,Meta,In-House - Mid-Market,France,Webinar,AI Productivity,CR011,14,581.2,32508,679,2.091,17,5,0,0,0,Mature,
2026-02-15,C006,Meta,In-House - Mid-Market,France,Webinar,AI Productivity,CR011,15,566.65,32000,583,1.823,11,3,0,0,0,Mature,
2026-02-16,C006,Meta,In-House - Mid-Market,France,Webinar,AI Productivity,CR011,16,821.01,47149,811,1.72,20,5,0,0,0,Mature,
2026-02-17,C006,Meta,In-House - Mid-Market,France,Webinar,AI Productivity,CR011,17,875.33,43093,782,1.816,20,4,0,0,0,Mature,
2026-02-18,C006,Meta,In-House - Mid-Market,France,Webinar,AI Productivity,CR011,18,871.34,47931,1010,2.109,25,7,0,0,0,Mature,
2026-02-19,C006,Meta,In-House - Mid-Market,France,Webinar,AI Productivity,CR011,19,788.54,38942,694,1.783,18,4,0,,,Mature,Missing CRM attribution
2026-02-20,C006,Meta,In-House - Mid-Market,France,Webinar,AI Productivity,CR011,20,932.42,48314,787,1.63,19,5,0,0,0,Mature,
2026-02-21,C006,Meta,In-House - Mid-Market,France,Webinar,AI Productivity,CR011,21,530.87,29541,582,1.972,13,4,0,0,0,Mature,
2026-02-22,C006,Meta,In-House - Mid-Market,France,Webinar,AI Productivity,CR011,22,511.6,25671,461,1.797,11,2,0,0,0,Mature,
2026-02-23,C006,Meta,In-House - Mid-Market,France,Webinar,AI Productivity,CR011,23,1003.63,56638,1119,1.976,24,6,0,0,0,Mature,
2026-02-24,C006,Meta,In-House - Mid-Market,France,Webinar,AI Productivity,CR011,24,974.89,52057,994,1.91,23,6,0,0,0,Mature,
2026-02-25,C006,Meta,In-House - Mid-Market,France,Webinar,AI Productivity,CR011,25,1047.19,55420,1227,2.214,25,7,0,0,0,Mature,
2026-02-26,C006,Meta,In-House - Mid-Market,France,Webinar,AI Productivity,CR011,26,1018.62,53772,1097,2.042,23,6,0,0,0,Mature,
2026-02-27,C006,Meta,In-House - Mid-Market,France,Webinar,AI Productivity,CR011,27,831.46,41479,923,2.226,23,5,0,0,0,Mature,
2026-02-28,C006,Meta,In-House - Mid-Market,France,Webinar,AI Productivity,CR011,28,500.31,27812,612,2.203,12,2,0,0,0,Mature,
2026-03-01,C006,Meta,In-House - Mid-Market,France,Webinar,AI Productivity,CR011,29,634.42,32688,605,1.852,15,4,0,0,0,Mature,
2026-03-02,C006,Meta,In-House - Mid-Market,France,Webinar,AI Productivity,CR011,30,879.69,47026,922,1.962,25,7,0,0,0,Mature,
2026-03-03,C006,Meta,In-House - Mid-Market,France,Webinar,AI Productivity,CR011,31,1004.14,48781,1047,2.147,17,3,0,0,0,Mature,
2026-03-04,C006,Meta,In-House - Mid-Market,France,Webinar,AI Productivity,CR011,32,937.59,50784,925,1.822,17,5,0,0,0,Mature,
2026-03-05,C006,Meta,In-House - Mid-Market,France,Webinar,AI Productivity,CR011,33,1070.84,56448,1133,2.008,29,6,0,0,0,Mature,
2026-03-06,C006,Meta,In-House - Mid-Market,France,Webinar,AI Productivity,CR011,34,944.42,53948,943,1.749,25,7,1,61057,16766,Mature,
2026-03-07,C006,Meta,In-House - Mid-Market,France,Webinar,AI Productivity,CR011,35,563.04,30644,580,1.896,13,4,0,0,0,Mature,
2026-03-08,C006,Meta,In-House - Mid-Market,France,Webinar,AI Productivity,CR011,36,638.27,34917,781,2.237,15,3,0,0,0,Mature,
2026-03-09,C006,Meta,In-House - Mid-Market,France,Webinar,AI Productivity,CR011,37,755.22,42837,926,2.163,19,6,0,0,0,Mature,
2026-03-10,C006,Meta,In-House - Mid-Market,France,Webinar,AI Productivity,CR011,38,869.81,49118,880,1.793,23,6,0,0,0,Mature,
2026-03-11,C006,Meta,In-House - Mid-Market,France,Webinar,AI Productivity,CR011,39,774.2,41658,727,1.745,14,3,0,0,0,Mature,
2026-03-12,C006,Meta,In-House - Mid-Market,France,Webinar,AI Productivity,CR011,40,733.05,36008,765,2.125,20,6,0,0,0,Mature,
2026-03-13,C006,Meta,In-House - Mid-Market,France,Webinar,AI Productivity,CR011,41,1008.36,56370,969,1.72,18,5,0,0,0,Mature,
2026-03-14,C006,Meta,In-House - Mid-Market,France,Webinar,AI Productivity,CR011,42,656.62,33033,550,1.667,10,3,0,0,0,Mature,
2026-03-15,C006,Meta,In-House - Mid-Market,France,Webinar,AI Productivity,CR011,43,680.16,33644,581,1.728,13,3,0,0,0,Mature,
2026-03-16,C006,Meta,In-House - Mid-Market,France,Webinar,AI Productivity,CR011,44,929.73,48734,1005,2.064,18,3,0,0,0,Mature,
2026-03-17,C006,Meta,In-House - Mid-Market,France,Webinar,AI Productivity,CR011,45,819.54,42119,906,2.152,16,4,0,0,0,Mature,
2026-03-18,C006,Meta,In-House - Mid-Market,France,Webinar,AI Productivity,CR011,46,763.25,37083,646,1.744,14,4,0,0,0,Mature,
2026-03-19,C006,Meta,In-House - Mid-Market,France,Webinar,AI Productivity,CR011,47,1006.59,47737,783,1.641,21,7,1,41986,11674,Mature,
2026-03-20,C006,Meta,In-House - Mid-Market,France,Webinar,AI Productivity,CR011,48,1015.88,48254,953,1.977,23,7,1,58103,18940,Mature,
2026-03-21,C006,Meta,In-House - Mid-Market,France,Webinar,AI Productivity,CR011,49,509.51,24580,484,1.969,8,2,0,0,0,Mature,
2026-03-22,C006,Meta,In-House - Mid-Market,France,Webinar,AI Productivity,CR011,50,480.19,23241,361,1.557,9,2,0,0,0,Mature,
2026-03-23,C006,Meta,In-House - Mid-Market,France,Webinar,AI Productivity,CR011,51,735.88,36480,681,1.869,12,3,0,0,0,Mature,
2026-03-24,C006,Meta,In-House - Mid-Market,France,Webinar,AI Productivity,CR011,52,764.61,39911,696,1.744,18,4,0,0,0,Mature,
2026-03-25,C006,Meta,In-House - Mid-Market,France,Webinar,AI Productivity,CR011,53,1017.47,50184,770,1.535,21,5,0,0,0,Mature,
2026-03-26,C006,Meta,In-House - Mid-Market,France,Webinar,AI Productivity,CR011,54,1037.14,59980,869,1.449,19,6,0,0,0,Mature,
2026-03-27,C006,Meta,In-House - Mid-Market,France,Webinar,AI Productivity,CR011,55,893.9,47358,676,1.428,14,3,0,0,0,Mature,
2026-03-28,C006,Meta,In-House - Mid-Market,France,Webinar,AI Productivity,CR011,56,614.62,33386,447,1.341,10,3,0,0,0,Mature,
2026-03-29,C006,Meta,In-House - Mid-Market,France,Webinar,AI Productivity,CR011,57,525.67,26358,359,1.363,9,2,0,0,0,Mature,
2026-03-30,C006,Meta,In-House - Mid-Market,France,Webinar,AI Productivity,CR011,58,901.11,46552,835,1.796,15,4,0,0,0,Mature,
2026-03-31,C006,Meta,In-House - Mid-Market,France,Webinar,AI Productivity,CR011,59,770.53,38427,567,1.477,12,3,0,0,0,Mature,
2026-04-01,C006,Meta,In-House - Mid-Market,France,Webinar,AI Productivity,CR011,60,787.96,42554,551,1.296,14,4,0,0,0,Mature,
2026-04-02,C006,Meta,In-House - Mid-Market,France,Webinar,AI Productivity,CR011,61,847.53,40613,609,1.501,16,5,0,0,0,Mature,
2026-04-03,C006,Meta,In-House - Mid-Market,France,Webinar,AI Productivity,CR011,62,755.67,38615,558,1.447,15,3,0,0,0,Mature,
2026-04-04,C006,Meta,In-House - Mid-Market,France,Webinar,AI Productivity,CR011,63,651.84,36964,460,1.246,8,2,0,0,0,Mature,
2026-04-05,C006,Meta,In-House - Mid-Market,France,Webinar,AI Productivity,CR011,64,508.23,26255,323,1.23,8,2,0,0,0,Mature,
2026-04-06,C006,Meta,In-House - Mid-Market,France,Webinar,AI Productivity,CR011,65,774.74,43014,493,1.147,12,3,0,0,0,Mature,
2026-01-14,C007,Google,Law Firm - Mid-Market,US,Demo,ROI,CR001,1,734.38,22225,675,3.041,3,2,0,0,0,Mature,
2026-01-15,C007,Google,Law Firm - Mid-Market,US,Demo,ROI,CR001,2,567.92,16905,551,3.261,3,2,0,0,0,Mature,
2026-01-16,C007,Google,Law Firm - Mid-Market,US,Demo,ROI,CR001,3,706.95,22744,803,3.534,4,2,0,0,0,Mature,
2026-01-17,C007,Google,Law Firm - Mid-Market,US,Demo,ROI,CR001,4,462.82,14887,587,3.944,2,1,0,0,0,Mature,
2026-01-18,C007,Google,Law Firm - Mid-Market,US,Demo,ROI,CR001,5,406.05,13298,461,3.472,3,2,0,0,0,Mature,
2026-01-19,C007,Google,Law Firm - Mid-Market,US,Demo,ROI,CR001,6,543.62,15743,536,3.407,3,1,0,0,0,Mature,
2026-01-20,C007,Google,Law Firm - Mid-Market,US,Demo,ROI,CR001,7,680.9,21792,883,4.054,4,2,0,0,0,Mature,
2026-01-21,C007,Google,Law Firm - Mid-Market,US,Demo,ROI,CR001,8,628.6,21289,862,4.053,4,2,0,0,0,Mature,
2026-01-22,C007,Google,Law Firm - Mid-Market,US,Demo,ROI,CR001,9,687.39,23391,800,3.421,5,4,0,0,0,Mature,
2026-01-23,C007,Google,Law Firm - Mid-Market,US,Demo,ROI,CR001,10,696.07,21401,790,3.696,4,2,0,0,0,Mature,
2026-01-24,C007,Google,Law Firm - Mid-Market,US,Demo,ROI,CR001,11,421.85,12176,511,4.201,2,1,0,0,0,Mature,
2026-01-25,C007,Google,Law Firm - Mid-Market,US,Demo,ROI,CR001,12,419.56,11828,469,3.971,2,1,0,0,0,Mature,
2026-01-26,C007,Google,Law Firm - Mid-Market,US,Demo,ROI,CR001,13,555.64,16728,498,2.981,3,2,0,0,0,Mature,
2026-01-27,C007,Google,Law Firm - Mid-Market,US,Demo,ROI,CR001,14,606.93,19646,665,3.385,4,2,0,0,0,Mature,
2026-01-28,C007,Google,Law Firm - Mid-Market,US,Demo,ROI,CR001,15,666.46,18904,644,3.408,4,2,0,0,0,Mature,
2026-01-29,C007,Google,Law Firm - Mid-Market,US,Demo,ROI,CR001,16,685.97,20515,741,3.615,5,3,0,0,0,Mature,
2026-01-30,C007,Google,Law Firm - Mid-Market,US,Demo,ROI,CR001,17,695.91,22149,868,3.923,4,3,0,0,0,Mature,
2026-01-31,C007,Google,Law Firm - Mid-Market,US,Demo,ROI,CR001,18,423.5,14467,506,3.503,2,1,0,0,0,Mature,
2026-02-01,C007,Google,Law Firm - Mid-Market,US,Demo,ROI,CR001,19,453.48,12908,497,3.853,2,1,0,0,0,Mature,
2026-02-02,C007,Google,Law Firm - Mid-Market,US,Demo,ROI,CR001,20,672.09,21736,764,3.518,4,2,0,0,0,Mature,
2026-02-03,C007,Google,Law Firm - Mid-Market,US,Demo,ROI,CR001,21,552.19,18882,630,3.341,3,2,0,0,0,Mature,
2026-02-04,C007,Google,Law Firm - Mid-Market,US,Demo,ROI,CR001,22,793.93,23198,884,3.814,4,2,0,0,0,Mature,
2026-02-05,C007,Google,Law Firm - Mid-Market,US,Demo,ROI,CR001,23,550.22,15902,498,3.136,3,2,0,,,Mature,Missing CRM attribution
2026-02-06,C007,Google,Law Firm - Mid-Market,US,Demo,ROI,CR001,24,684.53,20489,730,3.567,4,2,0,0,0,Mature,
2026-02-07,C007,Google,Law Firm - Mid-Market,US,Demo,ROI,CR001,25,516.72,16669,648,3.89,4,3,0,0,0,Mature,
2026-02-08,C007,Google,Law Firm - Mid-Market,US,Demo,ROI,CR001,26,383.74,12163,367,3.021,2,1,0,0,0,Mature,
2026-02-09,C007,Google,Law Firm - Mid-Market,US,Demo,ROI,CR001,27,695.33,23227,796,3.428,5,3,0,0,0,Mature,
2026-02-10,C007,Google,Law Firm - Mid-Market,US,Demo,ROI,CR001,28,571.8,18244,624,3.422,4,3,0,0,0,Mature,
2026-02-11,C007,Google,Law Firm - Mid-Market,US,Demo,ROI,CR001,29,747.24,23266,971,4.177,5,2,0,0,0,Mature,
2026-02-12,C007,Google,Law Firm - Mid-Market,US,Demo,ROI,CR001,30,722.43,24375,746,3.063,4,3,0,0,0,Mature,
2026-02-13,C007,Google,Law Firm - Mid-Market,US,Demo,ROI,CR001,31,608.85,19267,618,3.211,3,2,0,0,0,Mature,
2026-01-10,C008,LinkedIn,Law Firm - Mid-Market,US,Demo,Speed,CR027,1,590.29,8758,84,0.966,0,0,0,0,0,Mature,
2026-01-11,C008,LinkedIn,Law Firm - Mid-Market,US,Demo,Speed,CR027,2,614.67,9513,112,1.178,0,0,0,0,0,Mature,
2026-01-12,C008,LinkedIn,Law Firm - Mid-Market,US,Demo,Speed,CR027,3,831.61,11163,123,1.11,0,0,0,0,0,Mature,
2026-01-13,C008,LinkedIn,Law Firm - Mid-Market,US,Demo,Speed,CR027,4,1078.43,16340,191,1.169,1,0,0,0,0,Mature,
2026-01-14,C008,LinkedIn,Law Firm - Mid-Market,US,Demo,Speed,CR027,5,762.96,10647,129,1.216,0,0,0,0,0,Mature,
2026-01-15,C008,LinkedIn,Law Firm - Mid-Market,US,Demo,Speed,CR027,6,806.41,10842,135,1.248,0,0,0,0,0,Mature,
2026-01-16,C008,LinkedIn,Law Firm - Mid-Market,US,Demo,Speed,CR027,7,1015.91,13758,139,1.011,0,0,0,0,0,Mature,
2026-01-17,C008,LinkedIn,Law Firm - Mid-Market,US,Demo,Speed,CR027,8,673.79,9847,113,1.155,0,0,0,0,0,Mature,
2026-01-18,C008,LinkedIn,Law Firm - Mid-Market,US,Demo,Speed,CR027,9,562.32,7583,73,0.965,0,0,0,0,0,Mature,
2026-01-19,C008,LinkedIn,Law Firm - Mid-Market,US,Demo,Speed,CR027,10,1056.06,16893,187,1.112,0,0,0,0,0,Mature,
2026-01-20,C008,LinkedIn,Law Firm - Mid-Market,US,Demo,Speed,CR027,11,921.11,13762,133,0.972,0,0,0,0,0,Mature,
2026-01-21,C008,LinkedIn,Law Firm - Mid-Market,US,Demo,Speed,CR027,12,1041.89,14822,154,1.043,0,0,0,0,0,Mature,
2026-01-22,C008,LinkedIn,Law Firm - Mid-Market,US,Demo,Speed,CR027,13,1039.09,15704,164,1.045,0,0,0,0,0,Mature,
2026-01-23,C008,LinkedIn,Law Firm - Mid-Market,US,Demo,Speed,CR027,14,932.48,12465,149,1.201,0,0,0,0,0,Mature,
2026-01-24,C008,LinkedIn,Law Firm - Mid-Market,US,Demo,Speed,CR027,15,634.38,9145,89,0.974,0,0,0,0,0,Mature,
2026-01-25,C008,LinkedIn,Law Firm - Mid-Market,US,Demo,Speed,CR027,16,658.69,10640,109,1.029,0,0,0,0,0,Mature,
2026-01-26,C008,LinkedIn,Law Firm - Mid-Market,US,Demo,Speed,CR027,17,750.36,12020,118,0.986,0,0,0,0,0,Mature,
2026-01-27,C008,LinkedIn,Law Firm - Mid-Market,US,Demo,Speed,CR027,18,978.81,13916,170,1.225,0,0,0,0,0,Mature,
2026-01-28,C008,LinkedIn,Law Firm - Mid-Market,US,Demo,Speed,CR027,19,965.62,13517,127,0.941,0,0,0,0,0,Mature,
2026-01-29,C008,LinkedIn,Law Firm - Mid-Market,US,Demo,Speed,CR027,20,1060.08,16136,203,1.26,1,0,0,0,0,Mature,
2026-01-30,C008,LinkedIn,Law Firm - Mid-Market,US,Demo,Speed,CR027,21,1076.01,14701,193,1.313,0,0,0,0,0,Mature,
2026-01-31,C008,LinkedIn,Law Firm - Mid-Market,US,Demo,Speed,CR027,22,469.63,7221,95,1.322,0,0,0,0,0,Mature,
2026-02-01,C008,LinkedIn,Law Firm - Mid-Market,US,Demo,Speed,CR027,23,598.05,8313,96,1.155,0,0,0,0,0,Mature,
2026-02-02,C008,LinkedIn,Law Firm - Mid-Market,US,Demo,Speed,CR027,24,965.45,15003,170,1.133,0,0,0,0,0,Mature,
2026-02-03,C008,LinkedIn,Law Firm - Mid-Market,US,Demo,Speed,CR027,25,999.57,14127,156,1.109,0,0,0,0,0,Mature,
2026-02-04,C008,LinkedIn,Law Firm - Mid-Market,US,Demo,Speed,CR027,26,1037.43,16529,166,1.01,0,0,0,0,0,Mature,
2026-02-05,C008,LinkedIn,Law Firm - Mid-Market,US,Demo,Speed,CR027,27,939.0,13349,142,1.07,0,0,0,0,0,Mature,
2026-02-06,C008,LinkedIn,Law Firm - Mid-Market,US,Demo,Speed,CR027,28,1039.04,14837,142,0.958,0,0,0,0,0,Mature,
2026-02-07,C008,LinkedIn,Law Firm - Mid-Market,US,Demo,Speed,CR027,29,571.81,7668,95,1.249,0,0,0,0,0,Mature,
2026-02-08,C008,LinkedIn,Law Firm - Mid-Market,US,Demo,Speed,CR027,30,558.35,8682,101,1.17,0,0,0,0,0,Mature,
2026-02-09,C008,LinkedIn,Law Firm - Mid-Market,US,Demo,Speed,CR027,31,753.28,10668,113,1.068,0,0,0,0,0,Mature,
2026-02-10,C008,LinkedIn,Law Firm - Mid-Market,US,Demo,Speed,CR027,32,1036.7,15998,152,0.952,0,0,0,0,0,Mature,
2026-02-11,C008,LinkedIn,Law Firm - Mid-Market,US,Demo,Speed,CR027,33,1014.9,14364,189,1.321,1,0,0,0,0,Mature,
2026-02-12,C008,LinkedIn,Law Firm - Mid-Market,US,Demo,Speed,CR027,34,965.91,14112,155,1.1,0,0,0,0,0,Mature,
2026-02-13,C008,LinkedIn,Law Firm - Mid-Market,US,Demo,Speed,CR027,35,1047.0,16680,163,0.979,1,0,0,0,0,Mature,
2026-02-14,C008,LinkedIn,Law Firm - Mid-Market,US,Demo,Speed,CR027,36,697.7,10971,138,1.26,0,0,0,0,0,Mature,
2026-02-15,C008,LinkedIn,Law Firm - Mid-Market,US,Demo,Speed,CR027,37,672.57,9293,87,0.94,0,0,0,0,0,Mature,
2026-02-16,C008,LinkedIn,Law Firm - Mid-Market,US,Demo,Speed,CR027,38,974.07,14347,135,0.947,0,0,0,0,0,Mature,
2026-04-05,C009,Meta,In-House - Enterprise,US,Demo,AI Productivity,CR012,1,662.64,31696,697,2.201,6,1,0,0,0,Mature,
2026-04-06,C009,Meta,In-House - Enterprise,US,Demo,AI Productivity,CR012,2,945.48,45722,819,1.793,6,1,0,0,0,Mature,
2026-04-07,C009,Meta,In-House - Enterprise,US,Demo,AI Productivity,CR012,3,849.35,44861,977,2.178,7,2,0,0,0,Mature,
2026-04-08,C009,Meta,In-House - Enterprise,US,Demo,AI Productivity,CR012,4,782.77,39649,708,1.788,4,1,0,0,0,Mature,
2026-04-09,C009,Meta,In-House - Enterprise,US,Demo,AI Productivity,CR012,5,965.39,51625,955,1.85,8,2,0,0,0,Mature,
2026-04-10,C009,Meta,In-House - Enterprise,US,Demo,AI Productivity,CR012,6,853.8,44189,945,2.139,5,1,0,0,0,Mature,
2026-04-11,C009,Meta,In-House - Enterprise,US,Demo,AI Productivity,CR012,7,543.41,29571,496,1.68,3,1,0,0,0,Mature,
2026-04-12,C009,Meta,In-House - Enterprise,US,Demo,AI Productivity,CR012,8,648.0,34537,773,2.24,5,1,0,0,0,Mature,
2026-04-13,C009,Meta,In-House - Enterprise,US,Demo,AI Productivity,CR012,9,941.72,46181,1003,2.173,6,1,0,0,0,Mature,
2026-04-14,C009,Meta,In-House - Enterprise,US,Demo,AI Productivity,CR012,10,932.13,53548,1046,1.953,9,3,0,0,0,Mature,
2026-04-15,C009,Meta,In-House - Enterprise,US,Demo,AI Productivity,CR012,11,916.87,45600,995,2.183,7,2,0,0,0,Mature,
2026-04-16,C009,Meta,In-House - Enterprise,US,Demo,AI Productivity,CR012,12,927.66,48336,1039,2.15,7,1,0,0,0,Mature,
2026-04-17,C009,Meta,In-House - Enterprise,US,Demo,AI Productivity,CR012,13,805.72,39927,657,1.647,6,1,0,0,0,Mature,
2026-04-18,C009,Meta,In-House - Enterprise,US,Demo,AI Productivity,CR012,14,526.25,29428,559,1.9,4,0,0,0,0,Mature,
2026-04-19,C009,Meta,In-House - Enterprise,US,Demo,AI Productivity,CR012,15,601.35,29900,648,2.169,4,1,0,0,0,Mature,
2026-04-20,C009,Meta,In-House - Enterprise,US,Demo,AI Productivity,CR012,16,758.24,38880,632,1.626,3,0,0,0,0,Mature,
2026-04-21,C009,Meta,In-House - Enterprise,US,Demo,AI Productivity,CR012,17,794.89,43660,835,1.913,5,1,0,0,0,Mature,
2026-04-22,C009,Meta,In-House - Enterprise,US,Demo,AI Productivity,CR012,18,995.47,54801,1110,2.026,7,2,0,0,0,Mature,
2026-04-23,C009,Meta,In-House - Enterprise,US,Demo,AI Productivity,CR012,19,750.86,41471,672,1.622,5,1,0,0,0,Mature,
2026-04-24,C009,Meta,In-House - Enterprise,US,Demo,AI Productivity,CR012,20,898.95,45859,740,1.614,6,1,0,0,0,Mature,
2026-04-25,C009,Meta,In-House - Enterprise,US,Demo,AI Productivity,CR012,21,555.49,30532,635,2.082,5,1,0,0,0,Mature,
2026-04-26,C009,Meta,In-House - Enterprise,US,Demo,AI Productivity,CR012,22,675.56,33406,632,1.893,5,1,0,0,0,Mature,
2026-04-27,C009,Meta,In-House - Enterprise,US,Demo,AI Productivity,CR012,23,832.58,41054,866,2.112,5,1,0,0,0,Mature,
2026-04-28,C009,Meta,In-House - Enterprise,US,Demo,AI Productivity,CR012,24,994.66,49913,793,1.589,6,1,0,0,0,Mature,
2026-04-29,C009,Meta,In-House - Enterprise,US,Demo,AI Productivity,CR012,25,860.83,44773,758,1.694,5,1,0,0,0,Mature,
2026-04-30,C009,Meta,In-House - Enterprise,US,Demo,AI Productivity,CR012,26,920.99,45138,1007,2.232,7,2,0,0,0,Mature,
2026-05-01,C009,Meta,In-House - Enterprise,US,Demo,AI Productivity,CR012,27,867.17,47347,1056,2.232,8,2,0,0,0,Mature,
2026-05-02,C009,Meta,In-House - Enterprise,US,Demo,AI Productivity,CR012,28,695.19,36627,713,1.947,5,1,0,0,0,Mature,
2026-05-03,C009,Meta,In-House - Enterprise,US,Demo,AI Productivity,CR012,29,586.97,28608,610,2.135,5,1,0,0,0,Mature,
2026-05-04,C009,Meta,In-House - Enterprise,US,Demo,AI Productivity,CR012,30,772.45,37084,821,2.215,6,2,0,0,0,Mature,
2026-05-05,C009,Meta,In-House - Enterprise,US,Demo,AI Productivity,CR012,31,1072.88,51818,990,1.911,8,2,0,0,0,Mature,
2026-05-06,C009,Meta,In-House - Enterprise,US,Demo,AI Productivity,CR012,32,741.29,41102,781,1.9,6,2,0,0,0,Mature,
2026-05-07,C009,Meta,In-House - Enterprise,US,Demo,AI Productivity,CR012,33,732.09,36065,795,2.207,6,1,0,0,0,Mature,
2026-05-08,C009,Meta,In-House - Enterprise,US,Demo,AI Productivity,CR012,34,773.71,39590,872,2.204,5,1,0,0,0,Mature,
2026-05-09,C009,Meta,In-House - Enterprise,US,Demo,AI Productivity,CR012,35,558.22,31430,555,1.766,4,1,0,0,0,Mature,
2026-05-10,C009,Meta,In-House - Enterprise,US,Demo,AI Productivity,CR012,36,502.83,25491,472,1.854,3,0,0,0,0,Mature,
2026-05-11,C009,Meta,In-House - Enterprise,US,Demo,AI Productivity,CR012,37,755.75,37924,769,2.03,4,1,0,0,0,Mature,
2026-05-12,C009,Meta,In-House - Enterprise,US,Demo,AI Productivity,CR012,38,1069.72,57443,959,1.67,8,2,0,0,0,Mature,
2026-05-13,C009,Meta,In-House - Enterprise,US,Demo,AI Productivity,CR012,39,893.58,44398,834,1.881,6,1,0,0,0,Mature,
2026-05-14,C009,Meta,In-House - Enterprise,US,Demo,AI Productivity,CR012,40,971.18,46382,955,2.06,5,1,0,0,0,Mature,
2026-05-15,C009,Meta,In-House - Enterprise,US,Demo,AI Productivity,CR012,41,936.64,46635,912,1.956,6,1,0,0,0,Mature,
2026-05-16,C009,Meta,In-House - Enterprise,US,Demo,AI Productivity,CR012,42,685.36,38052,741,1.949,4,0,0,0,0,Mature,
2026-05-17,C009,Meta,In-House - Enterprise,US,Demo,AI Productivity,CR012,43,632.37,34521,581,1.686,3,0,0,0,0,Mature,
2026-05-18,C009,Meta,In-House - Enterprise,US,Demo,AI Productivity,CR012,44,786.76,37878,702,1.856,5,1,0,0,0,Mature,
2026-05-19,C009,Meta,In-House - Enterprise,US,Demo,AI Productivity,CR012,45,860.24,43449,680,1.566,6,2,0,0,0,Mature,
2026-05-20,C009,Meta,In-House - Enterprise,US,Demo,AI Productivity,CR012,46,959.87,51897,1007,1.941,6,1,0,0,0,Mature,
2026-05-21,C009,Meta,In-House - Enterprise,US,Demo,AI Productivity,CR012,47,802.25,38860,644,1.659,4,1,0,0,0,Mature,
2026-05-22,C009,Meta,In-House - Enterprise,US,Demo,AI Productivity,CR012,48,757.24,39110,775,1.984,6,1,0,0,0,Mature,
2026-05-23,C009,Meta,In-House - Enterprise,US,Demo,AI Productivity,CR012,49,508.88,28511,472,1.657,3,0,0,0,0,Mature,
2026-05-24,C009,Meta,In-House - Enterprise,US,Demo,AI Productivity,CR012,50,695.17,33171,563,1.698,5,1,0,0,0,Mature,
2026-05-25,C009,Meta,In-House - Enterprise,US,Demo,AI Productivity,CR012,51,772.38,44448,790,1.779,4,1,0,0,0,Mature,
2026-05-26,C009,Meta,In-House - Enterprise,US,Demo,AI Productivity,CR012,52,1022.92,49930,860,1.723,7,1,0,0,0,Mature,
2026-02-14,C010,Google,Law Firm - Mid-Market,US,Webinar,ROI,CR002,1,274.7,8927,377,4.224,5,4,0,0,0,Mature,
2026-02-15,C010,Google,Law Firm - Mid-Market,US,Webinar,ROI,CR002,2,277.3,8808,351,3.994,6,5,1,39526,10078,Mature,
2026-02-16,C010,Google,Law Firm - Mid-Market,US,Webinar,ROI,CR002,3,416.2,14260,578,4.058,10,7,1,61967,16472,Mature,
2026-02-17,C010,Google,Law Firm - Mid-Market,US,Webinar,ROI,CR002,4,401.76,13324,485,3.647,8,6,1,58486,15914,Mature,
2026-02-18,C010,Google,Law Firm - Mid-Market,US,Webinar,ROI,CR002,5,425.94,13682,434,3.177,9,7,1,37664,8773,Mature,
2026-02-19,C010,Google,Law Firm - Mid-Market,US,Webinar,ROI,CR002,6,484.21,16483,686,4.168,12,9,1,35574,10280,Mature,
2026-02-20,C010,Google,Law Firm - Mid-Market,US,Webinar,ROI,CR002,7,370.98,11149,344,3.086,4,2,0,0,0,Mature,
2026-02-21,C010,Google,Law Firm - Mid-Market,US,Webinar,ROI,CR002,8,254.88,7728,305,3.955,5,2,0,0,0,Mature,
2026-02-22,C010,Google,Law Firm - Mid-Market,US,Webinar,ROI,CR002,9,259.32,8036,314,3.915,5,3,0,0,0,Mature,
2026-02-23,C010,Google,Law Firm - Mid-Market,US,Webinar,ROI,CR002,10,429.62,14538,577,3.972,8,5,1,36738,9272,Mature,
2026-02-24,C010,Google,Law Firm - Mid-Market,US,Webinar,ROI,CR002,11,496.58,16469,626,3.803,8,5,0,0,0,Mature,
2026-02-25,C010,Google,Law Firm - Mid-Market,US,Webinar,ROI,CR002,12,525.79,16621,584,3.515,11,7,1,95544,24731,Mature,
2026-02-26,C010,Google,Law Firm - Mid-Market,US,Webinar,ROI,CR002,13,438.91,14511,584,4.029,8,5,1,62519,17414,Mature,
2026-02-27,C010,Google,Law Firm - Mid-Market,US,Webinar,ROI,CR002,14,498.52,15406,480,3.117,7,4,0,0,0,Mature,
2026-02-28,C010,Google,Law Firm - Mid-Market,US,Webinar,ROI,CR002,15,339.5,11513,447,3.888,8,4,0,0,0,Mature,
2026-03-01,C010,Google,Law Firm - Mid-Market,US,Webinar,ROI,CR002,16,272.35,9263,276,2.984,5,3,0,0,0,Mature,
2026-03-02,C010,Google,Law Firm - Mid-Market,US,Webinar,ROI,CR002,17,396.48,11277,346,3.069,5,3,0,0,0,Mature,
2026-03-03,C010,Google,Law Firm - Mid-Market,US,Webinar,ROI,CR002,18,421.02,12066,475,3.938,7,5,1,31690,9549,Mature,
2026-03-04,C010,Google,Law Firm - Mid-Market,US,Webinar,ROI,CR002,19,454.3,14848,530,3.574,7,4,0,0,0,Mature,
2026-03-05,C010,Google,Law Firm - Mid-Market,US,Webinar,ROI,CR002,20,431.85,13989,565,4.045,12,7,1,81764,26604,Mature,
2026-03-06,C010,Google,Law Firm - Mid-Market,US,Webinar,ROI,CR002,21,505.95,14817,510,3.448,8,5,0,0,0,Mature,
2026-03-07,C010,Google,Law Firm - Mid-Market,US,Webinar,ROI,CR002,22,343.32,10302,394,3.826,6,3,0,0,0,Mature,
2026-03-08,C010,Google,Law Firm - Mid-Market,US,Webinar,ROI,CR002,23,320.53,9188,321,3.501,6,4,0,0,0,Mature,
2026-03-09,C010,Google,Law Firm - Mid-Market,US,Webinar,ROI,CR002,24,437.45,14096,574,4.076,11,8,1,78945,24695,Mature,
2026-03-10,C010,Google,Law Firm - Mid-Market,US,Webinar,ROI,CR002,25,390.52,11536,490,4.248,9,7,1,76156,23399,Mature,
2026-03-11,C010,Google,Law Firm - Mid-Market,US,Webinar,ROI,CR002,26,502.54,14455,565,3.915,8,5,1,29901,6911,Mature,
2026-03-12,C010,Google,Law Firm - Mid-Market,US,Webinar,ROI,CR002,27,472.2,13340,435,3.263,7,5,1,79861,25463,Mature,
2026-03-13,C010,Google,Law Firm - Mid-Market,US,Webinar,ROI,CR002,28,537.53,17980,635,3.534,11,7,1,102694,22732,Mature,
2026-03-14,C010,Google,Law Firm - Mid-Market,US,Webinar,ROI,CR002,29,324.32,10940,378,3.455,7,4,0,0,0,Mature,
2026-03-15,C010,Google,Law Firm - Mid-Market,US,Webinar,ROI,CR002,30,272.81,9307,330,3.554,6,4,0,0,0,Mature,
2026-04-17,C011,LinkedIn,In-House - Mid-Market,UK,Demo,Speed,CR031,1,508.52,6823,74,1.097,0,0,0,0,0,Mature,
2026-04-18,C011,LinkedIn,In-House - Mid-Market,UK,Demo,Speed,CR031,2,337.49,5028,52,1.039,0,0,0,0,0,Mature,
2026-04-19,C011,LinkedIn,In-House - Mid-Market,UK,Demo,Speed,CR031,3,332.62,4789,54,1.131,0,0,0,0,0,Mature,
2026-04-20,C011,LinkedIn,In-House - Mid-Market,UK,Demo,Speed,CR031,4,480.04,7745,79,1.03,0,0,0,0,0,Mature,
2026-04-21,C011,LinkedIn,In-House - Mid-Market,UK,Demo,Speed,CR031,5,430.53,6758,68,1.011,0,0,0,0,0,Mature,
2026-04-22,C011,LinkedIn,In-House - Mid-Market,UK,Demo,Speed,CR031,6,523.1,8213,97,1.182,0,0,0,0,0,Mature,
2026-04-23,C011,LinkedIn,In-House - Mid-Market,UK,Demo,Speed,CR031,7,481.87,6442,61,0.954,0,0,0,0,0,Mature,
2026-04-24,C011,LinkedIn,In-House - Mid-Market,UK,Demo,Speed,CR031,8,479.86,7228,74,1.032,0,0,0,0,0,Mature,
2026-04-25,C011,LinkedIn,In-House - Mid-Market,UK,Demo,Speed,CR031,9,339.67,4950,50,1.011,0,0,0,0,0,Mature,
2026-04-26,C011,LinkedIn,In-House - Mid-Market,UK,Demo,Speed,CR031,10,257.44,4067,51,1.278,0,0,0,0,0,Mature,
2026-04-27,C011,LinkedIn,In-House - Mid-Market,UK,Demo,Speed,CR031,11,448.3,6766,65,0.969,0,0,0,0,0,Mature,
2026-04-28,C011,LinkedIn,In-House - Mid-Market,UK,Demo,Speed,CR031,12,448.61,6960,91,1.312,0,0,0,0,0,Mature,
2026-04-29,C011,LinkedIn,In-House - Mid-Market,UK,Demo,Speed,CR031,13,515.36,6881,83,1.216,0,0,0,0,0,Mature,
2026-04-30,C011,LinkedIn,In-House - Mid-Market,UK,Demo,Speed,CR031,14,381.51,5830,63,1.082,0,0,0,0,0,Mature,
2026-05-01,C011,LinkedIn,In-House - Mid-Market,UK,Demo,Speed,CR031,15,424.36,5688,64,1.127,0,0,0,0,0,Mature,
2026-05-02,C011,LinkedIn,In-House - Mid-Market,UK,Demo,Speed,CR031,16,307.4,4735,62,1.329,0,0,0,0,0,Mature,
2026-05-03,C011,LinkedIn,In-House - Mid-Market,UK,Demo,Speed,CR031,17,260.2,3841,42,1.112,0,0,0,0,0,Mature,
2026-05-04,C011,LinkedIn,In-House - Mid-Market,UK,Demo,Speed,CR031,18,492.33,6670,68,1.02,0,0,0,0,0,Mature,
2026-05-05,C011,LinkedIn,In-House - Mid-Market,UK,Demo,Speed,CR031,19,472.64,7402,70,0.948,0,0,0,0,0,Mature,
2026-05-06,C011,LinkedIn,In-House - Mid-Market,UK,Demo,Speed,CR031,20,405.01,5598,53,0.956,0,0,0,0,0,Mature,
2026-05-07,C011,LinkedIn,In-House - Mid-Market,UK,Demo,Speed,CR031,21,405.62,6094,73,1.204,0,0,0,0,0,Mature,
2026-05-08,C011,LinkedIn,In-House - Mid-Market,UK,Demo,Speed,CR031,22,487.97,7524,91,1.216,0,0,0,0,0,Mature,
2026-05-09,C011,LinkedIn,In-House - Mid-Market,UK,Demo,Speed,CR031,23,239.18,3378,35,1.048,0,0,0,0,0,Mature,
2026-05-10,C011,LinkedIn,In-House - Mid-Market,UK,Demo,Speed,CR031,24,300.22,4308,56,1.317,0,0,0,0,0,Mature,
2026-05-11,C011,LinkedIn,In-House - Mid-Market,UK,Demo,Speed,CR031,25,389.63,6055,67,1.118,0,0,0,0,0,Mature,
2026-05-12,C011,LinkedIn,In-House - Mid-Market,UK,Demo,Speed,CR031,26,395.66,5908,56,0.965,0,0,0,0,0,Mature,
2026-05-13,C011,LinkedIn,In-House - Mid-Market,UK,Demo,Speed,CR031,27,491.95,7355,91,1.238,0,0,0,0,0,Mature,
2026-05-14,C011,LinkedIn,In-House - Mid-Market,UK,Demo,Speed,CR031,28,462.58,7262,94,1.307,0,0,0,0,0,Mature,
2026-05-15,C011,LinkedIn,In-House - Mid-Market,UK,Demo,Speed,CR031,29,374.27,5046,65,1.306,0,0,0,0,0,Mature,
2026-05-16,C011,LinkedIn,In-House - Mid-Market,UK,Demo,Speed,CR031,30,282.2,4241,40,0.957,0,0,0,0,0,Mature,
2026-05-17,C011,LinkedIn,In-House - Mid-Market,UK,Demo,Speed,CR031,31,348.61,5570,58,1.048,0,0,0,0,0,Mature,
2026-05-18,C011,LinkedIn,In-House - Mid-Market,UK,Demo,Speed,CR031,32,493.84,7630,94,1.241,0,0,0,0,0,Mature,
2026-05-19,C011,LinkedIn,In-House - Mid-Market,UK,Demo,Speed,CR031,33,440.29,6577,79,1.208,0,0,0,0,0,Mature,
2026-04-07,C012,Meta,In-House - Enterprise,DACH,Demo,AI Productivity,CR012,1,756.99,42984,729,1.698,5,1,0,0,0,Mature,
2026-04-08,C012,Meta,In-House - Enterprise,DACH,Demo,AI Productivity,CR012,2,850.67,44448,828,1.865,5,1,0,0,0,Mature,
2026-04-09,C012,Meta,In-House - Enterprise,DACH,Demo,AI Productivity,CR012,3,994.06,57005,1227,2.153,8,2,0,0,0,Mature,
2026-04-10,C012,Meta,In-House - Enterprise,DACH,Demo,AI Productivity,CR012,4,821.88,47249,1007,2.133,8,2,0,0,0,Mature,
2026-04-11,C012,Meta,In-House - Enterprise,DACH,Demo,AI Productivity,CR012,5,571.04,32565,520,1.598,3,0,0,0,0,Mature,
2026-04-12,C012,Meta,In-House - Enterprise,DACH,Demo,AI Productivity,CR012,6,519.83,26940,560,2.081,3,1,0,0,0,Mature,
2026-04-13,C012,Meta,In-House - Enterprise,DACH,Demo,AI Productivity,CR012,7,769.96,37034,628,1.696,4,1,0,0,0,Mature,
2026-04-14,C012,Meta,In-House - Enterprise,DACH,Demo,AI Productivity,CR012,8,760.42,40753,689,1.692,4,1,0,0,0,Mature,
2026-04-15,C012,Meta,In-House - Enterprise,DACH,Demo,AI Productivity,CR012,9,869.05,46107,813,1.765,6,1,0,0,0,Mature,
2026-04-16,C012,Meta,In-House - Enterprise,DACH,Demo,AI Productivity,CR012,10,1010.26,54189,1101,2.032,9,2,0,0,0,Mature,
2026-04-17,C012,Meta,In-House - Enterprise,DACH,Demo,AI Productivity,CR012,11,970.47,48013,964,2.008,6,1,0,0,0,Mature,
2026-04-18,C012,Meta,In-House - Enterprise,DACH,Demo,AI Productivity,CR012,12,685.04,33527,601,1.795,4,1,0,0,0,Mature,
2026-04-19,C012,Meta,In-House - Enterprise,DACH,Demo,AI Productivity,CR012,13,476.55,24625,386,1.568,2,0,0,0,0,Mature,
2026-04-20,C012,Meta,In-House - Enterprise,DACH,Demo,AI Productivity,CR012,14,755.56,41005,885,2.159,7,2,0,0,0,Mature,
2026-04-21,C012,Meta,In-House - Enterprise,DACH,Demo,AI Productivity,CR012,15,887.26,45685,737,1.615,6,2,0,0,0,Mature,
2026-04-22,C012,Meta,In-House - Enterprise,DACH,Demo,AI Productivity,CR012,16,1037.31,57329,1140,1.99,8,2,0,0,0,Mature,
2026-04-23,C012,Meta,In-House - Enterprise,DACH,Demo,AI Productivity,CR012,17,1065.99,57044,1150,2.016,8,2,0,0,0,Mature,
2026-04-24,C012,Meta,In-House - Enterprise,DACH,Demo,AI Productivity,CR012,18,924.88,50172,851,1.697,5,1,0,0,0,Mature,
2026-04-25,C012,Meta,In-House - Enterprise,DACH,Demo,AI Productivity,CR012,19,596.63,30629,571,1.865,3,0,0,0,0,Mature,
2026-04-26,C012,Meta,In-House - Enterprise,DACH,Demo,AI Productivity,CR012,20,527.21,30306,561,1.854,3,1,0,0,0,Mature,
2026-04-27,C012,Meta,In-House - Enterprise,DACH,Demo,AI Productivity,CR012,21,785.58,43548,958,2.202,8,2,0,0,0,Mature,
2026-04-28,C012,Meta,In-House - Enterprise,DACH,Demo,AI Productivity,CR012,22,830.89,47433,1054,2.223,9,2,0,0,0,Mature,
2026-04-29,C012,Meta,In-House - Enterprise,DACH,Demo,AI Productivity,CR012,23,1027.47,55657,893,1.605,5,1,0,0,0,Mature,
2026-04-30,C012,Meta,In-House - Enterprise,DACH,Demo,AI Productivity,CR012,24,756.23,41664,698,1.676,5,1,0,0,0,Mature,
2026-05-01,C012,Meta,In-House - Enterprise,DACH,Demo,AI Productivity,CR012,25,942.18,45235,882,1.952,5,1,0,0,0,Mature,
2026-05-02,C012,Meta,In-House - Enterprise,DACH,Demo,AI Productivity,CR012,26,490.27,27503,509,1.852,3,0,0,0,0,Mature,
2026-05-03,C012,Meta,In-House - Enterprise,DACH,Demo,AI Productivity,CR012,27,576.22,32667,515,1.58,3,0,0,0,0,Mature,
2026-05-04,C012,Meta,In-House - Enterprise,DACH,Demo,AI Productivity,CR012,28,1048.67,51652,993,1.923,9,2,0,0,0,Mature,
2026-05-05,C012,Meta,In-House - Enterprise,DACH,Demo,AI Productivity,CR012,29,1023.99,51677,1072,2.076,7,2,0,0,0,Mature,
2026-05-06,C012,Meta,In-House - Enterprise,DACH,Demo,AI Productivity,CR012,30,721.89,37320,799,2.143,4,1,0,0,0,Mature,
2026-05-07,C012,Meta,In-House - Enterprise,DACH,Demo,AI Productivity,CR012,31,791.68,43835,806,1.841,5,1,0,0,0,Mature,
2026-05-08,C012,Meta,In-House - Enterprise,DACH,Demo,AI Productivity,CR012,32,776.59,43356,921,2.124,7,1,0,0,0,Mature,
2026-05-09,C012,Meta,In-House - Enterprise,DACH,Demo,AI Productivity,CR012,33,473.25,23059,517,2.246,3,0,0,0,0,Mature,
2026-05-10,C012,Meta,In-House - Enterprise,DACH,Demo,AI Productivity,CR012,34,624.55,35944,706,1.967,5,1,0,0,0,Mature,
2026-05-11,C012,Meta,In-House - Enterprise,DACH,Demo,AI Productivity,CR012,35,998.93,54215,847,1.563,7,2,0,0,0,Mature,
2026-05-12,C012,Meta,In-House - Enterprise,DACH,Demo,AI Productivity,CR012,36,1035.63,49483,788,1.594,5,1,0,0,0,Mature,
2026-05-13,C012,Meta,In-House - Enterprise,DACH,Demo,AI Productivity,CR012,37,956.37,47372,867,1.831,5,1,0,0,0,Mature,
2026-05-14,C012,Meta,In-House - Enterprise,DACH,Demo,AI Productivity,CR012,38,1050.53,57495,967,1.683,6,1,0,0,0,Mature,
2026-05-15,C012,Meta,In-House - Enterprise,DACH,Demo,AI Productivity,CR012,39,914.11,51567,919,1.784,7,1,0,0,0,Mature,
2026-05-16,C012,Meta,In-House - Enterprise,DACH,Demo,AI Productivity,CR012,40,688.98,37289,805,2.161,4,1,0,0,0,Mature,
2026-05-17,C012,Meta,In-House - Enterprise,DACH,Demo,AI Productivity,CR012,41,513.35,27304,570,2.09,3,1,0,0,0,Mature,
2026-05-18,C012,Meta,In-House - Enterprise,DACH,Demo,AI Productivity,CR012,42,867.99,42852,670,1.565,4,1,0,0,0,Mature,
2026-05-19,C012,Meta,In-House - Enterprise,DACH,Demo,AI Productivity,CR012,43,1014.61,53071,1055,1.99,6,1,0,0,0,Mature,
2026-05-20,C012,Meta,In-House - Enterprise,DACH,Demo,AI Productivity,CR012,44,1017.36,50872,910,1.789,6,2,0,0,0,Mature,
2026-05-21,C012,Meta,In-House - Enterprise,DACH,Demo,AI Productivity,CR012,45,758.56,39721,699,1.762,6,1,0,0,0,Mature,
2026-05-22,C012,Meta,In-House - Enterprise,DACH,Demo,AI Productivity,CR012,46,891.99,44880,822,1.833,5,1,0,0,0,Mature,
2026-05-23,C012,Meta,In-House - Enterprise,DACH,Demo,AI Productivity,CR012,47,582.17,29960,556,1.857,5,1,0,0,0,Mature,
2026-05-24,C012,Meta,In-House - Enterprise,DACH,Demo,AI Productivity,CR012,48,532.95,29817,602,2.019,4,1,0,0,0,Mature,
2026-05-25,C012,Meta,In-House - Enterprise,DACH,Demo,AI Productivity,CR012,49,993.42,51384,891,1.734,6,1,0,0,0,Mature,
2026-05-26,C012,Meta,In-House - Enterprise,DACH,Demo,AI Productivity,CR012,50,911.91,47170,883,1.873,5,1,0,0,0,Mature,
2026-05-27,C012,Meta,In-House - Enterprise,DACH,Demo,AI Productivity,CR012,51,1077.64,51335,1025,1.997,7,1,0,0,0,Mature,
2026-05-28,C012,Meta,In-House - Enterprise,DACH,Demo,AI Productivity,CR012,52,946.13,50570,922,1.825,5,1,0,0,0,Mature,
2026-05-29,C012,Meta,In-House - Enterprise,DACH,Demo,AI Productivity,CR012,53,900.83,47622,799,1.68,6,2,0,0,0,Mature,
2026-05-30,C012,Meta,In-House - Enterprise,DACH,Demo,AI Productivity,CR012,54,517.58,27687,522,1.889,4,1,0,0,0,Mature,
2026-05-12,C013,Google,In-House - Enterprise,UK,Demo,ROI,CR004,1,408.02,12846,391,3.05,1,0,0,0,0,Mature,
2026-05-13,C013,Google,In-House - Enterprise,UK,Demo,ROI,CR004,2,529.53,16212,556,3.431,3,1,0,0,0,Mature,
2026-05-14,C013,Google,In-House - Enterprise,UK,Demo,ROI,CR004,3,386.53,11300,402,3.559,2,1,0,0,0,Mature,
2026-05-15,C013,Google,In-House - Enterprise,UK,Demo,ROI,CR004,4,417.03,12547,431,3.437,2,1,0,0,0,Mature,
2026-05-16,C013,Google,In-House - Enterprise,UK,Demo,ROI,CR004,5,268.07,8149,276,3.393,1,0,0,0,0,Mature,
2026-05-17,C013,Google,In-House - Enterprise,UK,Demo,ROI,CR004,6,317.16,10393,398,3.833,2,1,0,0,0,Mature,
2026-05-18,C013,Google,In-House - Enterprise,UK,Demo,ROI,CR004,7,494.49,16814,616,3.669,3,1,0,0,0,Mature,
2026-05-19,C013,Google,In-House - Enterprise,UK,Demo,ROI,CR004,8,379.06,11652,395,3.395,2,1,0,0,0,Mature,
2026-05-20,C013,Google,In-House - Enterprise,UK,Demo,ROI,CR004,9,425.91,14085,572,4.063,3,2,0,0,0,Mature,
2026-05-21,C013,Google,In-House - Enterprise,UK,Demo,ROI,CR004,10,410.17,12146,447,3.687,2,1,0,0,0,Mature,
2026-05-22,C013,Google,In-House - Enterprise,UK,Demo,ROI,CR004,11,468.81,14585,481,3.305,2,1,0,0,0,Mature,
2026-05-23,C013,Google,In-House - Enterprise,UK,Demo,ROI,CR004,12,307.04,9158,327,3.58,2,1,0,0,0,Mature,
2026-05-24,C013,Google,In-House - Enterprise,UK,Demo,ROI,CR004,13,299.51,9394,308,3.286,2,1,0,0,0,Mature,
2026-05-25,C013,Google,In-House - Enterprise,UK,Demo,ROI,CR004,14,497.18,14439,584,4.046,4,2,0,0,0,Mature,
2026-05-26,C013,Google,In-House - Enterprise,UK,Demo,ROI,CR004,15,425.71,14262,538,3.778,3,2,0,0,0,Mature,
2026-05-27,C013,Google,In-House - Enterprise,UK,Demo,ROI,CR004,16,397.43,13037,409,3.138,2,1,0,0,0,Mature,
2026-05-28,C013,Google,In-House - Enterprise,UK,Demo,ROI,CR004,17,522.37,17835,734,4.119,4,3,0,0,0,Mature,
2026-05-29,C013,Google,In-House - Enterprise,UK,Demo,ROI,CR004,18,376.11,12737,453,3.558,2,1,0,0,0,Mature,
2026-05-30,C013,Google,In-House - Enterprise,UK,Demo,ROI,CR004,19,296.0,8348,298,3.581,1,0,0,0,0,Mature,
2026-05-31,C013,Google,In-House - Enterprise,UK,Demo,ROI,CR004,20,277.08,9024,323,3.583,1,0,0,0,0,Mature,
2026-06-01,C013,Google,In-House - Enterprise,UK,Demo,ROI,CR004,21,421.21,12036,442,3.68,3,2,0,0,0,Mature,
2026-06-02,C013,Google,In-House - Enterprise,UK,Demo,ROI,CR004,22,363.4,10683,444,4.162,3,2,0,0,0,Mature,
2026-06-03,C013,Google,In-House - Enterprise,UK,Demo,ROI,CR004,23,410.25,13732,431,3.139,2,1,0,0,0,Mature,
2026-06-04,C013,Google,In-House - Enterprise,UK,Demo,ROI,CR004,24,467.89,13383,395,2.957,1,0,0,0,0,Mature,
2026-06-05,C013,Google,In-House - Enterprise,UK,Demo,ROI,CR004,25,521.79,15378,474,3.085,2,1,0,0,0,Mature,
2026-06-06,C013,Google,In-House - Enterprise,UK,Demo,ROI,CR004,26,306.39,9855,298,3.029,1,0,0,0,0,Mature,
2026-06-07,C013,Google,In-House - Enterprise,UK,Demo,ROI,CR004,27,311.61,9489,332,3.501,2,1,0,0,0,Mature,
2026-06-08,C013,Google,In-House - Enterprise,UK,Demo,ROI,CR004,28,526.31,16050,512,3.193,3,2,0,0,0,Mature,
2026-06-09,C013,Google,In-House - Enterprise,UK,Demo,ROI,CR004,29,382.28,11213,431,3.844,2,1,0,0,0,Mature,
2026-06-10,C013,Google,In-House - Enterprise,UK,Demo,ROI,CR004,30,441.98,15040,597,3.971,3,1,0,0,0,Mature,
2026-06-11,C013,Google,In-House - Enterprise,UK,Demo,ROI,CR004,31,373.45,11356,444,3.916,2,1,0,0,0,Mature,
2026-06-12,C013,Google,In-House - Enterprise,UK,Demo,ROI,CR004,32,370.94,11775,460,3.908,2,1,0,0,0,Mature,
2026-06-13,C013,Google,In-House - Enterprise,UK,Demo,ROI,CR004,33,285.08,8315,329,3.967,2,1,0,0,0,Mature,
2026-06-14,C013,Google,In-House - Enterprise,UK,Demo,ROI,CR004,34,324.94,10342,326,3.16,1,0,0,0,0,Mature,
2026-06-15,C013,Google,In-House - Enterprise,UK,Demo,ROI,CR004,35,399.92,11420,427,3.746,2,1,0,0,0,Mature,
2026-06-16,C013,Google,In-House - Enterprise,UK,Demo,ROI,CR004,36,514.09,15297,624,4.085,4,2,0,0,0,Mature,
2026-02-27,C014,LinkedIn,Law Firm - Mid-Market,US,Demo,ROI,CR003,1,1224.25,16458,190,1.158,1,0,0,0,0,Mature,
2026-02-28,C014,LinkedIn,Law Firm - Mid-Market,US,Demo,ROI,CR003,2,840.69,11227,114,1.019,0,0,0,0,0,Mature,
2026-03-01,C014,LinkedIn,Law Firm - Mid-Market,US,Demo,ROI,CR003,3,716.84,9488,116,1.228,0,0,0,0,0,Mature,
2026-03-02,C014,LinkedIn,Law Firm - Mid-Market,US,Demo,ROI,CR003,4,1387.49,18900,233,1.234,1,0,0,0,0,Mature,
2026-03-03,C014,LinkedIn,Law Firm - Mid-Market,US,Demo,ROI,CR003,5,1285.63,19379,211,1.093,1,0,0,0,0,Mature,
2026-03-04,C014,LinkedIn,Law Firm - Mid-Market,US,Demo,ROI,CR003,6,1189.3,16178,144,0.895,0,0,0,0,0,Mature,
2026-03-05,C014,LinkedIn,Law Firm - Mid-Market,US,Demo,ROI,CR003,7,1239.23,19307,243,1.26,1,0,0,0,0,Mature,
2026-03-06,C014,LinkedIn,Law Firm - Mid-Market,US,Demo,ROI,CR003,8,1197.23,16793,151,0.899,0,0,0,0,0,Mature,
2026-03-07,C014,LinkedIn,Law Firm - Mid-Market,US,Demo,ROI,CR003,9,825.94,13232,124,0.941,0,0,0,0,0,Mature,
2026-03-08,C014,LinkedIn,Law Firm - Mid-Market,US,Demo,ROI,CR003,10,817.88,12855,115,0.896,0,0,0,0,0,Mature,
2026-03-09,C014,LinkedIn,Law Firm - Mid-Market,US,Demo,ROI,CR003,11,1412.03,19927,187,0.94,1,0,0,0,0,Mature,
2026-03-10,C014,LinkedIn,Law Firm - Mid-Market,US,Demo,ROI,CR003,12,1577.45,22532,251,1.114,1,0,0,0,0,Mature,
2026-03-11,C014,LinkedIn,Law Firm - Mid-Market,US,Demo,ROI,CR003,13,1091.03,16421,203,1.237,1,0,0,0,0,Mature,
2026-03-12,C014,LinkedIn,Law Firm - Mid-Market,US,Demo,ROI,CR003,14,1570.33,22913,291,1.274,1,0,0,0,0,Mature,
2026-03-13,C014,LinkedIn,Law Firm - Mid-Market,US,Demo,ROI,CR003,15,1114.77,16926,172,1.017,0,0,0,0,0,Mature,
2026-03-14,C014,LinkedIn,Law Firm - Mid-Market,US,Demo,ROI,CR003,16,951.96,15147,138,0.915,0,0,0,0,0,Mature,
2026-03-15,C014,LinkedIn,Law Firm - Mid-Market,US,Demo,ROI,CR003,17,943.75,15106,166,1.1,0,0,0,0,0,Mature,
2026-03-16,C014,LinkedIn,Law Firm - Mid-Market,US,Demo,ROI,CR003,18,1373.51,20105,181,0.904,1,0,0,0,0,Mature,
2026-03-17,C014,LinkedIn,Law Firm - Mid-Market,US,Demo,ROI,CR003,19,1226.96,17001,177,1.041,1,0,0,0,0,Mature,
2026-03-18,C014,LinkedIn,Law Firm - Mid-Market,US,Demo,ROI,CR003,20,1106.62,16863,185,1.1,1,0,0,0,0,Mature,
2026-03-19,C014,LinkedIn,Law Firm - Mid-Market,US,Demo,ROI,CR003,21,1390.78,19841,180,0.912,0,0,0,0,0,Mature,
2026-03-20,C014,LinkedIn,Law Firm - Mid-Market,US,Demo,ROI,CR003,22,1447.12,23283,278,1.198,1,0,0,0,0,Mature,
2026-03-21,C014,LinkedIn,Law Firm - Mid-Market,US,Demo,ROI,CR003,23,872.27,12103,132,1.098,0,0,0,0,0,Mature,
2026-03-22,C014,LinkedIn,Law Firm - Mid-Market,US,Demo,ROI,CR003,24,827.75,12583,160,1.272,1,0,0,0,0,Mature,
2026-03-23,C014,LinkedIn,Law Firm - Mid-Market,US,Demo,ROI,CR003,25,1330.76,18499,185,1.004,0,0,0,0,0,Mature,
2026-03-24,C014,LinkedIn,Law Firm - Mid-Market,US,Demo,ROI,CR003,26,1130.82,15996,194,1.219,1,0,0,0,0,Mature,
2026-02-24,C015,Meta,Law Firm - Mid-Market,France,Demo,ROI,CR002,1,802.89,45108,828,1.837,4,1,0,0,0,Mature,
2026-02-25,C015,Meta,Law Firm - Mid-Market,France,Demo,ROI,CR002,2,617.88,31236,582,1.863,4,1,0,0,0,Mature,
2026-02-26,C015,Meta,Law Firm - Mid-Market,France,Demo,ROI,CR002,3,589.68,31913,502,1.576,4,1,0,0,0,Mature,
2026-02-27,C015,Meta,Law Firm - Mid-Market,France,Demo,ROI,CR002,4,724.13,41185,690,1.676,5,1,0,0,0,Mature,
2026-02-28,C015,Meta,Law Firm - Mid-Market,France,Demo,ROI,CR002,5,491.16,27546,475,1.728,3,0,0,0,0,Mature,
2026-03-01,C015,Meta,Law Firm - Mid-Market,France,Demo,ROI,CR002,6,408.09,19428,336,1.731,2,0,0,0,0,Mature,
2026-03-02,C015,Meta,Law Firm - Mid-Market,France,Demo,ROI,CR002,7,714.5,39604,716,1.809,6,1,0,0,0,Mature,
2026-03-03,C015,Meta,Law Firm - Mid-Market,France,Demo,ROI,CR002,8,780.85,43448,638,1.47,4,1,0,0,0,Mature,
2026-03-04,C015,Meta,Law Firm - Mid-Market,France,Demo,ROI,CR002,9,721.83,39714,707,1.782,5,1,0,0,0,Mature,
2026-03-05,C015,Meta,Law Firm - Mid-Market,France,Demo,ROI,CR002,10,788.71,44203,814,1.842,5,1,0,0,0,Mature,
2026-03-06,C015,Meta,Law Firm - Mid-Market,France,Demo,ROI,CR002,11,788.67,38109,722,1.895,6,1,0,0,0,Mature,
2026-03-07,C015,Meta,Law Firm - Mid-Market,France,Demo,ROI,CR002,12,520.98,26683,414,1.552,2,0,0,0,0,Mature,
2026-03-08,C015,Meta,Law Firm - Mid-Market,France,Demo,ROI,CR002,13,468.26,27057,395,1.463,3,1,0,0,0,Mature,
2026-03-09,C015,Meta,Law Firm - Mid-Market,France,Demo,ROI,CR002,14,739.17,36305,749,2.065,5,1,0,0,0,Mature,
2026-03-10,C015,Meta,Law Firm - Mid-Market,France,Demo,ROI,CR002,15,757.38,39407,714,1.813,4,1,0,0,0,Mature,
2026-03-11,C015,Meta,Law Firm - Mid-Market,France,Demo,ROI,CR002,16,799.97,43466,801,1.844,6,1,0,0,0,Mature,
2026-03-12,C015,Meta,Law Firm - Mid-Market,France,Demo,ROI,CR002,17,742.38,37990,753,1.982,7,2,0,0,0,Mature,
2026-03-13,C015,Meta,Law Firm - Mid-Market,France,Demo,ROI,CR002,18,613.08,33637,552,1.642,4,1,0,0,0,Mature,
2026-03-14,C015,Meta,Law Firm - Mid-Market,France,Demo,ROI,CR002,19,408.63,21055,318,1.515,2,0,0,0,0,Mature,
2026-03-15,C015,Meta,Law Firm - Mid-Market,France,Demo,ROI,CR002,20,431.61,23904,460,1.927,4,1,0,0,0,Mature,
2026-03-16,C015,Meta,Law Firm - Mid-Market,France,Demo,ROI,CR002,21,692.26,37078,607,1.639,4,1,0,0,0,Mature,
2026-03-17,C015,Meta,Law Firm - Mid-Market,France,Demo,ROI,CR002,22,561.95,27444,500,1.823,4,1,0,0,0,Mature,
2026-03-18,C015,Meta,Law Firm - Mid-Market,France,Demo,ROI,CR002,23,796.49,37812,718,1.902,4,1,0,0,0,Mature,
2026-03-19,C015,Meta,Law Firm - Mid-Market,France,Demo,ROI,CR002,24,632.06,29948,536,1.79,3,0,0,0,0,Mature,
2026-03-20,C015,Meta,Law Firm - Mid-Market,France,Demo,ROI,CR002,25,641.72,32006,557,1.741,3,1,0,0,0,Mature,
2026-03-21,C015,Meta,Law Firm - Mid-Market,France,Demo,ROI,CR002,26,516.22,25607,479,1.873,4,1,0,0,0,Mature,
2026-03-22,C015,Meta,Law Firm - Mid-Market,France,Demo,ROI,CR002,27,443.96,22059,406,1.843,3,0,0,0,0,Mature,
2026-03-23,C015,Meta,Law Firm - Mid-Market,France,Demo,ROI,CR002,28,622.98,34610,521,1.508,3,0,0,0,0,Mature,
2026-04-28,C016,Google,In-House - Mid-Market,US,Content Download,Customer Proof,CR017,1,239.41,7245,207,2.865,5,3,0,0,0,Mature,
2026-04-29,C016,Google,In-House - Mid-Market,US,Content Download,Customer Proof,CR017,2,255.58,7267,266,3.671,7,4,0,0,0,Mature,
2026-04-30,C016,Google,In-House - Mid-Market,US,Content Download,Customer Proof,CR017,3,256.8,7962,289,3.641,8,5,0,0,0,Mature,
2026-05-01,C016,Google,In-House - Mid-Market,US,Content Download,Customer Proof,CR017,4,187.12,5598,214,3.836,5,3,0,0,0,Mature,
2026-05-02,C016,Google,In-House - Mid-Market,US,Content Download,Customer Proof,CR017,5,155.76,4416,157,3.578,4,2,0,0,0,Mature,
2026-05-03,C016,Google,In-House - Mid-Market,US,Content Download,Customer Proof,CR017,6,122.68,3779,142,3.761,3,2,0,0,0,Mature,
2026-05-04,C016,Google,In-House - Mid-Market,US,Content Download,Customer Proof,CR017,7,258.51,7531,253,3.372,7,3,0,0,0,Mature,
2026-05-05,C016,Google,In-House - Mid-Market,US,Content Download,Customer Proof,CR017,8,189.31,5563,212,3.816,6,3,0,0,0,Mature,
2026-05-06,C016,Google,In-House - Mid-Market,US,Content Download,Customer Proof,CR017,9,220.31,6211,222,3.582,8,5,0,0,0,Mature,
2026-05-07,C016,Google,In-House - Mid-Market,US,Content Download,Customer Proof,CR017,10,264.86,8943,265,2.967,7,4,0,,,Mature,Missing CRM attribution
2026-05-08,C016,Google,In-House - Mid-Market,US,Content Download,Customer Proof,CR017,11,233.15,7586,286,3.773,8,5,0,0,0,Mature,
2026-05-09,C016,Google,In-House - Mid-Market,US,Content Download,Customer Proof,CR017,12,153.3,5209,159,3.07,3,2,0,0,0,Mature,
2026-05-10,C016,Google,In-House - Mid-Market,US,Content Download,Customer Proof,CR017,13,153.65,4880,144,2.964,4,3,0,0,0,Mature,
2026-05-11,C016,Google,In-House - Mid-Market,US,Content Download,Customer Proof,CR017,14,204.57,6070,222,3.665,7,3,0,0,0,Mature,
2026-05-12,C016,Google,In-House - Mid-Market,US,Content Download,Customer Proof,CR017,15,202.98,5724,190,3.337,4,2,0,0,0,Mature,
2026-05-13,C016,Google,In-House - Mid-Market,US,Content Download,Customer Proof,CR017,16,190.8,5796,226,3.91,8,4,0,0,0,Mature,
2026-05-14,C016,Google,In-House - Mid-Market,US,Content Download,Customer Proof,CR017,17,197.13,5704,215,3.78,6,3,0,0,0,Mature,
2026-05-15,C016,Google,In-House - Mid-Market,US,Content Download,Customer Proof,CR017,18,199.55,6680,212,3.186,6,4,0,0,0,Mature,
2026-05-16,C016,Google,In-House - Mid-Market,US,Content Download,Customer Proof,CR017,19,121.8,3647,106,2.919,2,1,0,0,0,Mature,
2026-05-17,C016,Google,In-House - Mid-Market,US,Content Download,Customer Proof,CR017,20,149.36,4878,167,3.439,4,2,0,0,0,Mature,
2026-05-18,C016,Google,In-House - Mid-Market,US,Content Download,Customer Proof,CR017,21,259.73,8105,296,3.66,8,6,0,0,0,Mature,
2026-05-19,C016,Google,In-House - Mid-Market,US,Content Download,Customer Proof,CR017,22,222.26,6435,203,3.155,5,2,0,0,0,Mature,
2026-05-20,C016,Google,In-House - Mid-Market,US,Content Download,Customer Proof,CR017,23,245.13,7771,264,3.406,6,3,0,0,0,Mature,
2026-05-21,C016,Google,In-House - Mid-Market,US,Content Download,Customer Proof,CR017,24,222.23,7455,231,3.105,7,4,0,0,0,Mature,
2026-05-22,C016,Google,In-House - Mid-Market,US,Content Download,Customer Proof,CR017,25,211.9,6311,237,3.76,7,5,0,0,0,Mature,
2026-05-23,C016,Google,In-House - Mid-Market,US,Content Download,Customer Proof,CR017,26,153.39,4899,181,3.712,4,2,0,0,0,Mature,
2026-05-24,C016,Google,In-House - Mid-Market,US,Content Download,Customer Proof,CR017,27,117.89,4049,137,3.388,3,2,0,0,0,Mature,
2026-05-25,C016,Google,In-House - Mid-Market,US,Content Download,Customer Proof,CR017,28,269.72,8952,274,3.068,8,5,0,0,0,Mature,
2026-05-26,C016,Google,In-House - Mid-Market,US,Content Download,Customer Proof,CR017,29,191.08,5873,194,3.308,6,3,0,0,0,Mature,
2026-05-27,C016,Google,In-House - Mid-Market,US,Content Download,Customer Proof,CR017,30,246.42,7455,293,3.942,9,4,0,0,0,Mature,
2026-05-28,C016,Google,In-House - Mid-Market,US,Content Download,Customer Proof,CR017,31,267.16,9159,281,3.073,6,4,0,0,0,Mature,
2026-05-29,C016,Google,In-House - Mid-Market,US,Content Download,Customer Proof,CR017,32,262.82,8589,339,3.958,7,3,0,0,0,Mature,
2026-05-30,C016,Google,In-House - Mid-Market,US,Content Download,Customer Proof,CR017,33,162.52,5241,171,3.266,6,3,0,0,0,Mature,
2026-05-31,C016,Google,In-House - Mid-Market,US,Content Download,Customer Proof,CR017,34,140.66,4236,147,3.484,5,3,0,0,0,Mature,
2026-06-01,C016,Google,In-House - Mid-Market,US,Content Download,Customer Proof,CR017,35,269.42,9123,344,3.779,9,6,0,0,0,Mature,
2026-06-02,C016,Google,In-House - Mid-Market,US,Content Download,Customer Proof,CR017,36,233.67,6769,194,2.878,4,2,0,0,0,Mature,
2026-06-03,C016,Google,In-House - Mid-Market,US,Content Download,Customer Proof,CR017,37,263.24,7600,278,3.661,6,4,0,0,0,Mature,
2026-06-04,C016,Google,In-House - Mid-Market,US,Content Download,Customer Proof,CR017,38,256.36,7987,244,3.067,5,3,0,0,0,Mature,
2026-06-05,C016,Google,In-House - Mid-Market,US,Content Download,Customer Proof,CR017,39,194.41,5876,189,3.23,6,2,0,0,0,Mature,
2026-06-06,C016,Google,In-House - Mid-Market,US,Content Download,Customer Proof,CR017,40,145.39,4683,156,3.334,5,2,0,0,0,Mature,
2026-06-07,C016,Google,In-House - Mid-Market,US,Content Download,Customer Proof,CR017,41,171.67,4912,138,2.818,4,2,0,0,0,Mature,
2026-06-08,C016,Google,In-House - Mid-Market,US,Content Download,Customer Proof,CR017,42,240.79,7270,221,3.051,8,4,0,0,0,Mature,
2026-06-09,C016,Google,In-House - Mid-Market,US,Content Download,Customer Proof,CR017,43,267.3,8270,302,3.654,10,6,0,0,0,Mature,
2026-06-10,C016,Google,In-House - Mid-Market,US,Content Download,Customer Proof,CR017,44,237.74,7024,208,2.962,7,5,0,0,0,Mature,
2026-06-11,C016,Google,In-House - Mid-Market,US,Content Download,Customer Proof,CR017,45,212.68,6029,234,3.884,7,4,0,0,0,Mature,
2026-06-12,C016,Google,In-House - Mid-Market,US,Content Download,Customer Proof,CR017,46,259.35,8242,265,3.226,6,4,0,0,0,Mature,
2026-06-13,C016,Google,In-House - Mid-Market,US,Content Download,Customer Proof,CR017,47,139.18,4634,132,2.861,4,2,0,0,0,Mature,
2026-06-14,C016,Google,In-House - Mid-Market,US,Content Download,Customer Proof,CR017,48,124.23,4104,125,3.047,3,2,0,0,0,Mature,
2026-06-15,C016,Google,In-House - Mid-Market,US,Content Download,Customer Proof,CR017,49,241.88,7445,264,3.546,9,4,0,0,0,Mature,
2026-06-16,C016,Google,In-House - Mid-Market,US,Content Download,Customer Proof,CR017,50,208.36,6644,201,3.037,7,3,0,0,0,Mature,
2026-06-17,C016,Google,In-House - Mid-Market,US,Content Download,Customer Proof,CR017,51,256.62,7411,261,3.524,6,0,0,0,0,Immature,
2026-06-18,C016,Google,In-House - Mid-Market,US,Content Download,Customer Proof,CR017,52,183.63,6163,218,3.546,5,2,0,0,0,Immature,
2026-06-19,C016,Google,In-House - Mid-Market,US,Content Download,Customer Proof,CR017,53,185.81,5690,225,3.96,5,0,0,0,0,Immature,
2026-06-20,C016,Google,In-House - Mid-Market,US,Content Download,Customer Proof,CR017,54,145.9,4240,137,3.239,4,2,0,0,0,Immature,
2026-06-21,C016,Google,In-House - Mid-Market,US,Content Download,Customer Proof,CR017,55,162.28,5174,149,2.884,4,0,0,0,0,Immature,
2026-06-22,C016,Google,In-House - Mid-Market,US,Content Download,Customer Proof,CR017,56,211.93,7256,253,3.491,6,0,0,0,0,Immature,
2026-06-23,C016,Google,In-House - Mid-Market,US,Content Download,Customer Proof,CR017,57,232.22,7563,251,3.331,6,4,0,0,0,Immature,
2026-06-24,C016,Google,In-House - Mid-Market,US,Content Download,Customer Proof,CR017,58,262.16,8900,291,3.276,7,0,0,0,0,Immature,
2026-04-05,C017,LinkedIn,Law Firm - Mid-Market,UK,Demo,AI Productivity,CR007,1,148.31,2179,27,1.271,0,0,0,0,0,Mature,
2026-04-06,C017,LinkedIn,Law Firm - Mid-Market,UK,Demo,AI Productivity,CR007,2,199.6,2828,30,1.085,0,0,0,0,0,Mature,
2026-04-07,C017,LinkedIn,Law Firm - Mid-Market,UK,Demo,AI Productivity,CR007,3,182.7,2583,28,1.108,0,0,0,0,0,Mature,
2026-04-08,C017,LinkedIn,Law Firm - Mid-Market,UK,Demo,AI Productivity,CR007,4,246.92,3938,45,1.166,0,0,0,0,0,Mature,
2026-04-09,C017,LinkedIn,Law Firm - Mid-Market,UK,Demo,AI Productivity,CR007,5,204.29,3220,33,1.027,0,0,0,0,0,Mature,
2026-04-10,C017,LinkedIn,Law Firm - Mid-Market,UK,Demo,AI Productivity,CR007,6,253.14,3814,42,1.106,0,0,0,0,0,Mature,
2026-04-11,C017,LinkedIn,Law Firm - Mid-Market,UK,Demo,AI Productivity,CR007,7,143.75,2053,25,1.245,0,0,0,0,0,Mature,
2026-04-12,C017,LinkedIn,Law Firm - Mid-Market,UK,Demo,AI Productivity,CR007,8,158.08,2489,28,1.139,0,0,0,0,0,Mature,
2026-04-13,C017,LinkedIn,Law Firm - Mid-Market,UK,Demo,AI Productivity,CR007,9,210.04,3092,32,1.046,0,0,0,0,0,Mature,
2026-04-14,C017,LinkedIn,Law Firm - Mid-Market,UK,Demo,AI Productivity,CR007,10,189.48,3048,29,0.981,0,0,0,0,0,Mature,
2026-04-15,C017,LinkedIn,Law Firm - Mid-Market,UK,Demo,AI Productivity,CR007,11,268.29,3667,47,1.291,0,0,0,0,0,Mature,
2026-04-16,C017,LinkedIn,Law Firm - Mid-Market,UK,Demo,AI Productivity,CR007,12,204.5,3013,32,1.089,0,0,0,0,0,Mature,
2026-04-17,C017,LinkedIn,Law Firm - Mid-Market,UK,Demo,AI Productivity,CR007,13,238.1,3421,36,1.081,0,0,0,0,0,Mature,
2026-04-18,C017,LinkedIn,Law Firm - Mid-Market,UK,Demo,AI Productivity,CR007,14,137.11,2141,23,1.096,0,0,0,0,0,Mature,
2026-04-19,C017,LinkedIn,Law Firm - Mid-Market,UK,Demo,AI Productivity,CR007,15,130.88,1984,23,1.175,0,0,0,0,0,Mature,
2026-04-20,C017,LinkedIn,Law Firm - Mid-Market,UK,Demo,AI Productivity,CR007,16,234.09,3684,48,1.309,0,0,0,0,0,Mature,
2026-04-21,C017,LinkedIn,Law Firm - Mid-Market,UK,Demo,AI Productivity,CR007,17,237.26,3303,39,1.199,0,0,0,0,0,Mature,
2026-04-22,C017,LinkedIn,Law Firm - Mid-Market,UK,Demo,AI Productivity,CR007,18,205.68,3052,36,1.201,0,0,0,0,0,Mature,
2026-04-23,C017,LinkedIn,Law Firm - Mid-Market,UK,Demo,AI Productivity,CR007,19,238.29,3796,48,1.281,0,0,0,0,0,Mature,
2026-04-24,C017,LinkedIn,Law Firm - Mid-Market,UK,Demo,AI Productivity,CR007,20,202.77,3026,39,1.307,0,0,0,0,0,Mature,
2026-04-25,C017,LinkedIn,Law Firm - Mid-Market,UK,Demo,AI Productivity,CR007,21,134.26,1784,19,1.121,0,0,0,0,0,Mature,
2026-04-26,C017,LinkedIn,Law Firm - Mid-Market,UK,Demo,AI Productivity,CR007,22,128.75,1994,19,0.966,0,0,0,0,0,Mature,
2026-04-27,C017,LinkedIn,Law Firm - Mid-Market,UK,Demo,AI Productivity,CR007,23,257.27,3562,38,1.078,0,0,0,0,0,Mature,
2026-04-28,C017,LinkedIn,Law Firm - Mid-Market,UK,Demo,AI Productivity,CR007,24,241.75,3391,40,1.207,0,0,0,0,0,Mature,
2026-04-29,C017,LinkedIn,Law Firm - Mid-Market,UK,Demo,AI Productivity,CR007,25,227.81,3216,41,1.303,0,0,0,0,0,Mature,
2026-04-30,C017,LinkedIn,Law Firm - Mid-Market,UK,Demo,AI Productivity,CR007,26,202.36,3185,32,1.017,0,0,0,0,0,Mature,
2026-05-01,C017,LinkedIn,Law Firm - Mid-Market,UK,Demo,AI Productivity,CR007,27,239.48,3341,42,1.272,0,0,0,0,0,Mature,
2026-05-02,C017,LinkedIn,Law Firm - Mid-Market,UK,Demo,AI Productivity,CR007,28,170.87,2480,25,1.048,0,0,0,0,0,Mature,
2026-05-03,C017,LinkedIn,Law Firm - Mid-Market,UK,Demo,AI Productivity,CR007,29,146.02,2290,27,1.21,0,0,0,0,0,Mature,
2026-05-04,C017,LinkedIn,Law Firm - Mid-Market,UK,Demo,AI Productivity,CR007,30,235.53,3137,41,1.313,0,0,0,0,0,Mature,
2026-05-05,C017,LinkedIn,Law Firm - Mid-Market,UK,Demo,AI Productivity,CR007,31,225.38,3230,39,1.222,0,0,0,0,0,Mature,
2026-05-06,C017,LinkedIn,Law Firm - Mid-Market,UK,Demo,AI Productivity,CR007,32,247.96,3301,45,1.363,0,0,0,0,0,Mature,
2026-05-07,C017,LinkedIn,Law Firm - Mid-Market,UK,Demo,AI Productivity,CR007,33,197.61,2823,34,1.209,0,0,0,0,0,Mature,
2026-05-08,C017,LinkedIn,Law Firm - Mid-Market,UK,Demo,AI Productivity,CR007,34,204.72,3262,40,1.24,0,0,0,0,0,Mature,
2026-05-09,C017,LinkedIn,Law Firm - Mid-Market,UK,Demo,AI Productivity,CR007,35,133.49,2054,23,1.147,0,0,0,0,0,Mature,
2026-05-10,C017,LinkedIn,Law Firm - Mid-Market,UK,Demo,AI Productivity,CR007,36,133.13,2087,22,1.077,0,0,0,0,0,Mature,
2026-05-11,C017,LinkedIn,Law Firm - Mid-Market,UK,Demo,AI Productivity,CR007,37,200.13,2865,30,1.073,0,0,0,0,0,Mature,
2026-05-12,C017,LinkedIn,Law Firm - Mid-Market,UK,Demo,AI Productivity,CR007,38,181.31,2537,34,1.369,0,0,0,0,0,Mature,
2026-05-13,C017,LinkedIn,Law Firm - Mid-Market,UK,Demo,AI Productivity,CR007,39,228.11,3626,47,1.322,0,0,0,0,0,Mature,
2026-05-14,C017,LinkedIn,Law Firm - Mid-Market,UK,Demo,AI Productivity,CR007,40,215.66,3429,33,0.981,0,0,0,0,0,Mature,
2026-05-15,C017,LinkedIn,Law Firm - Mid-Market,UK,Demo,AI Productivity,CR007,41,252.99,3838,51,1.35,0,0,0,0,0,Mature,
2026-05-16,C017,LinkedIn,Law Firm - Mid-Market,UK,Demo,AI Productivity,CR007,42,118.02,1674,23,1.38,0,0,0,0,0,Mature,
2026-05-17,C017,LinkedIn,Law Firm - Mid-Market,UK,Demo,AI Productivity,CR007,43,164.9,2360,30,1.289,0,0,0,0,0,Mature,
2026-05-18,C017,LinkedIn,Law Firm - Mid-Market,UK,Demo,AI Productivity,CR007,44,193.99,2589,27,1.076,0,0,0,0,0,Mature,
2026-05-19,C017,LinkedIn,Law Firm - Mid-Market,UK,Demo,AI Productivity,CR007,45,215.99,3341,31,0.938,0,0,0,0,0,Mature,
2026-05-20,C017,LinkedIn,Law Firm - Mid-Market,UK,Demo,AI Productivity,CR007,46,267.07,4042,46,1.158,0,0,0,,,Mature,Missing CRM attribution
2026-05-21,C017,LinkedIn,Law Firm - Mid-Market,UK,Demo,AI Productivity,CR007,47,258.07,4048,51,1.262,0,0,0,0,0,Mature,
2026-05-22,C017,LinkedIn,Law Firm - Mid-Market,UK,Demo,AI Productivity,CR007,48,240.22,3214,30,0.962,0,0,0,0,0,Mature,
2026-05-23,C017,LinkedIn,Law Firm - Mid-Market,UK,Demo,AI Productivity,CR007,49,152.0,2356,25,1.071,0,0,0,0,0,Mature,
2026-05-24,C017,LinkedIn,Law Firm - Mid-Market,UK,Demo,AI Productivity,CR007,50,144.93,2135,22,1.044,0,0,0,0,0,Mature,
2026-05-25,C017,LinkedIn,Law Firm - Mid-Market,UK,Demo,AI Productivity,CR007,51,264.78,4198,44,1.067,0,0,0,0,0,Mature,
2026-05-26,C017,LinkedIn,Law Firm - Mid-Market,UK,Demo,AI Productivity,CR007,52,246.55,3329,34,1.05,0,0,0,0,0,Mature,
2026-05-27,C017,LinkedIn,Law Firm - Mid-Market,UK,Demo,AI Productivity,CR007,53,234.94,3516,40,1.141,0,0,0,0,0,Mature,
2026-05-28,C017,LinkedIn,Law Firm - Mid-Market,UK,Demo,AI Productivity,CR007,54,264.9,3835,39,1.038,0,0,0,0,0,Mature,
2026-05-29,C017,LinkedIn,Law Firm - Mid-Market,UK,Demo,AI Productivity,CR007,55,252.63,4006,42,1.069,0,0,0,0,0,Mature,
2026-05-30,C017,LinkedIn,Law Firm - Mid-Market,UK,Demo,AI Productivity,CR007,56,144.46,2160,23,1.095,0,0,0,0,0,Mature,
2026-05-31,C017,LinkedIn,Law Firm - Mid-Market,UK,Demo,AI Productivity,CR007,57,146.18,2046,22,1.084,0,0,0,0,0,Mature,
2026-06-01,C017,LinkedIn,Law Firm - Mid-Market,UK,Demo,AI Productivity,CR007,58,268.06,3800,32,0.866,0,0,0,0,0,Mature,
2026-06-02,C017,LinkedIn,Law Firm - Mid-Market,UK,Demo,AI Productivity,CR007,59,255.23,3472,37,1.085,0,0,0,0,0,Mature,
2026-06-03,C017,LinkedIn,Law Firm - Mid-Market,UK,Demo,AI Productivity,CR007,60,263.14,4233,37,0.896,0,0,0,0,0,Mature,
2026-06-04,C017,LinkedIn,Law Firm - Mid-Market,UK,Demo,AI Productivity,CR007,61,241.2,3404,29,0.857,0,0,0,0,0,Mature,
2026-06-05,C017,LinkedIn,Law Firm - Mid-Market,UK,Demo,AI Productivity,CR007,62,231.17,3196,24,0.761,0,0,0,0,0,Mature,
2026-06-06,C017,LinkedIn,Law Firm - Mid-Market,UK,Demo,AI Productivity,CR007,63,137.12,1817,17,0.954,0,0,0,0,0,Mature,
2026-06-07,C017,LinkedIn,Law Firm - Mid-Market,UK,Demo,AI Productivity,CR007,64,126.27,2007,14,0.744,0,0,0,0,0,Mature,
2026-01-09,C018,Meta,In-House - Enterprise,US,Webinar,Workflow Automation,CR023,1,1124.42,55404,1081,1.952,20,6,0,0,0,Mature,
2026-01-10,C018,Meta,In-House - Enterprise,US,Webinar,Workflow Automation,CR023,2,807.34,38937,645,1.659,12,4,0,0,0,Mature,
2026-01-11,C018,Meta,In-House - Enterprise,US,Webinar,Workflow Automation,CR023,3,1019.8,53775,893,1.661,17,4,0,0,0,Mature,
2026-01-12,C018,Meta,In-House - Enterprise,US,Webinar,Workflow Automation,CR023,4,1539.66,77859,1390,1.786,27,7,1,97446,26293,Mature,
2026-01-13,C018,Meta,In-House - Enterprise,US,Webinar,Workflow Automation,CR023,5,1393.0,68296,1283,1.88,29,6,0,0,0,Mature,
2026-01-14,C018,Meta,In-House - Enterprise,US,Webinar,Workflow Automation,CR023,6,1213.13,68187,971,1.425,26,6,0,0,0,Mature,
2026-01-15,C018,Meta,In-House - Enterprise,US,Webinar,Workflow Automation,CR023,7,1411.21,68822,1095,1.591,30,9,1,43527,12287,Mature,
2026-01-16,C018,Meta,In-House - Enterprise,US,Webinar,Workflow Automation,CR023,8,1326.13,75554,1213,1.606,28,8,1,88275,20413,Mature,
2026-01-17,C018,Meta,In-House - Enterprise,US,Webinar,Workflow Automation,CR023,9,1000.58,53253,949,1.783,19,6,0,0,0,Mature,
2026-01-18,C018,Meta,In-House - Enterprise,US,Webinar,Workflow Automation,CR023,10,895.43,46143,755,1.637,16,5,0,0,0,Mature,
2026-01-19,C018,Meta,In-House - Enterprise,US,Webinar,Workflow Automation,CR023,11,1211.86,57866,836,1.446,20,4,0,0,0,Mature,
2026-01-20,C018,Meta,In-House - Enterprise,US,Webinar,Workflow Automation,CR023,12,1389.52,75491,1306,1.731,31,8,1,113147,33781,Mature,
2026-01-21,C018,Meta,In-House - Enterprise,US,Webinar,Workflow Automation,CR023,13,1293.56,69063,1281,1.856,35,11,1,81047,21849,Mature,
2026-01-22,C018,Meta,In-House - Enterprise,US,Webinar,Workflow Automation,CR023,14,1255.08,64767,995,1.537,20,5,0,0,0,Mature,
2026-01-23,C018,Meta,In-House - Enterprise,US,Webinar,Workflow Automation,CR023,15,1580.8,77943,1366,1.753,27,7,1,67747,16329,Mature,
2026-01-24,C018,Meta,In-House - Enterprise,US,Webinar,Workflow Automation,CR023,16,789.34,40107,756,1.886,18,5,0,0,0,Mature,
2026-01-25,C018,Meta,In-House - Enterprise,US,Webinar,Workflow Automation,CR023,17,902.49,52158,1014,1.945,25,8,1,80939,19982,Mature,
2026-01-26,C018,Meta,In-House - Enterprise,US,Webinar,Workflow Automation,CR023,18,1254.43,63895,1128,1.766,28,10,1,74489,22885,Mature,
2026-01-27,C018,Meta,In-House - Enterprise,US,Webinar,Workflow Automation,CR023,19,1504.41,77759,1138,1.464,19,4,0,0,0,Mature,
2026-01-28,C018,Meta,In-House - Enterprise,US,Webinar,Workflow Automation,CR023,20,1226.85,63878,1268,1.987,35,9,1,130476,40725,Mature,
2026-01-29,C018,Meta,In-House - Enterprise,US,Webinar,Workflow Automation,CR023,21,1207.69,63401,1231,1.943,29,8,1,123107,40276,Mature,
2026-01-30,C018,Meta,In-House - Enterprise,US,Webinar,Workflow Automation,CR023,22,1242.67,68338,1094,1.602,19,5,0,0,0,Mature,
2026-01-31,C018,Meta,In-House - Enterprise,US,Webinar,Workflow Automation,CR023,23,1027.12,53875,1004,1.865,27,6,1,122343,34671,Mature,
2026-02-01,C018,Meta,In-House - Enterprise,US,Webinar,Workflow Automation,CR023,24,939.72,53850,991,1.842,17,4,0,0,0,Mature,
2026-02-02,C018,Meta,In-House - Enterprise,US,Webinar,Workflow Automation,CR023,25,1093.14,57249,1015,1.774,23,7,0,0,0,Mature,
2026-02-03,C018,Meta,In-House - Enterprise,US,Webinar,Workflow Automation,CR023,26,1426.01,74805,1130,1.511,29,8,0,0,0,Mature,
2026-02-04,C018,Meta,In-House - Enterprise,US,Webinar,Workflow Automation,CR023,27,1288.02,70260,1213,1.727,32,9,1,48659,12048,Mature,
2026-02-05,C018,Meta,In-House - Enterprise,US,Webinar,Workflow Automation,CR023,28,1592.72,76745,1347,1.756,23,6,0,0,0,Mature,
2026-02-06,C018,Meta,In-House - Enterprise,US,Webinar,Workflow Automation,CR023,29,1088.91,59996,1088,1.815,20,6,1,114965,25687,Mature,
2026-02-07,C018,Meta,In-House - Enterprise,US,Webinar,Workflow Automation,CR023,30,1008.58,53782,985,1.833,23,7,1,146800,35636,Mature,
2026-02-08,C018,Meta,In-House - Enterprise,US,Webinar,Workflow Automation,CR023,31,879.57,45309,836,1.846,15,3,0,0,0,Mature,
2026-02-09,C018,Meta,In-House - Enterprise,US,Webinar,Workflow Automation,CR023,32,1370.85,76672,1282,1.672,34,10,1,89681,26613,Mature,
2026-02-10,C018,Meta,In-House - Enterprise,US,Webinar,Workflow Automation,CR023,33,1376.77,71182,1317,1.851,34,9,1,130347,29612,Mature,
2026-02-11,C018,Meta,In-House - Enterprise,US,Webinar,Workflow Automation,CR023,34,1286.13,65610,1014,1.547,24,6,0,0,0,Mature,
2026-02-12,C018,Meta,In-House - Enterprise,US,Webinar,Workflow Automation,CR023,35,1186.35,67533,1237,1.833,24,5,0,0,0,Mature,
2026-02-13,C018,Meta,In-House - Enterprise,US,Webinar,Workflow Automation,CR023,36,1215.18,65971,1026,1.556,27,8,1,95758,25923,Mature,
2026-02-14,C018,Meta,In-House - Enterprise,US,Webinar,Workflow Automation,CR023,37,892.36,45654,895,1.961,18,4,0,0,0,Mature,
2026-02-15,C018,Meta,In-House - Enterprise,US,Webinar,Workflow Automation,CR023,38,903.48,51665,1019,1.974,26,8,1,42143,11395,Mature,
2026-02-16,C018,Meta,In-House - Enterprise,US,Webinar,Workflow Automation,CR023,39,1597.25,82006,1302,1.588,35,9,1,67549,19689,Mature,
2026-02-27,C019,Google,In-House - Mid-Market,US,Webinar,Security,CR026,1,1190.48,34791,1070,3.076,22,15,2,117184,29300,Mature,
2026-02-28,C019,Google,In-House - Mid-Market,US,Webinar,Security,CR026,2,941.62,30262,974,3.219,18,7,1,34515,9607,Mature,
2026-03-01,C019,Google,In-House - Mid-Market,US,Webinar,Security,CR026,3,709.62,23741,700,2.952,10,5,0,0,0,Mature,
2026-03-02,C019,Google,In-House - Mid-Market,US,Webinar,Security,CR026,4,1345.69,38144,1333,3.496,29,20,4,163055,41014,Mature,
2026-03-03,C019,Google,In-House - Mid-Market,US,Webinar,Security,CR026,5,1292.88,36430,954,2.621,17,7,0,0,0,Mature,
2026-03-04,C019,Google,In-House - Mid-Market,US,Webinar,Security,CR026,6,1385.51,41237,1416,3.436,31,13,2,151499,42744,Mature,
2026-03-05,C019,Google,In-House - Mid-Market,US,Webinar,Security,CR026,7,1232.07,39630,1187,2.996,23,14,2,112596,29079,Mature,
2026-03-06,C019,Google,In-House - Mid-Market,US,Webinar,Security,CR026,8,1363.09,40543,1051,2.594,22,10,1,29653,8093,Mature,
2026-03-07,C019,Google,In-House - Mid-Market,US,Webinar,Security,CR026,9,855.14,25616,787,3.076,10,5,0,0,0,Mature,
2026-03-08,C019,Google,In-House - Mid-Market,US,Webinar,Security,CR026,10,893.41,27407,871,3.182,16,11,2,74784,17119,Mature,
2026-03-09,C019,Google,In-House - Mid-Market,US,Webinar,Security,CR026,11,1286.15,39869,1064,2.67,16,8,1,56748,18101,Mature,
2026-03-10,C019,Google,In-House - Mid-Market,US,Webinar,Security,CR026,12,1326.34,41343,1501,3.633,30,19,3,100671,33342,Mature,
2026-03-11,C019,Google,In-House - Mid-Market,US,Webinar,Security,CR026,13,1157.25,39750,1240,3.121,21,11,2,120006,27289,Mature,
2026-03-12,C019,Google,In-House - Mid-Market,US,Webinar,Security,CR026,14,1180.06,34085,1069,3.138,23,15,3,108496,35453,Mature,
2026-03-13,C019,Google,In-House - Mid-Market,US,Webinar,Security,CR026,15,1509.74,50980,1565,3.071,26,13,2,110073,34934,Mature,
2026-03-14,C019,Google,In-House - Mid-Market,US,Webinar,Security,CR026,16,1034.69,30570,1031,3.374,23,15,2,186880,58574,Mature,
2026-03-15,C019,Google,In-House - Mid-Market,US,Webinar,Security,CR026,17,934.12,31026,833,2.687,14,6,1,82722,18678,Mature,
2026-03-16,C019,Google,In-House - Mid-Market,US,Webinar,Security,CR026,18,1534.3,51743,1829,3.536,39,21,2,170945,47404,Mature,
2026-03-17,C019,Google,In-House - Mid-Market,US,Webinar,Security,CR026,19,1258.77,37416,1343,3.592,27,12,1,44574,13896,Mature,
2026-03-18,C019,Google,In-House - Mid-Market,US,Webinar,Security,CR026,20,1349.13,38533,1114,2.891,22,14,2,70959,16967,Mature,
2026-03-19,C019,Google,In-House - Mid-Market,US,Webinar,Security,CR026,21,1338.45,44467,1462,3.29,23,10,1,63908,18382,Mature,
2026-03-20,C019,Google,In-House - Mid-Market,US,Webinar,Security,CR026,22,1360.23,39806,1031,2.592,20,10,2,163314,35967,Mature,
2026-03-21,C019,Google,In-House - Mid-Market,US,Webinar,Security,CR026,23,974.07,33022,1047,3.174,20,11,2,79528,22486,Mature,
2026-03-22,C019,Google,In-House - Mid-Market,US,Webinar,Security,CR026,24,939.15,30123,868,2.884,16,10,1,40924,9084,Mature,
2026-03-23,C019,Google,In-House - Mid-Market,US,Webinar,Security,CR026,25,1123.83,34946,1127,3.227,23,16,2,126737,33822,Mature,
2026-03-24,C019,Google,In-House - Mid-Market,US,Webinar,Security,CR026,26,1606.86,51264,1369,2.671,28,18,3,98794,21791,Mature,
2026-03-25,C019,Google,In-House - Mid-Market,US,Webinar,Security,CR026,27,1428.29,42208,1280,3.033,24,10,2,173606,38551,Mature,
2026-03-26,C019,Google,In-House - Mid-Market,US,Webinar,Security,CR026,28,1225.89,38115,1181,3.1,23,10,1,75059,22953,Mature,
2026-03-27,C019,Google,In-House - Mid-Market,US,Webinar,Security,CR026,29,1227.91,37229,1249,3.355,27,18,3,284022,94562,Mature,
2026-03-28,C019,Google,In-House - Mid-Market,US,Webinar,Security,CR026,30,954.39,27796,881,3.17,16,9,1,57987,14800,Mature,
2026-03-29,C019,Google,In-House - Mid-Market,US,Webinar,Security,CR026,31,950.36,28129,721,2.564,12,7,1,33182,7849,Mature,
2026-03-30,C019,Google,In-House - Mid-Market,US,Webinar,Security,CR026,32,1265.29,36597,1324,3.62,25,15,2,109095,35419,Mature,
2026-03-31,C019,Google,In-House - Mid-Market,US,Webinar,Security,CR026,33,1271.68,41133,1468,3.57,23,11,1,73170,24785,Mature,
2026-04-01,C019,Google,In-House - Mid-Market,US,Webinar,Security,CR026,34,1596.76,45862,1382,3.014,25,12,2,142848,44162,Mature,
2026-04-02,C019,Google,In-House - Mid-Market,US,Webinar,Security,CR026,35,1139.82,33148,1054,3.181,19,12,1,68113,18224,Mature,
2026-04-03,C019,Google,In-House - Mid-Market,US,Webinar,Security,CR026,36,1614.5,47946,1655,3.454,25,12,2,122192,36714,Mature,
2026-04-04,C019,Google,In-House - Mid-Market,US,Webinar,Security,CR026,37,1034.16,29995,997,3.325,13,6,0,0,0,Mature,
2026-05-15,C020,LinkedIn,In-House - Enterprise,UK,Content Download,Customer Proof,CR018,1,888.03,14220,167,1.179,6,2,0,0,0,Mature,
2026-05-16,C020,LinkedIn,In-House - Enterprise,UK,Content Download,Customer Proof,CR018,2,660.43,9309,103,1.107,2,1,0,0,0,Mature,
2026-05-17,C020,LinkedIn,In-House - Enterprise,UK,Content Download,Customer Proof,CR018,3,526.41,7126,68,0.961,2,1,0,0,0,Mature,
2026-05-18,C020,LinkedIn,In-House - Enterprise,UK,Content Download,Customer Proof,CR018,4,878.86,12027,127,1.058,4,2,0,0,0,Mature,
2026-05-19,C020,LinkedIn,In-House - Enterprise,UK,Content Download,Customer Proof,CR018,5,919.1,13894,156,1.124,3,1,0,0,0,Mature,
2026-05-20,C020,LinkedIn,In-House - Enterprise,UK,Content Download,Customer Proof,CR018,6,822.88,13116,145,1.107,4,2,0,0,0,Mature,
2026-05-21,C020,LinkedIn,In-House - Enterprise,UK,Content Download,Customer Proof,CR018,7,859.67,13223,135,1.027,4,2,0,0,0,Mature,
2026-05-22,C020,LinkedIn,In-House - Enterprise,UK,Content Download,Customer Proof,CR018,8,864.75,11859,104,0.877,3,1,0,0,0,Mature,
2026-05-23,C020,LinkedIn,In-House - Enterprise,UK,Content Download,Customer Proof,CR018,9,634.16,8785,93,1.069,2,1,0,0,0,Mature,
2026-05-24,C020,LinkedIn,In-House - Enterprise,UK,Content Download,Customer Proof,CR018,10,585.49,8723,92,1.057,3,1,0,0,0,Mature,
2026-05-25,C020,LinkedIn,In-House - Enterprise,UK,Content Download,Customer Proof,CR018,11,792.62,10829,106,0.987,3,2,0,,,Mature,Missing CRM attribution
2026-05-26,C020,LinkedIn,In-House - Enterprise,UK,Content Download,Customer Proof,CR018,12,1051.0,16286,142,0.877,3,2,0,0,0,Mature,
2026-05-27,C020,LinkedIn,In-House - Enterprise,UK,Content Download,Customer Proof,CR018,13,992.25,15379,145,0.946,5,2,0,0,0,Mature,
2026-05-28,C020,LinkedIn,In-House - Enterprise,UK,Content Download,Customer Proof,CR018,14,759.32,11971,140,1.174,4,2,0,0,0,Mature,
2026-05-29,C020,LinkedIn,In-House - Enterprise,UK,Content Download,Customer Proof,CR018,15,890.24,13597,139,1.028,3,1,0,0,0,Mature,
2026-05-30,C020,LinkedIn,In-House - Enterprise,UK,Content Download,Customer Proof,CR018,16,547.44,8668,94,1.094,2,1,0,0,0,Mature,
2026-05-31,C020,LinkedIn,In-House - Enterprise,UK,Content Download,Customer Proof,CR018,17,505.27,7995,93,1.169,2,1,0,0,0,Mature,
2026-06-01,C020,LinkedIn,In-House - Enterprise,UK,Content Download,Customer Proof,CR018,18,987.57,13785,150,1.093,5,3,0,0,0,Mature,
2026-06-02,C020,LinkedIn,In-House - Enterprise,UK,Content Download,Customer Proof,CR018,19,823.61,13073,129,0.992,3,1,0,0,0,Mature,
2026-06-03,C020,LinkedIn,In-House - Enterprise,UK,Content Download,Customer Proof,CR018,20,1053.06,14478,134,0.93,4,2,0,0,0,Mature,
2026-06-04,C020,LinkedIn,In-House - Enterprise,UK,Content Download,Customer Proof,CR018,21,815.74,11442,100,0.878,2,1,0,0,0,Mature,
2026-06-05,C020,LinkedIn,In-House - Enterprise,UK,Content Download,Customer Proof,CR018,22,870.53,12470,142,1.14,3,2,0,0,0,Mature,
2026-06-06,C020,LinkedIn,In-House - Enterprise,UK,Content Download,Customer Proof,CR018,23,669.93,8869,96,1.087,3,1,0,0,0,Mature,
2026-04-27,C021,Meta,In-House - Enterprise,US,Webinar,Workflow Automation,CR024,1,443.4,21076,382,1.815,7,1,0,0,0,Mature,
2026-04-28,C021,Meta,In-House - Enterprise,US,Webinar,Workflow Automation,CR024,2,463.28,22627,328,1.453,7,2,0,0,0,Mature,
2026-04-29,C021,Meta,In-House - Enterprise,US,Webinar,Workflow Automation,CR024,3,361.66,18647,278,1.493,5,1,0,0,0,Mature,
2026-04-30,C021,Meta,In-House - Enterprise,US,Webinar,Workflow Automation,CR024,4,446.93,23902,342,1.435,7,2,0,0,0,Mature,
2026-05-01,C021,Meta,In-House - Enterprise,US,Webinar,Workflow Automation,CR024,5,380.01,20245,323,1.597,5,1,0,0,0,Mature,
2026-05-02,C021,Meta,In-House - Enterprise,US,Webinar,Workflow Automation,CR024,6,268.09,15357,267,1.742,6,2,0,0,0,Mature,
2026-05-03,C021,Meta,In-House - Enterprise,US,Webinar,Workflow Automation,CR024,7,347.85,19105,303,1.588,6,1,0,0,0,Mature,
2026-05-04,C021,Meta,In-House - Enterprise,US,Webinar,Workflow Automation,CR024,8,375.06,20305,290,1.429,5,1,0,0,0,Mature,
2026-05-05,C021,Meta,In-House - Enterprise,US,Webinar,Workflow Automation,CR024,9,510.89,26200,478,1.824,13,3,0,,,Mature,Missing CRM attribution
2026-05-06,C021,Meta,In-House - Enterprise,US,Webinar,Workflow Automation,CR024,10,385.45,22294,419,1.883,7,2,0,0,0,Mature,
2026-05-07,C021,Meta,In-House - Enterprise,US,Webinar,Workflow Automation,CR024,11,425.63,20600,382,1.857,8,2,0,0,0,Mature,
2026-05-08,C021,Meta,In-House - Enterprise,US,Webinar,Workflow Automation,CR024,12,381.62,19080,376,1.974,6,1,0,0,0,Mature,
2026-05-09,C021,Meta,In-House - Enterprise,US,Webinar,Workflow Automation,CR024,13,237.0,12465,215,1.727,5,1,0,0,0,Mature,
2026-05-10,C021,Meta,In-House - Enterprise,US,Webinar,Workflow Automation,CR024,14,338.06,18842,330,1.756,6,1,0,0,0,Mature,
2026-05-11,C021,Meta,In-House - Enterprise,US,Webinar,Workflow Automation,CR024,15,439.26,23016,322,1.403,6,1,0,0,0,Mature,
2026-05-12,C021,Meta,In-House - Enterprise,US,Webinar,Workflow Automation,CR024,16,534.61,30814,487,1.583,12,3,0,0,0,Mature,
2026-05-13,C021,Meta,In-House - Enterprise,US,Webinar,Workflow Automation,CR024,17,470.56,25368,483,1.907,13,3,0,0,0,Mature,
2026-05-14,C021,Meta,In-House - Enterprise,US,Webinar,Workflow Automation,CR024,18,528.66,26034,437,1.679,10,2,0,0,0,Mature,
2026-05-15,C021,Meta,In-House - Enterprise,US,Webinar,Workflow Automation,CR024,19,482.02,27402,403,1.474,9,3,0,0,0,Mature,
2026-05-16,C021,Meta,In-House - Enterprise,US,Webinar,Workflow Automation,CR024,20,328.83,18644,345,1.855,5,1,0,0,0,Mature,
2026-05-17,C021,Meta,In-House - Enterprise,US,Webinar,Workflow Automation,CR024,21,302.74,16423,326,1.989,8,2,0,0,0,Mature,
2026-05-18,C021,Meta,In-House - Enterprise,US,Webinar,Workflow Automation,CR024,22,530.14,26817,411,1.533,10,3,0,0,0,Mature,
2026-05-19,C021,Meta,In-House - Enterprise,US,Webinar,Workflow Automation,CR024,23,421.47,22101,315,1.429,8,2,0,0,0,Mature,
2026-05-20,C021,Meta,In-House - Enterprise,US,Webinar,Workflow Automation,CR024,24,509.79,24309,410,1.689,8,2,0,0,0,Mature,
2026-05-21,C021,Meta,In-House - Enterprise,US,Webinar,Workflow Automation,CR024,25,476.96,24379,346,1.423,9,2,0,0,0,Mature,
2026-05-22,C021,Meta,In-House - Enterprise,US,Webinar,Workflow Automation,CR024,26,388.79,22078,354,1.608,6,2,0,0,0,Mature,
2026-05-23,C021,Meta,In-House - Enterprise,US,Webinar,Workflow Automation,CR024,27,280.55,14575,248,1.704,5,1,0,0,0,Mature,
2026-05-24,C021,Meta,In-House - Enterprise,US,Webinar,Workflow Automation,CR024,28,261.56,14049,210,1.497,4,1,0,0,0,Mature,
2026-05-25,C021,Meta,In-House - Enterprise,US,Webinar,Workflow Automation,CR024,29,362.87,17408,282,1.62,6,1,0,0,0,Mature,
2026-05-26,C021,Meta,In-House - Enterprise,US,Webinar,Workflow Automation,CR024,30,427.9,20692,402,1.944,7,1,0,0,0,Mature,
2026-05-27,C021,Meta,In-House - Enterprise,US,Webinar,Workflow Automation,CR024,31,482.26,26210,492,1.878,9,2,0,0,0,Mature,
2026-05-28,C021,Meta,In-House - Enterprise,US,Webinar,Workflow Automation,CR024,32,526.42,29704,454,1.529,10,3,0,0,0,Mature,
2026-05-29,C021,Meta,In-House - Enterprise,US,Webinar,Workflow Automation,CR024,33,494.34,27341,537,1.967,12,3,0,0,0,Mature,
2026-05-30,C021,Meta,In-House - Enterprise,US,Webinar,Workflow Automation,CR024,34,235.6,13086,207,1.584,4,1,0,0,0,Mature,
2026-05-31,C021,Meta,In-House - Enterprise,US,Webinar,Workflow Automation,CR024,35,281.64,14473,277,1.914,4,1,0,0,0,Mature,
2026-06-01,C021,Meta,In-House - Enterprise,US,Webinar,Workflow Automation,CR024,36,376.27,20037,391,1.953,7,2,0,0,0,Mature,
2026-05-06,C022,Google,In-House - Enterprise,UK,Demo,Speed,CR032,1,1604.72,53693,2325,4.331,14,10,1,83167,24346,Mature,
2026-05-07,C022,Google,In-House - Enterprise,UK,Demo,Speed,CR032,2,1298.22,44151,1738,3.938,11,5,0,0,0,Mature,
2026-05-08,C022,Google,In-House - Enterprise,UK,Demo,Speed,CR032,3,1470.92,45040,1497,3.326,8,5,0,0,0,Mature,
2026-05-09,C022,Google,In-House - Enterprise,UK,Demo,Speed,CR032,4,828.15,27014,1154,4.273,5,2,0,0,0,Mature,
2026-05-10,C022,Google,In-House - Enterprise,UK,Demo,Speed,CR032,5,983.85,31827,1258,3.954,7,4,0,0,0,Mature,
2026-05-11,C022,Google,In-House - Enterprise,UK,Demo,Speed,CR032,6,1384.31,46168,1605,3.477,9,4,0,0,0,Mature,
2026-05-12,C022,Google,In-House - Enterprise,UK,Demo,Speed,CR032,7,1300.91,43418,1469,3.384,9,5,0,,,Mature,Missing CRM attribution
2026-05-13,C022,Google,In-House - Enterprise,UK,Demo,Speed,CR032,8,1327.54,43568,1560,3.581,7,3,0,0,0,Mature,
2026-05-14,C022,Google,In-House - Enterprise,UK,Demo,Speed,CR032,9,1190.21,37657,1257,3.339,6,3,0,0,0,Mature,
2026-05-15,C022,Google,In-House - Enterprise,UK,Demo,Speed,CR032,10,1143.26,33360,1188,3.563,5,2,0,0,0,Mature,
2026-05-16,C022,Google,In-House - Enterprise,UK,Demo,Speed,CR032,11,883.68,27011,974,3.608,6,3,0,0,0,Mature,
2026-05-17,C022,Google,In-House - Enterprise,UK,Demo,Speed,CR032,12,862.72,26997,1046,3.876,6,3,0,0,0,Mature,
2026-05-18,C022,Google,In-House - Enterprise,UK,Demo,Speed,CR032,13,1544.1,44946,1561,3.475,11,6,0,0,0,Mature,
2026-05-19,C022,Google,In-House - Enterprise,UK,Demo,Speed,CR032,14,1181.83,39722,1491,3.755,9,5,0,0,0,Mature,
2026-05-20,C022,Google,In-House - Enterprise,UK,Demo,Speed,CR032,15,1320.95,41517,1744,4.203,10,4,0,0,0,Mature,
2026-05-21,C022,Google,In-House - Enterprise,UK,Demo,Speed,CR032,16,1435.36,45496,1602,3.522,9,5,0,,,Mature,Missing CRM attribution
2026-05-22,C022,Google,In-House - Enterprise,UK,Demo,Speed,CR032,17,1594.92,52584,1706,3.245,11,6,0,0,0,Mature,
2026-05-23,C022,Google,In-House - Enterprise,UK,Demo,Speed,CR032,18,778.1,22992,885,3.852,4,2,0,0,0,Mature,
2026-05-24,C022,Google,In-House - Enterprise,UK,Demo,Speed,CR032,19,797.13,25518,924,3.621,6,2,0,0,0,Mature,
2026-05-25,C022,Google,In-House - Enterprise,UK,Demo,Speed,CR032,20,1176.36,39270,1273,3.242,7,4,0,0,0,Mature,
2026-05-26,C022,Google,In-House - Enterprise,UK,Demo,Speed,CR032,21,1338.44,42836,1474,3.442,8,4,0,0,0,Mature,
2026-05-27,C022,Google,In-House - Enterprise,UK,Demo,Speed,CR032,22,1305.55,41454,1726,4.165,9,6,0,0,0,Mature,
2026-05-28,C022,Google,In-House - Enterprise,UK,Demo,Speed,CR032,23,1236.65,38752,1633,4.215,10,7,0,0,0,Mature,
2026-05-29,C022,Google,In-House - Enterprise,UK,Demo,Speed,CR032,24,1500.91,48832,1732,3.548,11,5,0,0,0,Mature,
2026-05-30,C022,Google,In-House - Enterprise,UK,Demo,Speed,CR032,25,833.59,26782,1180,4.408,5,3,0,0,0,Mature,
2026-05-31,C022,Google,In-House - Enterprise,UK,Demo,Speed,CR032,26,751.88,22077,790,3.582,4,2,0,0,0,Mature,
2026-06-01,C022,Google,In-House - Enterprise,UK,Demo,Speed,CR032,27,1466.35,44709,1948,4.357,14,8,1,84150,23731,Mature,
2026-06-02,C022,Google,In-House - Enterprise,UK,Demo,Speed,CR032,28,1520.69,48934,1918,3.92,11,6,0,0,0,Mature,
2026-06-03,C022,Google,In-House - Enterprise,UK,Demo,Speed,CR032,29,1099.01,36706,1534,4.181,10,5,0,0,0,Mature,
2026-06-04,C022,Google,In-House - Enterprise,UK,Demo,Speed,CR032,30,1320.06,43546,1784,4.098,9,5,0,0,0,Mature,
2026-06-05,C022,Google,In-House - Enterprise,UK,Demo,Speed,CR032,31,1436.42,41926,1515,3.614,10,5,0,0,0,Mature,
2026-06-06,C022,Google,In-House - Enterprise,UK,Demo,Speed,CR032,32,742.5,21534,846,3.93,5,3,0,0,0,Mature,
2026-06-07,C022,Google,In-House - Enterprise,UK,Demo,Speed,CR032,33,760.96,23557,879,3.735,5,2,0,0,0,Mature,
2026-06-08,C022,Google,In-House - Enterprise,UK,Demo,Speed,CR032,34,1493.91,46967,1654,3.523,9,6,0,0,0,Mature,
2026-06-09,C022,Google,In-House - Enterprise,UK,Demo,Speed,CR032,35,1152.15,38909,1509,3.879,8,5,0,0,0,Mature,
2026-06-10,C022,Google,In-House - Enterprise,UK,Demo,Speed,CR032,36,1213.98,38341,1632,4.258,7,4,0,0,0,Mature,
2026-06-11,C022,Google,In-House - Enterprise,UK,Demo,Speed,CR032,37,1122.15,34836,1276,3.664,8,4,0,0,0,Mature,
2026-06-12,C022,Google,In-House - Enterprise,UK,Demo,Speed,CR032,38,1327.97,40167,1586,3.949,8,6,0,0,0,Mature,
2026-06-13,C022,Google,In-House - Enterprise,UK,Demo,Speed,CR032,39,859.2,27140,1155,4.256,5,3,0,0,0,Mature,
2026-06-14,C022,Google,In-House - Enterprise,UK,Demo,Speed,CR032,40,789.19,22803,838,3.679,6,4,0,0,0,Mature,
2026-06-15,C022,Google,In-House - Enterprise,UK,Demo,Speed,CR032,41,1458.0,42894,1423,3.319,7,5,0,0,0,Mature,
2026-06-16,C022,Google,In-House - Enterprise,UK,Demo,Speed,CR032,42,1086.98,35406,1254,3.544,8,5,0,0,0,Mature,
2026-06-17,C022,Google,In-House - Enterprise,UK,Demo,Speed,CR032,43,1362.52,42973,1706,3.972,12,0,0,0,0,Immature,
2026-06-18,C022,Google,In-House - Enterprise,UK,Demo,Speed,CR032,44,1548.63,45050,1706,3.789,8,0,0,0,0,Immature,
2026-06-19,C022,Google,In-House - Enterprise,UK,Demo,Speed,CR032,45,1348.66,38171,1453,3.807,9,0,0,0,0,Immature,
2026-06-20,C022,Google,In-House - Enterprise,UK,Demo,Speed,CR032,46,833.57,28602,1003,3.51,4,0,0,0,0,Immature,
2026-06-21,C022,Google,In-House - Enterprise,UK,Demo,Speed,CR032,47,975.63,28079,955,3.402,4,0,0,0,0,Immature,
2026-06-22,C022,Google,In-House - Enterprise,UK,Demo,Speed,CR032,48,1112.35,36053,1188,3.297,7,4,0,0,0,Immature,
2026-06-23,C022,Google,In-House - Enterprise,UK,Demo,Speed,CR032,49,1482.2,43529,1407,3.233,9,4,0,0,0,Immature,
2026-06-24,C022,Google,In-House - Enterprise,UK,Demo,Speed,CR032,50,1453.92,43020,1429,3.323,10,7,1,115555,35611,Immature,
2026-06-25,C022,Google,In-House - Enterprise,UK,Demo,Speed,CR032,51,1172.94,37302,1568,4.204,10,0,0,0,0,Immature,
2026-02-17,C023,LinkedIn,In-House - Mid-Market,France,Demo,Speed,CR032,1,1296.41,19117,249,1.304,1,0,0,0,0,Mature,
2026-02-18,C023,LinkedIn,In-House - Mid-Market,France,Demo,Speed,CR032,2,1594.43,23615,245,1.04,1,0,0,0,0,Mature,
2026-02-19,C023,LinkedIn,In-House - Mid-Market,France,Demo,Speed,CR032,3,1131.69,17218,179,1.04,0,0,0,0,0,Mature,
2026-02-20,C023,LinkedIn,In-House - Mid-Market,France,Demo,Speed,CR032,4,1509.84,21250,262,1.233,1,0,0,0,0,Mature,
2026-02-21,C023,LinkedIn,In-House - Mid-Market,France,Demo,Speed,CR032,5,923.68,12715,133,1.052,0,0,0,0,0,Mature,
2026-02-22,C023,LinkedIn,In-House - Mid-Market,France,Demo,Speed,CR032,6,787.36,12161,150,1.239,1,0,0,0,0,Mature,
2026-02-23,C023,LinkedIn,In-House - Mid-Market,France,Demo,Speed,CR032,7,1260.9,18438,245,1.332,1,0,0,0,0,Mature,
2026-02-24,C023,LinkedIn,In-House - Mid-Market,France,Demo,Speed,CR032,8,1139.43,17061,166,0.976,0,0,0,0,0,Mature,
2026-02-25,C023,LinkedIn,In-House - Mid-Market,France,Demo,Speed,CR032,9,1475.53,20597,231,1.126,1,0,0,0,0,Mature,
2026-02-26,C023,LinkedIn,In-House - Mid-Market,France,Demo,Speed,CR032,10,1226.51,16616,215,1.298,1,0,0,0,0,Mature,
2026-02-27,C023,LinkedIn,In-House - Mid-Market,France,Demo,Speed,CR032,11,1386.36,22380,279,1.25,1,0,0,0,0,Mature,
2026-02-28,C023,LinkedIn,In-House - Mid-Market,France,Demo,Speed,CR032,12,809.14,11964,146,1.222,1,0,0,0,0,Mature,
2026-03-01,C023,LinkedIn,In-House - Mid-Market,France,Demo,Speed,CR032,13,893.47,13778,150,1.091,0,0,0,0,0,Mature,
2026-03-02,C023,LinkedIn,In-House - Mid-Market,France,Demo,Speed,CR032,14,1378.27,21847,206,0.943,1,0,0,0,0,Mature,
2026-03-03,C023,LinkedIn,In-House - Mid-Market,France,Demo,Speed,CR032,15,1137.45,16704,191,1.149,1,0,0,0,0,Mature,
2026-03-04,C023,LinkedIn,In-House - Mid-Market,France,Demo,Speed,CR032,16,1141.55,18054,235,1.302,1,0,0,0,0,Mature,
2026-03-05,C023,LinkedIn,In-House - Mid-Market,France,Demo,Speed,CR032,17,1192.49,18683,179,0.963,1,0,0,0,0,Mature,
2026-03-06,C023,LinkedIn,In-House - Mid-Market,France,Demo,Speed,CR032,18,1344.59,17923,214,1.196,1,0,0,0,0,Mature,
2026-03-07,C023,LinkedIn,In-House - Mid-Market,France,Demo,Speed,CR032,19,797.65,10631,109,1.028,0,0,0,0,0,Mature,
2026-03-08,C023,LinkedIn,In-House - Mid-Market,France,Demo,Speed,CR032,20,945.92,14350,168,1.177,1,0,0,0,0,Mature,
2026-03-09,C023,LinkedIn,In-House - Mid-Market,France,Demo,Speed,CR032,21,1418.57,21020,241,1.15,1,0,0,0,0,Mature,
2026-03-10,C023,LinkedIn,In-House - Mid-Market,France,Demo,Speed,CR032,22,1344.96,20393,257,1.261,1,0,0,0,0,Mature,
2026-03-11,C023,LinkedIn,In-House - Mid-Market,France,Demo,Speed,CR032,23,1097.95,15833,175,1.11,0,0,0,0,0,Mature,
2026-04-15,C024,Meta,Law Firm - Mid-Market,UK,Content Download,Workflow Automation,CR020,1,364.25,20690,289,1.399,12,4,0,0,0,Mature,
2026-04-16,C024,Meta,Law Firm - Mid-Market,UK,Content Download,Workflow Automation,CR020,2,290.2,15486,228,1.478,7,2,0,0,0,Mature,
2026-04-17,C024,Meta,Law Firm - Mid-Market,UK,Content Download,Workflow Automation,CR020,3,327.61,17239,254,1.476,7,1,0,0,0,Mature,
2026-04-18,C024,Meta,Law Firm - Mid-Market,UK,Content Download,Workflow Automation,CR020,4,221.91,12556,231,1.848,8,1,0,0,0,Mature,
2026-04-19,C024,Meta,Law Firm - Mid-Market,UK,Content Download,Workflow Automation,CR020,5,184.64,9774,148,1.514,5,1,0,0,0,Mature,
2026-04-20,C024,Meta,Law Firm - Mid-Market,UK,Content Download,Workflow Automation,CR020,6,259.72,12897,253,1.967,7,2,0,0,0,Mature,
2026-04-21,C024,Meta,Law Firm - Mid-Market,UK,Content Download,Workflow Automation,CR020,7,323.0,15557,287,1.847,10,3,0,0,0,Mature,
2026-04-22,C024,Meta,Law Firm - Mid-Market,UK,Content Download,Workflow Automation,CR020,8,289.16,14924,262,1.762,10,2,0,0,0,Mature,
2026-04-23,C024,Meta,Law Firm - Mid-Market,UK,Content Download,Workflow Automation,CR020,9,335.69,16319,279,1.71,9,2,0,0,0,Mature,
2026-04-24,C024,Meta,Law Firm - Mid-Market,UK,Content Download,Workflow Automation,CR020,10,323.79,15603,294,1.885,8,2,0,0,0,Mature,
2026-04-25,C024,Meta,Law Firm - Mid-Market,UK,Content Download,Workflow Automation,CR020,11,182.8,9875,175,1.781,5,1,0,0,0,Mature,
2026-04-26,C024,Meta,Law Firm - Mid-Market,UK,Content Download,Workflow Automation,CR020,12,233.91,13194,233,1.772,10,3,0,0,0,Mature,
2026-04-27,C024,Meta,Law Firm - Mid-Market,UK,Content Download,Workflow Automation,CR020,13,262.8,13538,192,1.421,5,1,0,0,0,Mature,
2026-04-28,C024,Meta,Law Firm - Mid-Market,UK,Content Download,Workflow Automation,CR020,14,253.22,14082,235,1.67,8,1,0,0,0,Mature,
2026-04-29,C024,Meta,Law Firm - Mid-Market,UK,Content Download,Workflow Automation,CR020,15,305.98,15820,300,1.902,9,3,0,0,0,Mature,
2026-04-30,C024,Meta,Law Firm - Mid-Market,UK,Content Download,Workflow Automation,CR020,16,323.03,15518,255,1.644,7,2,0,0,0,Mature,
2026-05-01,C024,Meta,Law Firm - Mid-Market,UK,Content Download,Workflow Automation,CR020,17,269.97,13332,203,1.53,5,1,0,0,0,Mature,
2026-05-02,C024,Meta,Law Firm - Mid-Market,UK,Content Download,Workflow Automation,CR020,18,167.46,8175,159,1.945,5,1,0,0,0,Mature,
2026-05-03,C024,Meta,Law Firm - Mid-Market,UK,Content Download,Workflow Automation,CR020,19,177.28,10090,151,1.498,5,1,0,0,0,Mature,
2026-05-04,C024,Meta,Law Firm - Mid-Market,UK,Content Download,Workflow Automation,CR020,20,254.63,13115,249,1.904,8,2,0,0,0,Mature,
2026-05-05,C024,Meta,Law Firm - Mid-Market,UK,Content Download,Workflow Automation,CR020,21,280.77,14740,252,1.715,8,2,0,0,0,Mature,
2026-05-06,C024,Meta,Law Firm - Mid-Market,UK,Content Download,Workflow Automation,CR020,22,279.1,13825,262,1.9,10,2,0,0,0,Mature,
2026-05-07,C024,Meta,Law Firm - Mid-Market,UK,Content Download,Workflow Automation,CR020,23,324.07,16761,305,1.82,8,1,0,0,0,Mature,
2026-05-08,C024,Meta,Law Firm - Mid-Market,UK,Content Download,Workflow Automation,CR020,24,338.22,18499,363,1.965,10,2,0,0,0,Mature,
2026-05-09,C024,Meta,Law Firm - Mid-Market,UK,Content Download,Workflow Automation,CR020,25,211.36,12026,236,1.966,6,1,0,0,0,Mature,
2026-05-10,C024,Meta,Law Firm - Mid-Market,UK,Content Download,Workflow Automation,CR020,26,210.57,10130,187,1.847,8,1,0,0,0,Mature,
2026-05-11,C024,Meta,Law Firm - Mid-Market,UK,Content Download,Workflow Automation,CR020,27,271.22,14764,239,1.623,6,1,0,0,0,Mature,
2026-05-12,C024,Meta,Law Firm - Mid-Market,UK,Content Download,Workflow Automation,CR020,28,265.34,14015,251,1.796,9,2,0,0,0,Mature,
2026-05-13,C024,Meta,Law Firm - Mid-Market,UK,Content Download,Workflow Automation,CR020,29,331.03,17471,273,1.565,11,2,0,0,0,Mature,
2026-05-14,C024,Meta,Law Firm - Mid-Market,UK,Content Download,Workflow Automation,CR020,30,307.88,16126,298,1.852,8,2,0,0,0,Mature,
2026-05-15,C024,Meta,Law Firm - Mid-Market,UK,Content Download,Workflow Automation,CR020,31,350.01,17575,297,1.693,10,2,0,0,0,Mature,
2026-05-16,C024,Meta,Law Firm - Mid-Market,UK,Content Download,Workflow Automation,CR020,32,183.36,9789,151,1.545,5,1,0,0,0,Mature,
2026-05-17,C024,Meta,Law Firm - Mid-Market,UK,Content Download,Workflow Automation,CR020,33,214.76,10944,193,1.769,5,1,0,0,0,Mature,
2026-05-18,C024,Meta,Law Firm - Mid-Market,UK,Content Download,Workflow Automation,CR020,34,328.06,17866,318,1.782,11,2,0,0,0,Mature,
2026-05-19,C024,Meta,Law Firm - Mid-Market,UK,Content Download,Workflow Automation,CR020,35,298.09,14942,260,1.741,8,2,0,0,0,Mature,
2026-05-20,C024,Meta,Law Firm - Mid-Market,UK,Content Download,Workflow Automation,CR020,36,256.59,14242,205,1.444,5,1,0,,,Mature,Missing CRM attribution
2026-05-21,C024,Meta,Law Firm - Mid-Market,UK,Content Download,Workflow Automation,CR020,37,300.05,14712,271,1.849,10,2,0,0,0,Mature,
2026-05-22,C024,Meta,Law Firm - Mid-Market,UK,Content Download,Workflow Automation,CR020,38,281.05,14079,281,2.0,7,1,0,0,0,Mature,
2026-05-23,C024,Meta,Law Firm - Mid-Market,UK,Content Download,Workflow Automation,CR020,39,185.42,10519,180,1.712,5,1,0,0,0,Mature,
2026-05-24,C024,Meta,Law Firm - Mid-Market,UK,Content Download,Workflow Automation,CR020,40,190.31,9550,146,1.538,6,1,0,0,0,Mature,
2026-05-25,C024,Meta,Law Firm - Mid-Market,UK,Content Download,Workflow Automation,CR020,41,323.15,17540,252,1.442,7,1,0,0,0,Mature,
2026-05-26,C024,Meta,Law Firm - Mid-Market,UK,Content Download,Workflow Automation,CR020,42,375.86,18259,278,1.523,11,3,0,0,0,Mature,
2026-05-27,C024,Meta,Law Firm - Mid-Market,UK,Content Download,Workflow Automation,CR020,43,329.06,17070,331,1.94,14,4,0,,,Mature,Missing CRM attribution
2026-05-28,C024,Meta,Law Firm - Mid-Market,UK,Content Download,Workflow Automation,CR020,44,301.46,17268,321,1.86,11,3,0,0,0,Mature,
2026-05-29,C024,Meta,Law Firm - Mid-Market,UK,Content Download,Workflow Automation,CR020,45,301.94,16965,301,1.774,8,2,0,0,0,Mature,
2026-05-30,C024,Meta,Law Firm - Mid-Market,UK,Content Download,Workflow Automation,CR020,46,216.22,12057,165,1.374,5,1,0,0,0,Mature,
2026-05-31,C024,Meta,Law Firm - Mid-Market,UK,Content Download,Workflow Automation,CR020,47,189.89,9517,136,1.429,4,1,0,0,0,Mature,
2026-06-01,C024,Meta,Law Firm - Mid-Market,UK,Content Download,Workflow Automation,CR020,48,262.8,13757,255,1.859,10,3,0,0,0,Mature,
2026-06-02,C024,Meta,Law Firm - Mid-Market,UK,Content Download,Workflow Automation,CR020,49,337.21,16294,258,1.586,9,2,0,0,0,Mature,
2026-06-03,C024,Meta,Law Firm - Mid-Market,UK,Content Download,Workflow Automation,CR020,50,277.49,14666,216,1.476,8,2,0,0,0,Mature,
2026-06-04,C024,Meta,Law Firm - Mid-Market,UK,Content Download,Workflow Automation,CR020,51,309.08,16898,294,1.745,10,2,0,0,0,Mature,
2026-06-05,C024,Meta,Law Firm - Mid-Market,UK,Content Download,Workflow Automation,CR020,52,271.82,13360,223,1.67,7,1,0,0,0,Mature,
2026-06-06,C024,Meta,Law Firm - Mid-Market,UK,Content Download,Workflow Automation,CR020,53,245.21,12143,162,1.336,4,1,0,0,0,Mature,
2026-06-07,C024,Meta,Law Firm - Mid-Market,UK,Content Download,Workflow Automation,CR020,54,210.83,11108,154,1.388,5,1,0,0,0,Mature,
2026-06-08,C024,Meta,Law Firm - Mid-Market,UK,Content Download,Workflow Automation,CR020,55,297.71,16104,205,1.278,8,2,0,0,0,Mature,
2026-06-09,C024,Meta,Law Firm - Mid-Market,UK,Content Download,Workflow Automation,CR020,56,283.78,15731,219,1.394,8,2,0,0,0,Mature,
2026-06-10,C024,Meta,Law Firm - Mid-Market,UK,Content Download,Workflow Automation,CR020,57,263.28,12623,166,1.316,5,1,0,0,0,Mature,
2026-06-11,C024,Meta,Law Firm - Mid-Market,UK,Content Download,Workflow Automation,CR020,58,270.48,13218,199,1.513,5,1,0,0,0,Mature,
2026-06-12,C024,Meta,Law Firm - Mid-Market,UK,Content Download,Workflow Automation,CR020,59,252.94,12628,146,1.16,5,1,0,0,0,Mature,
2026-06-13,C024,Meta,Law Firm - Mid-Market,UK,Content Download,Workflow Automation,CR020,60,239.84,12623,185,1.472,6,1,0,0,0,Mature,
2026-06-14,C024,Meta,Law Firm - Mid-Market,UK,Content Download,Workflow Automation,CR020,61,220.28,12714,192,1.51,8,1,0,0,0,Mature,
2026-06-15,C024,Meta,Law Firm - Mid-Market,UK,Content Download,Workflow Automation,CR020,62,364.35,20718,274,1.325,8,2,0,0,0,Mature,
2026-06-16,C024,Meta,Law Firm - Mid-Market,UK,Content Download,Workflow Automation,CR020,63,365.72,20277,214,1.055,7,2,0,0,0,Mature,
2026-06-17,C024,Meta,Law Firm - Mid-Market,UK,Content Download,Workflow Automation,CR020,64,333.08,17865,213,1.196,5,0,0,0,0,Immature,
2026-04-22,C025,Google,Law Firm - Enterprise,UK,Demo,ROI,CR002,1,971.66,29648,1169,3.943,6,4,0,0,0,Mature,
2026-04-23,C025,Google,Law Firm - Enterprise,UK,Demo,ROI,CR002,2,987.43,33517,1399,4.174,7,4,0,0,0,Mature,
2026-04-24,C025,Google,Law Firm - Enterprise,UK,Demo,ROI,CR002,3,963.26,29703,972,3.273,6,3,0,0,0,Mature,
2026-04-25,C025,Google,Law Firm - Enterprise,UK,Demo,ROI,CR002,4,657.2,21334,713,3.346,3,2,0,0,0,Mature,
2026-04-26,C025,Google,Law Firm - Enterprise,UK,Demo,ROI,CR002,5,551.68,16560,693,4.19,3,2,0,0,0,Mature,
2026-04-27,C025,Google,Law Firm - Enterprise,UK,Demo,ROI,CR002,6,887.64,26460,1090,4.121,5,3,0,0,0,Mature,
2026-04-28,C025,Google,Law Firm - Enterprise,UK,Demo,ROI,CR002,7,1039.42,30442,1172,3.852,7,5,0,0,0,Mature,
2026-04-29,C025,Google,Law Firm - Enterprise,UK,Demo,ROI,CR002,8,1072.05,35234,1410,4.004,7,5,1,53835,15939,Mature,
2026-04-30,C025,Google,Law Firm - Enterprise,UK,Demo,ROI,CR002,9,787.06,23563,845,3.59,4,3,0,0,0,Mature,
2026-05-01,C025,Google,Law Firm - Enterprise,UK,Demo,ROI,CR002,10,784.16,26432,978,3.703,6,4,0,0,0,Mature,
2026-05-02,C025,Google,Law Firm - Enterprise,UK,Demo,ROI,CR002,11,578.63,16416,630,3.84,4,3,0,0,0,Mature,
2026-05-03,C025,Google,Law Firm - Enterprise,UK,Demo,ROI,CR002,12,619.12,20481,655,3.202,4,3,0,0,0,Mature,
2026-05-04,C025,Google,Law Firm - Enterprise,UK,Demo,ROI,CR002,13,885.47,30334,1027,3.388,6,4,0,0,0,Mature,
2026-05-05,C025,Google,Law Firm - Enterprise,UK,Demo,ROI,CR002,14,791.11,25782,990,3.842,5,3,0,0,0,Mature,
2026-05-06,C025,Google,Law Firm - Enterprise,UK,Demo,ROI,CR002,15,996.2,28667,1036,3.614,6,4,0,0,0,Mature,
2026-05-07,C025,Google,Law Firm - Enterprise,UK,Demo,ROI,CR002,16,790.33,22509,813,3.612,4,2,0,0,0,Mature,
2026-05-08,C025,Google,Law Firm - Enterprise,UK,Demo,ROI,CR002,17,790.35,22361,891,3.988,5,4,0,0,0,Mature,
2026-05-09,C025,Google,Law Firm - Enterprise,UK,Demo,ROI,CR002,18,534.75,15946,626,3.931,3,1,0,0,0,Mature,
2026-05-10,C025,Google,Law Firm - Enterprise,UK,Demo,ROI,CR002,19,611.39,17318,593,3.429,2,1,0,0,0,Mature,
2026-05-11,C025,Google,Law Firm - Enterprise,UK,Demo,ROI,CR002,20,1062.02,33267,1252,3.764,5,4,0,0,0,Mature,
2026-05-12,C025,Google,Law Firm - Enterprise,UK,Demo,ROI,CR002,21,903.69,30273,1267,4.188,7,4,0,0,0,Mature,
2026-05-13,C025,Google,Law Firm - Enterprise,UK,Demo,ROI,CR002,22,1009.8,31936,1267,3.969,6,4,0,0,0,Mature,
2026-05-14,C025,Google,Law Firm - Enterprise,UK,Demo,ROI,CR002,23,950.98,30333,1216,4.01,7,5,0,0,0,Mature,
2026-05-15,C025,Google,Law Firm - Enterprise,UK,Demo,ROI,CR002,24,1037.71,32880,1185,3.607,7,5,0,0,0,Mature,
2026-05-16,C025,Google,Law Firm - Enterprise,UK,Demo,ROI,CR002,25,627.66,17850,709,3.975,4,3,0,0,0,Mature,
2026-05-17,C025,Google,Law Firm - Enterprise,UK,Demo,ROI,CR002,26,475.73,15671,552,3.523,2,1,0,0,0,Mature,
2026-05-18,C025,Google,Law Firm - Enterprise,UK,Demo,ROI,CR002,27,951.32,29882,1266,4.239,9,5,0,0,0,Mature,
2026-05-19,C025,Google,Law Firm - Enterprise,UK,Demo,ROI,CR002,28,1003.16,34436,1241,3.604,5,2,0,0,0,Mature,
2026-05-20,C025,Google,Law Firm - Enterprise,UK,Demo,ROI,CR002,29,799.46,23445,756,3.227,4,3,0,0,0,Mature,
2026-05-21,C025,Google,Law Firm - Enterprise,UK,Demo,ROI,CR002,30,810.44,23755,873,3.678,5,3,0,0,0,Mature,
2026-05-22,C025,Google,Law Firm - Enterprise,UK,Demo,ROI,CR002,31,1007.0,32826,1326,4.041,6,5,0,0,0,Mature,
2026-05-23,C025,Google,Law Firm - Enterprise,UK,Demo,ROI,CR002,32,640.6,19807,633,3.199,4,2,0,0,0,Mature,
2026-05-24,C025,Google,Law Firm - Enterprise,UK,Demo,ROI,CR002,33,565.97,16526,622,3.768,4,2,0,0,0,Mature,
2026-05-25,C025,Google,Law Firm - Enterprise,UK,Demo,ROI,CR002,34,887.83,30067,1266,4.214,7,5,0,0,0,Mature,
2026-05-26,C025,Google,Law Firm - Enterprise,UK,Demo,ROI,CR002,35,766.17,21937,690,3.149,3,1,0,0,0,Mature,
2026-05-27,C025,Google,Law Firm - Enterprise,UK,Demo,ROI,CR002,36,953.09,30327,1038,3.423,6,3,0,0,0,Mature,
2026-05-28,C025,Google,Law Firm - Enterprise,UK,Demo,ROI,CR002,37,1067.93,32263,1215,3.768,8,6,0,0,0,Mature,
2026-05-29,C025,Google,Law Firm - Enterprise,UK,Demo,ROI,CR002,38,899.22,28997,1226,4.231,6,5,0,0,0,Mature,
2026-05-30,C025,Google,Law Firm - Enterprise,UK,Demo,ROI,CR002,39,521.77,15983,555,3.476,3,2,0,0,0,Mature,
2026-05-31,C025,Google,Law Firm - Enterprise,UK,Demo,ROI,CR002,40,631.74,19098,570,2.986,4,2,0,0,0,Mature,
2026-06-01,C025,Google,Law Firm - Enterprise,UK,Demo,ROI,CR002,41,904.99,27473,1128,4.108,6,3,0,0,0,Mature,
2026-06-02,C025,Google,Law Firm - Enterprise,UK,Demo,ROI,CR002,42,826.55,24083,839,3.484,4,2,0,0,0,Mature,
2026-06-03,C025,Google,Law Firm - Enterprise,UK,Demo,ROI,CR002,43,766.24,25014,906,3.622,4,2,0,0,0,Mature,
2026-06-04,C025,Google,Law Firm - Enterprise,UK,Demo,ROI,CR002,44,898.49,25467,780,3.066,4,3,0,0,0,Mature,
2026-06-05,C025,Google,Law Firm - Enterprise,UK,Demo,ROI,CR002,45,1076.53,30611,1112,3.633,8,4,0,0,0,Mature,
2026-01-08,C026,LinkedIn,In-House - Enterprise,DACH,Content Download,Workflow Automation,CR023,1,221.06,3421,33,0.981,0,0,0,0,0,Mature,
2026-01-09,C026,LinkedIn,In-House - Enterprise,DACH,Content Download,Workflow Automation,CR023,2,189.53,2547,24,0.979,0,0,0,0,0,Mature,
2026-01-10,C026,LinkedIn,In-House - Enterprise,DACH,Content Download,Workflow Automation,CR023,3,132.56,1991,20,1.037,0,0,0,0,0,Mature,
2026-01-11,C026,LinkedIn,In-House - Enterprise,DACH,Content Download,Workflow Automation,CR023,4,151.28,2379,26,1.097,0,0,0,0,0,Mature,
2026-01-12,C026,LinkedIn,In-House - Enterprise,DACH,Content Download,Workflow Automation,CR023,5,221.55,3011,32,1.082,0,0,0,0,0,Mature,
2026-01-13,C026,LinkedIn,In-House - Enterprise,DACH,Content Download,Workflow Automation,CR023,6,266.08,3751,35,0.953,1,0,0,0,0,Mature,
2026-01-14,C026,LinkedIn,In-House - Enterprise,DACH,Content Download,Workflow Automation,CR023,7,222.16,3289,34,1.049,0,0,0,0,0,Mature,
2026-01-15,C026,LinkedIn,In-House - Enterprise,DACH,Content Download,Workflow Automation,CR023,8,203.41,2713,27,1.026,0,0,0,0,0,Mature,
2026-01-16,C026,LinkedIn,In-House - Enterprise,DACH,Content Download,Workflow Automation,CR023,9,255.71,3978,38,0.974,0,0,0,0,0,Mature,
2026-01-17,C026,LinkedIn,In-House - Enterprise,DACH,Content Download,Workflow Automation,CR023,10,152.79,2366,27,1.148,0,0,0,0,0,Mature,
2026-01-18,C026,LinkedIn,In-House - Enterprise,DACH,Content Download,Workflow Automation,CR023,11,127.71,1724,16,0.937,0,0,0,0,0,Mature,
2026-01-19,C026,LinkedIn,In-House - Enterprise,DACH,Content Download,Workflow Automation,CR023,12,269.54,4330,44,1.02,1,0,0,0,0,Mature,
2026-01-20,C026,LinkedIn,In-House - Enterprise,DACH,Content Download,Workflow Automation,CR023,13,195.06,2608,27,1.047,0,0,0,0,0,Mature,
2026-01-21,C026,LinkedIn,In-House - Enterprise,DACH,Content Download,Workflow Automation,CR023,14,189.01,2837,31,1.122,0,0,0,0,0,Mature,
2026-01-22,C026,LinkedIn,In-House - Enterprise,DACH,Content Download,Workflow Automation,CR023,15,193.75,3093,29,0.958,0,0,0,0,0,Mature,
2026-01-23,C026,LinkedIn,In-House - Enterprise,DACH,Content Download,Workflow Automation,CR023,16,267.25,3654,41,1.129,1,0,0,0,0,Mature,
2026-01-24,C026,LinkedIn,In-House - Enterprise,DACH,Content Download,Workflow Automation,CR023,17,131.56,1920,22,1.192,0,0,0,0,0,Mature,
2026-01-25,C026,LinkedIn,In-House - Enterprise,DACH,Content Download,Workflow Automation,CR023,18,135.84,2075,23,1.152,0,0,0,0,0,Mature,
2026-01-26,C026,LinkedIn,In-House - Enterprise,DACH,Content Download,Workflow Automation,CR023,19,269.87,4170,43,1.051,1,0,0,0,0,Mature,
2026-01-27,C026,LinkedIn,In-House - Enterprise,DACH,Content Download,Workflow Automation,CR023,20,260.76,3953,41,1.038,1,0,0,0,0,Mature,
2026-01-28,C026,LinkedIn,In-House - Enterprise,DACH,Content Download,Workflow Automation,CR023,21,269.33,3946,43,1.106,1,0,0,0,0,Mature,
2026-01-29,C026,LinkedIn,In-House - Enterprise,DACH,Content Download,Workflow Automation,CR023,22,186.09,2493,25,1.037,0,0,0,0,0,Mature,
2026-01-30,C026,LinkedIn,In-House - Enterprise,DACH,Content Download,Workflow Automation,CR023,23,242.65,3877,38,0.994,0,0,0,0,0,Mature,
2026-01-31,C026,LinkedIn,In-House - Enterprise,DACH,Content Download,Workflow Automation,CR023,24,136.25,1888,17,0.923,0,0,0,0,0,Mature,
2026-02-01,C026,LinkedIn,In-House - Enterprise,DACH,Content Download,Workflow Automation,CR023,25,139.43,2015,21,1.059,0,0,0,0,0,Mature,
2026-02-02,C026,LinkedIn,In-House - Enterprise,DACH,Content Download,Workflow Automation,CR023,26,252.25,3933,36,0.929,0,0,0,0,0,Mature,
2026-02-03,C026,LinkedIn,In-House - Enterprise,DACH,Content Download,Workflow Automation,CR023,27,245.21,3959,41,1.039,1,0,0,0,0,Mature,
2026-02-04,C026,LinkedIn,In-House - Enterprise,DACH,Content Download,Workflow Automation,CR023,28,232.16,3457,36,1.054,1,0,0,0,0,Mature,
2026-02-05,C026,LinkedIn,In-House - Enterprise,DACH,Content Download,Workflow Automation,CR023,29,232.01,3485,35,1.015,0,0,0,0,0,Mature,
2026-02-06,C026,LinkedIn,In-House - Enterprise,DACH,Content Download,Workflow Automation,CR023,30,266.6,4164,50,1.202,1,0,0,0,0,Mature,
2026-02-07,C026,LinkedIn,In-House - Enterprise,DACH,Content Download,Workflow Automation,CR023,31,140.34,2090,20,0.994,0,0,0,0,0,Mature,
2026-02-08,C026,LinkedIn,In-House - Enterprise,DACH,Content Download,Workflow Automation,CR023,32,161.54,2610,23,0.914,0,0,0,0,0,Mature,
2026-02-09,C026,LinkedIn,In-House - Enterprise,DACH,Content Download,Workflow Automation,CR023,33,211.67,3075,28,0.934,0,0,0,0,0,Mature,
2026-02-10,C026,LinkedIn,In-House - Enterprise,DACH,Content Download,Workflow Automation,CR023,34,263.25,3746,42,1.123,1,0,0,0,0,Mature,
2026-02-11,C026,LinkedIn,In-House - Enterprise,DACH,Content Download,Workflow Automation,CR023,35,196.63,3168,36,1.167,1,0,0,0,0,Mature,
2026-02-12,C026,LinkedIn,In-House - Enterprise,DACH,Content Download,Workflow Automation,CR023,36,251.14,3773,43,1.145,1,0,0,0,0,Mature,
2026-02-13,C026,LinkedIn,In-House - Enterprise,DACH,Content Download,Workflow Automation,CR023,37,219.08,3442,38,1.112,1,0,0,0,0,Mature,
2026-02-14,C026,LinkedIn,In-House - Enterprise,DACH,Content Download,Workflow Automation,CR023,38,159.71,2113,24,1.166,0,0,0,0,0,Mature,
2026-02-15,C026,LinkedIn,In-House - Enterprise,DACH,Content Download,Workflow Automation,CR023,39,169.49,2547,27,1.067,0,0,0,0,0,Mature,
2026-02-16,C026,LinkedIn,In-House - Enterprise,DACH,Content Download,Workflow Automation,CR023,40,184.43,2953,28,0.982,0,0,0,0,0,Mature,
2026-02-17,C026,LinkedIn,In-House - Enterprise,DACH,Content Download,Workflow Automation,CR023,41,186.86,2900,27,0.954,0,0,0,0,0,Mature,
2026-02-18,C026,LinkedIn,In-House - Enterprise,DACH,Content Download,Workflow Automation,CR023,42,253.28,3729,42,1.139,1,0,0,0,0,Mature,
2026-02-19,C026,LinkedIn,In-House - Enterprise,DACH,Content Download,Workflow Automation,CR023,43,262.15,3736,32,0.866,0,0,0,0,0,Mature,
2026-02-20,C026,LinkedIn,In-House - Enterprise,DACH,Content Download,Workflow Automation,CR023,44,216.46,3275,38,1.178,1,0,0,0,0,Mature,
2026-02-21,C026,LinkedIn,In-House - Enterprise,DACH,Content Download,Workflow Automation,CR023,45,162.22,2250,22,0.987,0,0,0,0,0,Mature,
2026-02-22,C026,LinkedIn,In-House - Enterprise,DACH,Content Download,Workflow Automation,CR023,46,172.33,2294,21,0.923,0,0,0,0,0,Mature,
2026-02-23,C026,LinkedIn,In-House - Enterprise,DACH,Content Download,Workflow Automation,CR023,47,268.85,3763,31,0.83,0,0,0,0,0,Mature,
2026-02-24,C026,LinkedIn,In-House - Enterprise,DACH,Content Download,Workflow Automation,CR023,48,239.73,3783,37,0.985,0,0,0,0,0,Mature,
2026-02-25,C026,LinkedIn,In-House - Enterprise,DACH,Content Download,Workflow Automation,CR023,49,249.7,3416,28,0.82,0,0,0,0,0,Mature,
2026-02-26,C026,LinkedIn,In-House - Enterprise,DACH,Content Download,Workflow Automation,CR023,50,191.58,2695,24,0.916,0,0,0,0,0,Mature,
2026-02-27,C026,LinkedIn,In-House - Enterprise,DACH,Content Download,Workflow Automation,CR023,51,222.92,3396,26,0.77,0,0,0,0,0,Mature,
2026-03-18,C027,Meta,Law Firm - Enterprise,US,Webinar,ROI,CR002,1,1597.95,77891,1292,1.659,31,12,2,91968,20523,Mature,
2026-03-19,C027,Meta,Law Firm - Enterprise,US,Webinar,ROI,CR002,2,1591.51,85468,1290,1.51,29,10,2,286017,95623,Mature,
2026-03-20,C027,Meta,Law Firm - Enterprise,US,Webinar,ROI,CR002,3,1101.69,59832,905,1.514,21,8,1,116001,34424,Mature,
2026-03-21,C027,Meta,Law Firm - Enterprise,US,Webinar,ROI,CR002,4,898.43,49820,922,1.852,17,6,1,104689,33166,Mature,
2026-03-22,C027,Meta,Law Firm - Enterprise,US,Webinar,ROI,CR002,5,973.46,47628,932,1.957,21,7,1,105916,33287,Mature,
2026-03-23,C027,Meta,Law Firm - Enterprise,US,Webinar,ROI,CR002,6,1261.61,62485,1266,2.028,29,11,2,118418,27377,Mature,
2026-03-24,C027,Meta,Law Firm - Enterprise,US,Webinar,ROI,CR002,7,1455.24,70707,1136,1.608,22,6,0,0,0,Mature,
2026-03-25,C027,Meta,Law Firm - Enterprise,US,Webinar,ROI,CR002,8,1139.05,62724,987,1.575,26,7,1,54046,12256,Mature,
2026-03-26,C027,Meta,Law Firm - Enterprise,US,Webinar,ROI,CR002,9,1564.12,80621,1552,1.926,35,10,2,121965,33806,Mature,
2026-03-27,C027,Meta,Law Firm - Enterprise,US,Webinar,ROI,CR002,10,1205.3,63309,1182,1.867,30,11,2,129789,43405,Mature,
2026-03-28,C027,Meta,Law Firm - Enterprise,US,Webinar,ROI,CR002,11,712.74,40059,740,1.848,15,4,0,0,0,Mature,
2026-03-29,C027,Meta,Law Firm - Enterprise,US,Webinar,ROI,CR002,12,999.38,47673,756,1.586,12,4,0,0,0,Mature,
2026-03-30,C027,Meta,Law Firm - Enterprise,US,Webinar,ROI,CR002,13,1556.99,83388,1590,1.907,39,14,3,156541,43644,Mature,
2026-03-31,C027,Meta,Law Firm - Enterprise,US,Webinar,ROI,CR002,14,1335.05,67746,1187,1.753,23,7,1,88543,26974,Mature,
2026-04-01,C027,Meta,Law Firm - Enterprise,US,Webinar,ROI,CR002,15,1235.72,60776,1122,1.848,21,6,1,106380,29390,Mature,
2026-04-02,C027,Meta,Law Firm - Enterprise,US,Webinar,ROI,CR002,16,1616.25,80909,1183,1.463,20,6,0,0,0,Mature,
2026-04-03,C027,Meta,Law Firm - Enterprise,US,Webinar,ROI,CR002,17,1501.14,79647,1425,1.79,36,10,1,125272,33041,Mature,
2026-04-04,C027,Meta,Law Firm - Enterprise,US,Webinar,ROI,CR002,18,954.22,55054,1083,1.969,22,5,0,0,0,Mature,
2026-04-05,C027,Meta,Law Firm - Enterprise,US,Webinar,ROI,CR002,19,838.32,46962,803,1.712,16,6,1,142829,33658,Mature,
2026-04-06,C027,Meta,Law Firm - Enterprise,US,Webinar,ROI,CR002,20,1140.73,60505,1135,1.876,24,8,1,95820,31379,Mature,
2026-04-07,C027,Meta,Law Firm - Enterprise,US,Webinar,ROI,CR002,21,1590.74,84714,1261,1.489,25,9,1,105496,23348,Mature,
2026-04-08,C027,Meta,Law Firm - Enterprise,US,Webinar,ROI,CR002,22,1602.4,87910,1360,1.548,25,9,1,151589,49821,Mature,
2026-04-09,C027,Meta,Law Firm - Enterprise,US,Webinar,ROI,CR002,23,1521.12,82260,1467,1.784,34,10,1,151948,46950,Mature,
2026-04-10,C027,Meta,Law Firm - Enterprise,US,Webinar,ROI,CR002,24,1567.23,80191,1293,1.613,27,7,1,129543,35410,Mature,
2026-04-11,C027,Meta,Law Firm - Enterprise,US,Webinar,ROI,CR002,25,844.84,40557,719,1.774,16,6,1,112160,37008,Mature,
2026-04-12,C027,Meta,Law Firm - Enterprise,US,Webinar,ROI,CR002,26,763.55,41986,646,1.539,11,3,0,0,0,Mature,
2026-04-13,C027,Meta,Law Firm - Enterprise,US,Webinar,ROI,CR002,27,1491.44,84195,1255,1.491,33,13,2,193292,55230,Mature,
2026-04-14,C027,Meta,Law Firm - Enterprise,US,Webinar,ROI,CR002,28,1503.6,76489,1142,1.494,28,11,1,137788,36835,Mature,
2026-04-15,C027,Meta,Law Firm - Enterprise,US,Webinar,ROI,CR002,29,1512.1,74977,1096,1.462,23,10,1,118768,36871,Mature,
2026-04-16,C027,Meta,Law Firm - Enterprise,US,Webinar,ROI,CR002,30,1232.29,61455,932,1.517,25,6,0,0,0,Mature,
2026-04-17,C027,Meta,Law Firm - Enterprise,US,Webinar,ROI,CR002,31,1261.61,72366,1193,1.649,32,12,1,45018,15209,Mature,
2026-04-18,C027,Meta,Law Firm - Enterprise,US,Webinar,ROI,CR002,32,966.14,53671,807,1.505,15,5,0,0,0,Mature,
2026-04-19,C027,Meta,Law Firm - Enterprise,US,Webinar,ROI,CR002,33,813.26,41371,642,1.552,11,4,0,0,0,Mature,
2026-04-20,C027,Meta,Law Firm - Enterprise,US,Webinar,ROI,CR002,34,1306.62,67496,976,1.446,24,7,1,75406,23725,Mature,
2026-04-21,C027,Meta,Law Firm - Enterprise,US,Webinar,ROI,CR002,35,1122.09,55176,832,1.509,22,7,1,44589,12995,Mature,
2026-04-22,C027,Meta,Law Firm - Enterprise,US,Webinar,ROI,CR002,36,1370.67,77414,1343,1.736,25,10,2,122933,29132,Mature,
2026-04-23,C027,Meta,Law Firm - Enterprise,US,Webinar,ROI,CR002,37,1095.24,57109,1142,2.001,22,7,1,63049,16423,Mature,
2026-04-24,C027,Meta,Law Firm - Enterprise,US,Webinar,ROI,CR002,38,1198.98,67553,1393,2.062,32,9,1,115378,26830,Mature,
2026-04-25,C027,Meta,Law Firm - Enterprise,US,Webinar,ROI,CR002,39,712.6,33840,673,1.99,18,5,1,89615,22309,Mature,
2026-04-26,C027,Meta,Law Firm - Enterprise,US,Webinar,ROI,CR002,40,755.52,36907,656,1.78,11,4,0,0,0,Mature,
2026-04-27,C027,Meta,Law Firm - Enterprise,US,Webinar,ROI,CR002,41,1509.25,80990,1462,1.805,29,8,1,67494,20911,Mature,
2026-04-28,C027,Meta,Law Firm - Enterprise,US,Webinar,ROI,CR002,42,1516.8,75224,1341,1.783,32,9,1,56297,16232,Mature,
2026-04-29,C027,Meta,Law Firm - Enterprise,US,Webinar,ROI,CR002,43,1175.93,59677,934,1.565,16,6,1,109341,26284,Mature,
2026-04-30,C027,Meta,Law Firm - Enterprise,US,Webinar,ROI,CR002,44,1099.57,61266,1189,1.941,20,8,1,120659,27461,Mature,
2026-05-01,C027,Meta,Law Firm - Enterprise,US,Webinar,ROI,CR002,45,1465.65,79994,1199,1.5,21,5,0,0,0,Mature,
2026-05-02,C027,Meta,Law Firm - Enterprise,US,Webinar,ROI,CR002,46,712.58,34874,667,1.915,12,3,0,0,0,Mature,
2026-05-03,C027,Meta,Law Firm - Enterprise,US,Webinar,ROI,CR002,47,893.36,44964,617,1.373,10,3,0,0,0,Mature,
2026-05-04,C027,Meta,Law Firm - Enterprise,US,Webinar,ROI,CR002,48,1422.83,81846,1191,1.456,30,9,2,252935,81646,Mature,
2026-05-05,C027,Meta,Law Firm - Enterprise,US,Webinar,ROI,CR002,49,1571.24,79649,1489,1.87,35,10,2,165602,46275,Mature,
2026-05-06,C027,Meta,Law Firm - Enterprise,US,Webinar,ROI,CR002,50,1226.47,67547,1030,1.525,26,10,1,115509,27042,Mature,
2026-05-07,C027,Meta,Law Firm - Enterprise,US,Webinar,ROI,CR002,51,1271.42,64927,1050,1.618,28,10,2,278829,92120,Mature,
2026-05-08,C027,Meta,Law Firm - Enterprise,US,Webinar,ROI,CR002,52,1235.84,70092,1171,1.671,27,8,1,103737,26826,Mature,
2026-05-09,C027,Meta,Law Firm - Enterprise,US,Webinar,ROI,CR002,53,818.69,44042,650,1.478,15,4,0,0,0,Mature,
2026-05-10,C027,Meta,Law Firm - Enterprise,US,Webinar,ROI,CR002,54,808.53,46103,809,1.756,14,5,0,0,0,Mature,
2026-05-11,C027,Meta,Law Firm - Enterprise,US,Webinar,ROI,CR002,55,1243.66,59935,975,1.628,18,6,1,107446,28040,Mature,
2026-05-12,C027,Meta,Law Firm - Enterprise,US,Webinar,ROI,CR002,56,1568.34,78770,1312,1.666,31,13,2,166718,45707,Mature,
2026-05-13,C027,Meta,Law Firm - Enterprise,US,Webinar,ROI,CR002,57,1476.33,76441,1101,1.44,29,11,1,146855,46082,Mature,
2026-05-14,C027,Meta,Law Firm - Enterprise,US,Webinar,ROI,CR002,58,1141.87,63578,833,1.311,22,7,1,111734,26885,Mature,
2026-05-15,C027,Meta,Law Firm - Enterprise,US,Webinar,ROI,CR002,59,1566.51,88321,1225,1.388,26,11,1,71784,21555,Mature,
2026-05-16,C027,Meta,Law Firm - Enterprise,US,Webinar,ROI,CR002,60,1000.61,56383,819,1.453,18,6,0,0,0,Mature,
2026-05-17,C027,Meta,Law Firm - Enterprise,US,Webinar,ROI,CR002,61,945.71,49735,642,1.292,11,3,0,0,0,Mature,
2026-05-18,C027,Meta,Law Firm - Enterprise,US,Webinar,ROI,CR002,62,1321.49,66349,1014,1.53,27,9,1,115277,35598,Mature,
2026-02-09,C028,Google,Law Firm - Enterprise,France,Webinar,AI Productivity,CR008,1,402.23,12625,565,4.483,11,5,0,0,0,Mature,
2026-02-10,C028,Google,Law Firm - Enterprise,France,Webinar,AI Productivity,CR008,2,451.95,14186,558,3.934,10,7,1,56400,13911,Mature,
2026-02-11,C028,Google,Law Firm - Enterprise,France,Webinar,AI Productivity,CR008,3,449.86,13651,613,4.493,11,6,1,58148,15575,Mature,
2026-02-12,C028,Google,Law Firm - Enterprise,France,Webinar,AI Productivity,CR008,4,501.67,16484,638,3.872,10,7,1,108757,27183,Mature,
2026-02-13,C028,Google,Law Firm - Enterprise,France,Webinar,AI Productivity,CR008,5,390.06,12512,508,4.065,8,5,0,0,0,Mature,
2026-02-14,C028,Google,Law Firm - Enterprise,France,Webinar,AI Productivity,CR008,6,335.58,10394,419,4.039,6,4,0,0,0,Mature,
2026-02-15,C028,Google,Law Firm - Enterprise,France,Webinar,AI Productivity,CR008,7,237.45,8037,297,3.7,5,2,0,0,0,Mature,
2026-02-16,C028,Google,Law Firm - Enterprise,France,Webinar,AI Productivity,CR008,8,437.26,13179,440,3.34,6,3,0,0,0,Mature,
2026-02-17,C028,Google,Law Firm - Enterprise,France,Webinar,AI Productivity,CR008,9,487.49,14706,599,4.079,10,5,0,0,0,Mature,
2026-02-18,C028,Google,Law Firm - Enterprise,France,Webinar,AI Productivity,CR008,10,409.2,12859,588,4.58,10,6,1,107529,28118,Mature,
2026-02-19,C028,Google,Law Firm - Enterprise,France,Webinar,AI Productivity,CR008,11,470.46,14057,503,3.58,10,7,0,0,0,Mature,
2026-02-20,C028,Google,Law Firm - Enterprise,France,Webinar,AI Productivity,CR008,12,521.8,15031,638,4.248,9,5,0,0,0,Mature,
2026-02-21,C028,Google,Law Firm - Enterprise,France,Webinar,AI Productivity,CR008,13,272.24,7678,289,3.777,5,3,0,0,0,Mature,
2026-02-22,C028,Google,Law Firm - Enterprise,France,Webinar,AI Productivity,CR008,14,309.21,9277,356,3.848,6,3,0,0,0,Mature,
2026-02-23,C028,Google,Law Firm - Enterprise,France,Webinar,AI Productivity,CR008,15,418.01,13752,575,4.184,7,4,0,0,0,Mature,
2026-02-24,C028,Google,Law Firm - Enterprise,France,Webinar,AI Productivity,CR008,16,487.03,14049,648,4.618,12,8,1,43552,12409,Mature,
2026-02-25,C028,Google,Law Firm - Enterprise,France,Webinar,AI Productivity,CR008,17,462.72,15702,608,3.877,9,5,0,0,0,Mature,
2026-02-26,C028,Google,Law Firm - Enterprise,France,Webinar,AI Productivity,CR008,18,471.96,14855,545,3.673,10,6,1,83927,25050,Mature,
2026-02-27,C028,Google,Law Firm - Enterprise,France,Webinar,AI Productivity,CR008,19,379.41,10914,367,3.368,6,3,0,0,0,Mature,
2026-02-28,C028,Google,Law Firm - Enterprise,France,Webinar,AI Productivity,CR008,20,285.9,8078,363,4.502,8,4,0,0,0,Mature,
2026-03-01,C028,Google,Law Firm - Enterprise,France,Webinar,AI Productivity,CR008,21,322.19,9437,364,3.863,5,2,0,0,0,Mature,
2026-03-02,C028,Google,Law Firm - Enterprise,France,Webinar,AI Productivity,CR008,22,497.75,16803,731,4.356,15,9,1,61987,17182,Mature,
2026-03-03,C028,Google,Law Firm - Enterprise,France,Webinar,AI Productivity,CR008,23,418.21,12275,402,3.279,8,5,1,112593,38140,Mature,
2026-03-04,C028,Google,Law Firm - Enterprise,France,Webinar,AI Productivity,CR008,24,360.8,11067,388,3.513,6,4,0,0,0,Mature,
2026-03-05,C028,Google,Law Firm - Enterprise,France,Webinar,AI Productivity,CR008,25,378.26,11893,548,4.608,9,6,1,135048,45701,Mature,
2026-03-06,C028,Google,Law Firm - Enterprise,France,Webinar,AI Productivity,CR008,26,465.8,13869,469,3.388,8,6,1,90962,23550,Mature,
2026-03-07,C028,Google,Law Firm - Enterprise,France,Webinar,AI Productivity,CR008,27,236.61,6751,295,4.37,5,2,0,0,0,Mature,
2026-03-08,C028,Google,Law Firm - Enterprise,France,Webinar,AI Productivity,CR008,28,240.15,7826,256,3.277,4,2,0,0,0,Mature,
2026-03-09,C028,Google,Law Firm - Enterprise,France,Webinar,AI Productivity,CR008,29,488.87,14337,586,4.091,12,6,0,0,0,Mature,
2026-03-10,C028,Google,Law Firm - Enterprise,France,Webinar,AI Productivity,CR008,30,473.55,14852,617,4.157,12,5,0,0,0,Mature,
2026-03-11,C028,Google,Law Firm - Enterprise,France,Webinar,AI Productivity,CR008,31,492.88,15836,596,3.766,10,7,0,0,0,Mature,
2026-03-12,C028,Google,Law Firm - Enterprise,France,Webinar,AI Productivity,CR008,32,447.13,12589,427,3.398,6,3,0,0,0,Mature,
2026-03-13,C028,Google,Law Firm - Enterprise,France,Webinar,AI Productivity,CR008,33,408.86,13483,613,4.554,13,7,1,104670,31333,Mature,
2026-03-14,C028,Google,Law Firm - Enterprise,France,Webinar,AI Productivity,CR008,34,259.22,7494,280,3.736,4,2,0,0,0,Mature,
2026-03-15,C028,Google,Law Firm - Enterprise,France,Webinar,AI Productivity,CR008,35,341.63,9823,346,3.527,5,3,0,0,0,Mature,
2026-03-16,C028,Google,Law Firm - Enterprise,France,Webinar,AI Productivity,CR008,36,451.36,15124,604,4.0,13,9,1,137940,41456,Mature,
2026-03-17,C028,Google,Law Firm - Enterprise,France,Webinar,AI Productivity,CR008,37,395.31,12541,413,3.296,7,5,0,0,0,Mature,
2026-03-18,C028,Google,Law Firm - Enterprise,France,Webinar,AI Productivity,CR008,38,474.89,16120,663,4.114,14,10,1,108479,28207,Mature,
2026-03-19,C028,Google,Law Firm - Enterprise,France,Webinar,AI Productivity,CR008,39,473.88,14870,549,3.695,10,4,0,0,0,Mature,
2026-03-20,C028,Google,Law Firm - Enterprise,France,Webinar,AI Productivity,CR008,40,470.0,14450,664,4.598,9,6,0,0,0,Mature,
2026-03-21,C028,Google,Law Firm - Enterprise,France,Webinar,AI Productivity,CR008,41,236.36,7188,318,4.426,4,2,0,0,0,Mature,
2026-03-22,C028,Google,Law Firm - Enterprise,France,Webinar,AI Productivity,CR008,42,291.3,9164,360,3.933,6,2,0,0,0,Mature,
2026-03-23,C028,Google,Law Firm - Enterprise,France,Webinar,AI Productivity,CR008,43,521.87,14790,487,3.297,9,6,0,0,0,Mature,
2026-03-24,C028,Google,Law Firm - Enterprise,France,Webinar,AI Productivity,CR008,44,479.05,15761,587,3.728,11,6,1,50506,12873,Mature,
2026-03-25,C028,Google,Law Firm - Enterprise,France,Webinar,AI Productivity,CR008,45,477.29,15901,564,3.553,10,7,1,111983,30457,Mature,
2026-03-26,C028,Google,Law Firm - Enterprise,France,Webinar,AI Productivity,CR008,46,467.25,14703,648,4.414,11,5,0,0,0,Mature,
2026-03-27,C028,Google,Law Firm - Enterprise,France,Webinar,AI Productivity,CR008,47,430.53,13018,432,3.319,8,4,0,0,0,Mature,
2026-03-28,C028,Google,Law Firm - Enterprise,France,Webinar,AI Productivity,CR008,48,298.18,8436,346,4.102,6,4,0,0,0,Mature,
2026-03-29,C028,Google,Law Firm - Enterprise,France,Webinar,AI Productivity,CR008,49,345.91,11638,427,3.674,6,4,0,0,0,Mature,
2026-03-30,C028,Google,Law Firm - Enterprise,France,Webinar,AI Productivity,CR008,50,503.21,14454,501,3.469,9,5,0,0,0,Mature,
2026-03-31,C028,Google,Law Firm - Enterprise,France,Webinar,AI Productivity,CR008,51,426.73,13031,536,4.12,8,4,0,0,0,Mature,
2026-04-01,C028,Google,Law Firm - Enterprise,France,Webinar,AI Productivity,CR008,52,364.54,12230,440,3.604,8,4,0,0,0,Mature,
2026-04-02,C028,Google,Law Firm - Enterprise,France,Webinar,AI Productivity,CR008,53,435.29,14856,616,4.148,9,5,0,0,0,Mature,
2026-04-03,C028,Google,Law Firm - Enterprise,France,Webinar,AI Productivity,CR008,54,516.19,17644,647,3.672,14,6,0,0,0,Mature,
2026-04-04,C028,Google,Law Firm - Enterprise,France,Webinar,AI Productivity,CR008,55,265.98,8116,322,3.972,6,4,0,0,0,Mature,
2026-04-05,C028,Google,Law Firm - Enterprise,France,Webinar,AI Productivity,CR008,56,299.03,9666,440,4.554,8,4,0,0,0,Mature,
2026-04-06,C028,Google,Law Firm - Enterprise,France,Webinar,AI Productivity,CR008,57,379.74,10904,458,4.206,9,4,0,0,0,Mature,
2026-04-07,C028,Google,Law Firm - Enterprise,France,Webinar,AI Productivity,CR008,58,377.16,12081,519,4.302,10,7,1,91631,20853,Mature,
2026-04-08,C028,Google,Law Firm - Enterprise,France,Webinar,AI Productivity,CR008,59,487.23,16297,550,3.378,9,5,0,0,0,Mature,
2026-04-09,C028,Google,Law Firm - Enterprise,France,Webinar,AI Productivity,CR008,60,362.02,12203,482,3.952,10,6,0,0,0,Mature,
2026-04-10,C028,Google,Law Firm - Enterprise,France,Webinar,AI Productivity,CR008,61,461.06,15100,504,3.343,8,4,0,0,0,Mature,
2026-04-11,C028,Google,Law Firm - Enterprise,France,Webinar,AI Productivity,CR008,62,319.75,10787,469,4.35,8,4,0,0,0,Mature,
2026-04-12,C028,Google,Law Firm - Enterprise,France,Webinar,AI Productivity,CR008,63,308.85,10090,438,4.346,8,4,0,0,0,Mature,
2026-05-02,C029,LinkedIn,In-House - Enterprise,US,Webinar,ROI,CR005,1,216.82,3154,28,0.888,0,0,0,0,0,Mature,
2026-05-03,C029,LinkedIn,In-House - Enterprise,US,Webinar,ROI,CR005,2,205.43,3208,37,1.154,0,0,0,0,0,Mature,
2026-05-04,C029,LinkedIn,In-House - Enterprise,US,Webinar,ROI,CR005,3,284.72,3894,47,1.232,0,0,0,0,0,Mature,
2026-05-05,C029,LinkedIn,In-House - Enterprise,US,Webinar,ROI,CR005,4,330.41,4546,51,1.137,0,0,0,0,0,Mature,
2026-05-06,C029,LinkedIn,In-House - Enterprise,US,Webinar,ROI,CR005,5,263.31,3950,43,1.105,0,0,0,0,0,Mature,
2026-05-07,C029,LinkedIn,In-House - Enterprise,US,Webinar,ROI,CR005,6,370.75,5242,50,0.972,0,0,0,0,0,Mature,
2026-05-08,C029,LinkedIn,In-House - Enterprise,US,Webinar,ROI,CR005,7,306.28,4169,49,1.182,1,0,0,0,0,Mature,
2026-05-09,C029,LinkedIn,In-House - Enterprise,US,Webinar,ROI,CR005,8,215.1,2882,32,1.127,0,0,0,0,0,Mature,
2026-05-10,C029,LinkedIn,In-House - Enterprise,US,Webinar,ROI,CR005,9,243.65,3567,44,1.245,0,0,0,0,0,Mature,
2026-05-11,C029,LinkedIn,In-House - Enterprise,US,Webinar,ROI,CR005,10,312.76,4330,46,1.069,1,0,0,0,0,Mature,
2026-05-12,C029,LinkedIn,In-House - Enterprise,US,Webinar,ROI,CR005,11,286.1,4232,51,1.226,1,0,0,0,0,Mature,
2026-05-13,C029,LinkedIn,In-House - Enterprise,US,Webinar,ROI,CR005,12,352.37,4742,60,1.268,0,0,0,0,0,Mature,
2026-05-14,C029,LinkedIn,In-House - Enterprise,US,Webinar,ROI,CR005,13,370.79,5223,61,1.173,1,0,0,0,0,Mature,
2026-05-15,C029,LinkedIn,In-House - Enterprise,US,Webinar,ROI,CR005,14,260.55,3872,39,1.026,0,0,0,0,0,Mature,
2026-05-16,C029,LinkedIn,In-House - Enterprise,US,Webinar,ROI,CR005,15,205.84,2824,35,1.269,0,0,0,0,0,Mature,
2026-05-17,C029,LinkedIn,In-House - Enterprise,US,Webinar,ROI,CR005,16,196.78,3034,35,1.167,0,0,0,0,0,Mature,
2026-05-18,C029,LinkedIn,In-House - Enterprise,US,Webinar,ROI,CR005,17,345.53,4721,56,1.196,1,0,0,0,0,Mature,
2026-05-19,C029,LinkedIn,In-House - Enterprise,US,Webinar,ROI,CR005,18,313.39,4277,38,0.902,0,0,0,0,0,Mature,
2026-05-20,C029,LinkedIn,In-House - Enterprise,US,Webinar,ROI,CR005,19,301.07,4837,58,1.215,0,0,0,0,0,Mature,
2026-05-21,C029,LinkedIn,In-House - Enterprise,US,Webinar,ROI,CR005,20,269.18,4264,38,0.901,0,0,0,0,0,Mature,
2026-05-22,C029,LinkedIn,In-House - Enterprise,US,Webinar,ROI,CR005,21,302.57,4017,39,0.995,0,0,0,0,0,Mature,
2026-05-23,C029,LinkedIn,In-House - Enterprise,US,Webinar,ROI,CR005,22,170.08,2641,31,1.174,0,0,0,0,0,Mature,
2026-05-24,C029,LinkedIn,In-House - Enterprise,US,Webinar,ROI,CR005,23,236.33,3451,32,0.93,0,0,0,0,0,Mature,
2026-05-25,C029,LinkedIn,In-House - Enterprise,US,Webinar,ROI,CR005,24,322.49,4831,55,1.149,0,0,0,0,0,Mature,
2026-05-26,C029,LinkedIn,In-House - Enterprise,US,Webinar,ROI,CR005,25,269.51,4313,46,1.082,0,0,0,,,Mature,Missing CRM attribution
2026-05-27,C029,LinkedIn,In-House - Enterprise,US,Webinar,ROI,CR005,26,260.73,3615,37,1.039,0,0,0,0,0,Mature,
2026-05-28,C029,LinkedIn,In-House - Enterprise,US,Webinar,ROI,CR005,27,307.13,4197,39,0.94,0,0,0,0,0,Mature,
2026-05-29,C029,LinkedIn,In-House - Enterprise,US,Webinar,ROI,CR005,28,367.28,5570,52,0.934,0,0,0,0,0,Mature,
2026-05-30,C029,LinkedIn,In-House - Enterprise,US,Webinar,ROI,CR005,29,206.86,3105,27,0.887,0,0,0,0,0,Mature,
2026-05-31,C029,LinkedIn,In-House - Enterprise,US,Webinar,ROI,CR005,30,212.94,3138,30,0.972,0,0,0,0,0,Mature,
2026-06-01,C029,LinkedIn,In-House - Enterprise,US,Webinar,ROI,CR005,31,328.32,5130,53,1.038,1,0,0,0,0,Mature,
2026-06-02,C029,LinkedIn,In-House - Enterprise,US,Webinar,ROI,CR005,32,279.08,3917,36,0.923,0,0,0,0,0,Mature,
2026-06-03,C029,LinkedIn,In-House - Enterprise,US,Webinar,ROI,CR005,33,317.21,4227,38,0.922,0,0,0,0,0,Mature,
2026-02-25,C030,Meta,In-House - Enterprise,US,Demo,Speed,CR032,1,1012.01,53479,886,1.658,6,1,0,0,0,Mature,
2026-02-26,C030,Meta,In-House - Enterprise,US,Demo,Speed,CR032,2,832.14,42179,806,1.912,6,1,0,0,0,Mature,
2026-02-27,C030,Meta,In-House - Enterprise,US,Demo,Speed,CR032,3,945.65,51080,847,1.659,5,1,0,0,0,Mature,
2026-02-28,C030,Meta,In-House - Enterprise,US,Demo,Speed,CR032,4,598.36,31911,518,1.624,2,0,0,0,0,Mature,
2026-03-01,C030,Meta,In-House - Enterprise,US,Demo,Speed,CR032,5,627.51,35995,724,2.012,5,1,0,0,0,Mature,
2026-03-02,C030,Meta,In-House - Enterprise,US,Demo,Speed,CR032,6,882.39,41853,753,1.8,6,1,0,0,0,Mature,
2026-03-03,C030,Meta,In-House - Enterprise,US,Demo,Speed,CR032,7,721.45,41036,861,2.099,7,2,0,0,0,Mature,
2026-03-04,C030,Meta,In-House - Enterprise,US,Demo,Speed,CR032,8,747.45,37841,685,1.811,5,1,0,0,0,Mature,
2026-03-05,C030,Meta,In-House - Enterprise,US,Demo,Speed,CR032,9,771.11,37504,612,1.632,3,1,0,0,0,Mature,
2026-03-06,C030,Meta,In-House - Enterprise,US,Demo,Speed,CR032,10,885.11,45213,922,2.04,5,1,0,0,0,Mature,
2026-03-07,C030,Meta,In-House - Enterprise,US,Demo,Speed,CR032,11,484.61,26161,466,1.782,2,0,0,0,0,Mature,
2026-03-08,C030,Meta,In-House - Enterprise,US,Demo,Speed,CR032,12,697.93,38682,794,2.055,6,1,0,0,0,Mature,
2026-03-09,C030,Meta,In-House - Enterprise,US,Demo,Speed,CR032,13,728.12,36220,621,1.716,4,1,0,0,0,Mature,
2026-03-10,C030,Meta,In-House - Enterprise,US,Demo,Speed,CR032,14,723.43,36883,750,2.035,5,1,0,0,0,Mature,
2026-03-11,C030,Meta,In-House - Enterprise,US,Demo,Speed,CR032,15,999.23,55267,979,1.773,8,2,0,0,0,Mature,
2026-03-12,C030,Meta,In-House - Enterprise,US,Demo,Speed,CR032,16,836.36,45456,882,1.942,5,1,0,0,0,Mature,
2026-03-13,C030,Meta,In-House - Enterprise,US,Demo,Speed,CR032,17,759.11,42203,789,1.87,4,0,0,0,0,Mature,
2026-03-14,C030,Meta,In-House - Enterprise,US,Demo,Speed,CR032,18,594.91,31029,478,1.541,3,0,0,0,0,Mature,
2026-03-15,C030,Meta,In-House - Enterprise,US,Demo,Speed,CR032,19,595.94,30164,642,2.129,5,1,0,0,0,Mature,
2026-03-16,C030,Meta,In-House - Enterprise,US,Demo,Speed,CR032,20,924.1,50294,934,1.857,6,1,0,0,0,Mature,
2026-03-17,C030,Meta,In-House - Enterprise,US,Demo,Speed,CR032,21,906.76,46376,868,1.874,5,1,0,0,0,Mature,
2026-03-18,C030,Meta,In-House - Enterprise,US,Demo,Speed,CR032,22,928.26,44895,749,1.67,4,0,0,0,0,Mature,
2026-03-19,C030,Meta,In-House - Enterprise,US,Demo,Speed,CR032,23,868.01,44456,875,1.97,5,1,0,0,0,Mature,
2026-03-20,C030,Meta,In-House - Enterprise,US,Demo,Speed,CR032,24,857.95,47402,746,1.576,6,1,0,,,Mature,Missing CRM attribution
2026-03-21,C030,Meta,In-House - Enterprise,US,Demo,Speed,CR032,25,699.61,37699,606,1.609,5,1,0,0,0,Mature,
2026-03-22,C030,Meta,In-House - Enterprise,US,Demo,Speed,CR032,26,603.94,33051,541,1.639,3,0,0,0,0,Mature,
2026-03-23,C030,Meta,In-House - Enterprise,US,Demo,Speed,CR032,27,780.14,41509,877,2.115,6,1,0,0,0,Mature,
2026-03-24,C030,Meta,In-House - Enterprise,US,Demo,Speed,CR032,28,743.94,39346,659,1.676,4,1,0,0,0,Mature,
2026-03-25,C030,Meta,In-House - Enterprise,US,Demo,Speed,CR032,29,1045.44,57286,1112,1.943,6,2,0,0,0,Mature,
2026-03-26,C030,Meta,In-House - Enterprise,US,Demo,Speed,CR032,30,856.4,47283,742,1.57,6,1,0,0,0,Mature,
2026-03-27,C030,Meta,In-House - Enterprise,US,Demo,Speed,CR032,31,878.32,50738,1001,1.973,6,1,0,0,0,Mature,
2026-03-28,C030,Meta,In-House - Enterprise,US,Demo,Speed,CR032,32,621.07,33091,657,1.986,5,1,0,0,0,Mature,
2026-02-16,C031,Google,Law Firm - Mid-Market,DACH,Content Download,Security,CR025,1,253.24,7689,222,2.897,5,2,0,0,0,Mature,
2026-02-17,C031,Google,Law Firm - Mid-Market,DACH,Content Download,Security,CR025,2,219.71,6919,203,2.945,4,2,0,0,0,Mature,
2026-02-18,C031,Google,Law Firm - Mid-Market,DACH,Content Download,Security,CR025,3,236.39,7692,278,3.616,7,4,0,0,0,Mature,
2026-02-19,C031,Google,Law Firm - Mid-Market,DACH,Content Download,Security,CR025,4,212.45,7228,187,2.592,4,2,0,0,0,Mature,
2026-02-20,C031,Google,Law Firm - Mid-Market,DACH,Content Download,Security,CR025,5,212.3,7282,210,2.89,6,4,0,0,0,Mature,
2026-02-21,C031,Google,Law Firm - Mid-Market,DACH,Content Download,Security,CR025,6,165.81,5650,188,3.341,6,3,0,0,0,Mature,
2026-02-22,C031,Google,Law Firm - Mid-Market,DACH,Content Download,Security,CR025,7,136.26,4217,115,2.751,3,1,0,0,0,Mature,
2026-02-23,C031,Google,Law Firm - Mid-Market,DACH,Content Download,Security,CR025,8,207.81,7056,231,3.285,6,3,0,0,0,Mature,
2026-02-24,C031,Google,Law Firm - Mid-Market,DACH,Content Download,Security,CR025,9,236.26,7359,207,2.819,6,3,0,0,0,Mature,
2026-02-25,C031,Google,Law Firm - Mid-Market,DACH,Content Download,Security,CR025,10,195.55,6008,162,2.71,5,2,0,0,0,Mature,
2026-02-26,C031,Google,Law Firm - Mid-Market,DACH,Content Download,Security,CR025,11,180.17,5889,168,2.856,3,2,0,0,0,Mature,
2026-02-27,C031,Google,Law Firm - Mid-Market,DACH,Content Download,Security,CR025,12,259.79,8525,270,3.168,7,4,0,0,0,Mature,
2026-02-28,C031,Google,Law Firm - Mid-Market,DACH,Content Download,Security,CR025,13,139.33,4366,143,3.283,3,2,0,0,0,Mature,
2026-03-01,C031,Google,Law Firm - Mid-Market,DACH,Content Download,Security,CR025,14,170.67,4873,151,3.118,4,2,0,0,0,Mature,
2026-03-02,C031,Google,Law Firm - Mid-Market,DACH,Content Download,Security,CR025,15,216.94,6469,194,3.008,6,3,0,0,0,Mature,
2026-03-03,C031,Google,Law Firm - Mid-Market,DACH,Content Download,Security,CR025,16,267.69,8312,277,3.333,8,5,0,0,0,Mature,
2026-03-04,C031,Google,Law Firm - Mid-Market,DACH,Content Download,Security,CR025,17,250.77,7694,266,3.461,9,4,0,0,0,Mature,
2026-03-05,C031,Google,Law Firm - Mid-Market,DACH,Content Download,Security,CR025,18,207.34,6769,174,2.577,3,1,0,0,0,Mature,
2026-03-06,C031,Google,Law Firm - Mid-Market,DACH,Content Download,Security,CR025,19,219.8,6517,216,3.316,6,4,0,0,0,Mature,
2026-03-07,C031,Google,Law Firm - Mid-Market,DACH,Content Download,Security,CR025,20,136.86,4688,166,3.55,3,2,0,0,0,Mature,
2026-03-08,C031,Google,Law Firm - Mid-Market,DACH,Content Download,Security,CR025,21,132.98,3969,142,3.588,4,1,0,0,0,Mature,
2026-03-09,C031,Google,Law Firm - Mid-Market,DACH,Content Download,Security,CR025,22,206.57,6037,208,3.46,6,3,0,0,0,Mature,
2026-03-10,C031,Google,Law Firm - Mid-Market,DACH,Content Download,Security,CR025,23,211.61,7249,203,2.81,4,2,0,0,0,Mature,
2026-03-11,C031,Google,Law Firm - Mid-Market,DACH,Content Download,Security,CR025,24,188.38,5529,140,2.537,3,1,0,0,0,Mature,
2026-03-12,C031,Google,Law Firm - Mid-Market,DACH,Content Download,Security,CR025,25,185.68,6370,229,3.608,5,2,0,0,0,Mature,
2026-03-13,C031,Google,Law Firm - Mid-Market,DACH,Content Download,Security,CR025,26,259.06,7842,281,3.585,9,5,0,0,0,Mature,
2026-03-14,C031,Google,Law Firm - Mid-Market,DACH,Content Download,Security,CR025,27,132.78,4079,114,2.805,3,1,0,0,0,Mature,
2026-03-15,C031,Google,Law Firm - Mid-Market,DACH,Content Download,Security,CR025,28,119.73,3598,118,3.302,3,1,0,0,0,Mature,
2026-03-16,C031,Google,Law Firm - Mid-Market,DACH,Content Download,Security,CR025,29,243.2,7313,263,3.61,7,3,0,0,0,Mature,
2026-03-17,C031,Google,Law Firm - Mid-Market,DACH,Content Download,Security,CR025,30,234.1,7625,214,2.815,4,2,0,,,Mature,Missing CRM attribution
2026-03-18,C031,Google,Law Firm - Mid-Market,DACH,Content Download,Security,CR025,31,241.25,7061,191,2.707,5,3,0,0,0,Mature,
2026-03-19,C031,Google,Law Firm - Mid-Market,DACH,Content Download,Security,CR025,32,257.66,7969,253,3.177,5,2,0,0,0,Mature,
2026-03-20,C031,Google,Law Firm - Mid-Market,DACH,Content Download,Security,CR025,33,206.49,6579,175,2.668,4,2,0,0,0,Mature,
2026-03-21,C031,Google,Law Firm - Mid-Market,DACH,Content Download,Security,CR025,34,135.06,4278,149,3.488,4,1,0,0,0,Mature,
2026-03-22,C031,Google,Law Firm - Mid-Market,DACH,Content Download,Security,CR025,35,117.06,3588,99,2.778,2,0,0,0,0,Mature,
2026-03-23,C031,Google,Law Firm - Mid-Market,DACH,Content Download,Security,CR025,36,209.3,6095,209,3.442,6,3,0,0,0,Mature,
2026-03-24,C031,Google,Law Firm - Mid-Market,DACH,Content Download,Security,CR025,37,234.45,7317,216,2.96,5,3,0,0,0,Mature,
2026-03-25,C031,Google,Law Firm - Mid-Market,DACH,Content Download,Security,CR025,38,212.45,6834,186,2.735,6,3,0,0,0,Mature,
2026-03-26,C031,Google,Law Firm - Mid-Market,DACH,Content Download,Security,CR025,39,209.1,6720,210,3.133,4,2,0,0,0,Mature,
2026-03-27,C031,Google,Law Firm - Mid-Market,DACH,Content Download,Security,CR025,40,226.56,6636,222,3.352,7,4,0,0,0,Mature,
2026-03-28,C031,Google,Law Firm - Mid-Market,DACH,Content Download,Security,CR025,41,153.85,4710,123,2.632,2,1,0,0,0,Mature,
2026-03-29,C031,Google,Law Firm - Mid-Market,DACH,Content Download,Security,CR025,42,152.11,5052,132,2.623,2,1,0,0,0,Mature,
2026-03-30,C031,Google,Law Firm - Mid-Market,DACH,Content Download,Security,CR025,43,206.25,7010,178,2.553,4,2,0,0,0,Mature,
2026-03-31,C031,Google,Law Firm - Mid-Market,DACH,Content Download,Security,CR025,44,256.34,7636,230,3.015,7,4,0,0,0,Mature,
2026-04-01,C031,Google,Law Firm - Mid-Market,DACH,Content Download,Security,CR025,45,244.41,7243,259,3.584,7,3,0,0,0,Mature,
2026-04-02,C031,Google,Law Firm - Mid-Market,DACH,Content Download,Security,CR025,46,195.66,5950,188,3.169,6,4,0,0,0,Mature,
2026-03-22,C032,LinkedIn,In-House - Mid-Market,UK,Demo,AI Productivity,CR010,1,252.46,3986,54,1.367,0,0,0,0,0,Mature,
2026-03-23,C032,LinkedIn,In-House - Mid-Market,UK,Demo,AI Productivity,CR010,2,495.66,7998,90,1.126,0,0,0,0,0,Mature,
2026-03-24,C032,LinkedIn,In-House - Mid-Market,UK,Demo,AI Productivity,CR010,3,371.96,5625,65,1.166,0,0,0,0,0,Mature,
2026-03-25,C032,LinkedIn,In-House - Mid-Market,UK,Demo,AI Productivity,CR010,4,388.64,5580,71,1.282,0,0,0,0,0,Mature,
2026-03-26,C032,LinkedIn,In-House - Mid-Market,UK,Demo,AI Productivity,CR010,5,528.88,7109,92,1.301,0,0,0,0,0,Mature,
2026-03-27,C032,LinkedIn,In-House - Mid-Market,UK,Demo,AI Productivity,CR010,6,465.63,7090,86,1.221,0,0,0,0,0,Mature,
2026-03-28,C032,LinkedIn,In-House - Mid-Market,UK,Demo,AI Productivity,CR010,7,298.92,4359,59,1.376,0,0,0,0,0,Mature,
2026-03-29,C032,LinkedIn,In-House - Mid-Market,UK,Demo,AI Productivity,CR010,8,266.65,3998,48,1.21,0,0,0,0,0,Mature,
2026-03-30,C032,LinkedIn,In-House - Mid-Market,UK,Demo,AI Productivity,CR010,9,477.03,6623,76,1.154,0,0,0,0,0,Mature,
2026-03-31,C032,LinkedIn,In-House - Mid-Market,UK,Demo,AI Productivity,CR010,10,387.69,5234,52,1.0,0,0,0,0,0,Mature,
2026-04-01,C032,LinkedIn,In-House - Mid-Market,UK,Demo,AI Productivity,CR010,11,455.43,6286,68,1.094,0,0,0,0,0,Mature,
2026-04-02,C032,LinkedIn,In-House - Mid-Market,UK,Demo,AI Productivity,CR010,12,376.71,5519,55,0.999,0,0,0,0,0,Mature,
2026-04-03,C032,LinkedIn,In-House - Mid-Market,UK,Demo,AI Productivity,CR010,13,428.26,6416,74,1.16,0,0,0,0,0,Mature,
2026-04-04,C032,LinkedIn,In-House - Mid-Market,UK,Demo,AI Productivity,CR010,14,303.76,4037,44,1.091,0,0,0,0,0,Mature,
2026-04-05,C032,LinkedIn,In-House - Mid-Market,UK,Demo,AI Productivity,CR010,15,256.83,3923,43,1.11,0,0,0,0,0,Mature,
2026-04-06,C032,LinkedIn,In-House - Mid-Market,UK,Demo,AI Productivity,CR010,16,480.64,6724,90,1.353,0,0,0,0,0,Mature,
2026-04-07,C032,LinkedIn,In-House - Mid-Market,UK,Demo,AI Productivity,CR010,17,403.55,5863,66,1.136,0,0,0,0,0,Mature,
2026-04-08,C032,LinkedIn,In-House - Mid-Market,UK,Demo,AI Productivity,CR010,18,401.8,6400,78,1.22,0,0,0,0,0,Mature,
2026-04-09,C032,LinkedIn,In-House - Mid-Market,UK,Demo,AI Productivity,CR010,19,470.69,6741,90,1.348,0,0,0,0,0,Mature,
2026-04-10,C032,LinkedIn,In-House - Mid-Market,UK,Demo,AI Productivity,CR010,20,490.65,7196,71,0.992,0,0,0,0,0,Mature,
2026-04-11,C032,LinkedIn,In-House - Mid-Market,UK,Demo,AI Productivity,CR010,21,316.06,4264,53,1.258,0,0,0,0,0,Mature,
2026-04-12,C032,LinkedIn,In-House - Mid-Market,UK,Demo,AI Productivity,CR010,22,311.4,4778,61,1.293,0,0,0,0,0,Mature,
2026-04-13,C032,LinkedIn,In-House - Mid-Market,UK,Demo,AI Productivity,CR010,23,376.88,5717,61,1.07,0,0,0,0,0,Mature,
2026-04-14,C032,LinkedIn,In-House - Mid-Market,UK,Demo,AI Productivity,CR010,24,362.27,5087,63,1.258,0,0,0,0,0,Mature,
2026-04-15,C032,LinkedIn,In-House - Mid-Market,UK,Demo,AI Productivity,CR010,25,440.66,6377,83,1.303,0,0,0,0,0,Mature,
2026-04-16,C032,LinkedIn,In-House - Mid-Market,UK,Demo,AI Productivity,CR010,26,428.74,5710,55,0.966,0,0,0,0,0,Mature,
2026-04-17,C032,LinkedIn,In-House - Mid-Market,UK,Demo,AI Productivity,CR010,27,417.96,5581,69,1.244,0,0,0,0,0,Mature,
2026-04-18,C032,LinkedIn,In-House - Mid-Market,UK,Demo,AI Productivity,CR010,28,308.61,4492,55,1.231,0,0,0,0,0,Mature,
2026-04-19,C032,LinkedIn,In-House - Mid-Market,UK,Demo,AI Productivity,CR010,29,324.32,5119,60,1.185,0,0,0,0,0,Mature,
2026-04-20,C032,LinkedIn,In-House - Mid-Market,UK,Demo,AI Productivity,CR010,30,533.47,8625,100,1.165,0,0,0,0,0,Mature,
2026-04-21,C032,LinkedIn,In-House - Mid-Market,UK,Demo,AI Productivity,CR010,31,535.85,7174,99,1.387,0,0,0,0,0,Mature,
2026-04-22,C032,LinkedIn,In-House - Mid-Market,UK,Demo,AI Productivity,CR010,32,474.99,7569,102,1.352,0,0,0,0,0,Mature,
2026-04-23,C032,LinkedIn,In-House - Mid-Market,UK,Demo,AI Productivity,CR010,33,400.79,6292,66,1.054,0,0,0,0,0,Mature,
2026-04-24,C032,LinkedIn,In-House - Mid-Market,UK,Demo,AI Productivity,CR010,34,537.84,8180,97,1.189,0,0,0,0,0,Mature,
2026-04-25,C032,LinkedIn,In-House - Mid-Market,UK,Demo,AI Productivity,CR010,35,273.18,4100,40,0.988,0,0,0,0,0,Mature,
2026-04-26,C032,LinkedIn,In-House - Mid-Market,UK,Demo,AI Productivity,CR010,36,264.66,4095,46,1.139,0,0,0,0,0,Mature,
2026-04-27,C032,LinkedIn,In-House - Mid-Market,UK,Demo,AI Productivity,CR010,37,396.66,5509,72,1.308,0,0,0,0,0,Mature,
2026-04-28,C032,LinkedIn,In-House - Mid-Market,UK,Demo,AI Productivity,CR010,38,444.86,6759,89,1.323,0,0,0,0,0,Mature,
2026-04-29,C032,LinkedIn,In-House - Mid-Market,UK,Demo,AI Productivity,CR010,39,360.41,5304,66,1.263,0,0,0,0,0,Mature,
2026-04-30,C032,LinkedIn,In-House - Mid-Market,UK,Demo,AI Productivity,CR010,40,385.27,5127,65,1.284,0,0,0,0,0,Mature,
2026-05-01,C032,LinkedIn,In-House - Mid-Market,UK,Demo,AI Productivity,CR010,41,449.98,6380,62,0.974,0,0,0,0,0,Mature,
2026-05-02,C032,LinkedIn,In-House - Mid-Market,UK,Demo,AI Productivity,CR010,42,264.54,3965,45,1.153,0,0,0,0,0,Mature,
2026-05-03,C032,LinkedIn,In-House - Mid-Market,UK,Demo,AI Productivity,CR010,43,271.96,4175,53,1.292,0,0,0,0,0,Mature,
2026-05-04,C032,LinkedIn,In-House - Mid-Market,UK,Demo,AI Productivity,CR010,44,534.46,8021,103,1.292,0,0,0,0,0,Mature,
2026-05-05,C032,LinkedIn,In-House - Mid-Market,UK,Demo,AI Productivity,CR010,45,444.5,6455,69,1.069,0,0,0,0,0,Mature,
2026-05-06,C032,LinkedIn,In-House - Mid-Market,UK,Demo,AI Productivity,CR010,46,408.78,6535,85,1.309,0,0,0,0,0,Mature,
2026-05-07,C032,LinkedIn,In-House - Mid-Market,UK,Demo,AI Productivity,CR010,47,533.75,7256,75,1.041,0,0,0,0,0,Mature,
2026-05-08,C032,LinkedIn,In-House - Mid-Market,UK,Demo,AI Productivity,CR010,48,388.66,5428,59,1.095,0,0,0,0,0,Mature,
2026-05-09,C032,LinkedIn,In-House - Mid-Market,UK,Demo,AI Productivity,CR010,49,319.47,4882,44,0.92,0,0,0,0,0,Mature,
2026-05-10,C032,LinkedIn,In-House - Mid-Market,UK,Demo,AI Productivity,CR010,50,282.41,4071,46,1.135,0,0,0,0,0,Mature,
2026-05-11,C032,LinkedIn,In-House - Mid-Market,UK,Demo,AI Productivity,CR010,51,428.64,6564,69,1.057,0,0,0,0,0,Mature,
2026-05-12,C032,LinkedIn,In-House - Mid-Market,UK,Demo,AI Productivity,CR010,52,538.03,7575,87,1.15,0,0,0,0,0,Mature,
2026-05-13,C032,LinkedIn,In-House - Mid-Market,UK,Demo,AI Productivity,CR010,53,484.36,7248,70,0.973,0,0,0,0,0,Mature,
2026-05-14,C032,LinkedIn,In-House - Mid-Market,UK,Demo,AI Productivity,CR010,54,475.57,6565,57,0.871,0,0,0,0,0,Mature,
2026-05-15,C032,LinkedIn,In-House - Mid-Market,UK,Demo,AI Productivity,CR010,55,461.37,6739,61,0.913,0,0,0,0,0,Mature,
2026-05-16,C032,LinkedIn,In-House - Mid-Market,UK,Demo,AI Productivity,CR010,56,279.97,3925,43,1.114,0,0,0,0,0,Mature,
2026-05-17,C032,LinkedIn,In-House - Mid-Market,UK,Demo,AI Productivity,CR010,57,263.55,3552,36,1.033,0,0,0,0,0,Mature,
2026-05-18,C032,LinkedIn,In-House - Mid-Market,UK,Demo,AI Productivity,CR010,58,365.22,4946,47,0.955,0,0,0,0,0,Mature,
2026-05-19,C032,LinkedIn,In-House - Mid-Market,UK,Demo,AI Productivity,CR010,59,493.81,7339,77,1.057,0,0,0,0,0,Mature,
2026-05-20,C032,LinkedIn,In-House - Mid-Market,UK,Demo,AI Productivity,CR010,60,516.44,7837,65,0.837,0,0,0,0,0,Mature,
2026-05-21,C032,LinkedIn,In-House - Mid-Market,UK,Demo,AI Productivity,CR010,61,518.86,7961,83,1.043,0,0,0,0,0,Mature,
2026-05-22,C032,LinkedIn,In-House - Mid-Market,UK,Demo,AI Productivity,CR010,62,421.12,5639,57,1.022,0,0,0,0,0,Mature,
2026-05-23,C032,LinkedIn,In-House - Mid-Market,UK,Demo,AI Productivity,CR010,63,290.64,4374,36,0.833,0,0,0,0,0,Mature,
2026-05-24,C032,LinkedIn,In-House - Mid-Market,UK,Demo,AI Productivity,CR010,64,264.1,4001,30,0.767,0,0,0,0,0,Mature,
2026-05-25,C032,LinkedIn,In-House - Mid-Market,UK,Demo,AI Productivity,CR010,65,364.68,5854,56,0.973,0,0,0,0,0,Mature,
2026-05-26,C032,LinkedIn,In-House - Mid-Market,UK,Demo,AI Productivity,CR010,66,503.04,7687,62,0.816,0,0,0,0,0,Mature,
2026-05-27,C032,LinkedIn,In-House - Mid-Market,UK,Demo,AI Productivity,CR010,67,425.27,5727,55,0.967,0,0,0,0,0,Mature,
2026-05-28,C032,LinkedIn,In-House - Mid-Market,UK,Demo,AI Productivity,CR010,68,519.96,7189,68,0.947,0,0,0,0,0,Mature,
2026-05-29,C032,LinkedIn,In-House - Mid-Market,UK,Demo,AI Productivity,CR010,69,515.8,7307,56,0.769,0,0,0,0,0,Mature,
2026-04-14,C033,Meta,Law Firm - Mid-Market,US,Demo,Speed,CR028,1,818.66,44324,944,2.132,5,1,0,0,0,Mature,
2026-04-15,C033,Meta,Law Firm - Mid-Market,US,Demo,Speed,CR028,2,734.91,36598,749,2.047,5,1,0,0,0,Mature,
2026-04-16,C033,Meta,Law Firm - Mid-Market,US,Demo,Speed,CR028,3,952.87,48585,822,1.693,5,1,0,0,0,Mature,
2026-04-17,C033,Meta,Law Firm - Mid-Market,US,Demo,Speed,CR028,4,785.3,38396,743,1.936,4,0,0,0,0,Mature,
2026-04-18,C033,Meta,Law Firm - Mid-Market,US,Demo,Speed,CR028,5,573.15,31466,648,2.062,5,1,0,0,0,Mature,
2026-04-19,C033,Meta,Law Firm - Mid-Market,US,Demo,Speed,CR028,6,534.12,29531,465,1.577,3,0,0,0,0,Mature,
2026-04-20,C033,Meta,Law Firm - Mid-Market,US,Demo,Speed,CR028,7,1052.55,58373,1198,2.053,9,2,0,0,0,Mature,
2026-04-21,C033,Meta,Law Firm - Mid-Market,US,Demo,Speed,CR028,8,772.15,40178,624,1.555,5,1,0,0,0,Mature,
2026-04-22,C033,Meta,Law Firm - Mid-Market,US,Demo,Speed,CR028,9,929.11,49751,798,1.604,6,1,0,,,Mature,Missing CRM attribution
2026-04-23,C033,Meta,Law Firm - Mid-Market,US,Demo,Speed,CR028,10,868.08,45420,945,2.081,7,2,0,0,0,Mature,
2026-04-24,C033,Meta,Law Firm - Mid-Market,US,Demo,Speed,CR028,11,838.0,47865,1031,2.156,8,1,0,0,0,Mature,
2026-04-25,C033,Meta,Law Firm - Mid-Market,US,Demo,Speed,CR028,12,532.7,29424,568,1.933,5,1,0,0,0,Mature,
2026-04-26,C033,Meta,Law Firm - Mid-Market,US,Demo,Speed,CR028,13,480.82,27283,578,2.119,4,1,0,0,0,Mature,
2026-04-27,C033,Meta,Law Firm - Mid-Market,US,Demo,Speed,CR028,14,722.6,39567,841,2.127,5,1,0,0,0,Mature,
2026-04-28,C033,Meta,Law Firm - Mid-Market,US,Demo,Speed,CR028,15,1017.63,56855,1219,2.144,8,1,0,0,0,Mature,
2026-04-29,C033,Meta,Law Firm - Mid-Market,US,Demo,Speed,CR028,16,847.02,45169,750,1.661,5,1,0,0,0,Mature,
2026-04-30,C033,Meta,Law Firm - Mid-Market,US,Demo,Speed,CR028,17,837.84,41555,671,1.615,4,1,0,0,0,Mature,
2026-05-01,C033,Meta,Law Firm - Mid-Market,US,Demo,Speed,CR028,18,860.77,47431,881,1.859,6,1,0,0,0,Mature,
2026-05-02,C033,Meta,Law Firm - Mid-Market,US,Demo,Speed,CR028,19,625.71,31733,490,1.547,4,1,0,0,0,Mature,
2026-05-03,C033,Meta,Law Firm - Mid-Market,US,Demo,Speed,CR028,20,631.82,35043,664,1.896,3,0,0,0,0,Mature,
2026-05-04,C033,Meta,Law Firm - Mid-Market,US,Demo,Speed,CR028,21,1064.67,60896,1194,1.961,7,2,0,0,0,Mature,
2026-05-05,C033,Meta,Law Firm - Mid-Market,US,Demo,Speed,CR028,22,1038.72,57965,1255,2.166,9,2,0,0,0,Mature,
2026-05-06,C033,Meta,Law Firm - Mid-Market,US,Demo,Speed,CR028,23,943.06,54356,911,1.678,5,1,0,0,0,Mature,
2026-05-07,C033,Meta,Law Firm - Mid-Market,US,Demo,Speed,CR028,24,746.95,38585,703,1.823,5,1,0,0,0,Mature,
2026-05-08,C033,Meta,Law Firm - Mid-Market,US,Demo,Speed,CR028,25,892.88,42818,776,1.812,5,1,0,0,0,Mature,
2026-05-09,C033,Meta,Law Firm - Mid-Market,US,Demo,Speed,CR028,26,526.69,25507,424,1.663,3,0,0,0,0,Mature,
2026-05-10,C033,Meta,Law Firm - Mid-Market,US,Demo,Speed,CR028,27,610.77,32970,503,1.526,3,1,0,0,0,Mature,
2026-05-11,C033,Meta,Law Firm - Mid-Market,US,Demo,Speed,CR028,28,959.61,51573,941,1.826,6,1,0,0,0,Mature,
2026-05-12,C033,Meta,Law Firm - Mid-Market,US,Demo,Speed,CR028,29,749.57,41373,881,2.131,5,1,0,0,0,Mature,
2026-05-13,C033,Meta,Law Firm - Mid-Market,US,Demo,Speed,CR028,30,891.52,50662,924,1.826,8,2,0,0,0,Mature,
2026-05-14,C033,Meta,Law Firm - Mid-Market,US,Demo,Speed,CR028,31,733.6,37973,588,1.549,4,1,0,0,0,Mature,
2026-05-15,C033,Meta,Law Firm - Mid-Market,US,Demo,Speed,CR028,32,827.05,46990,854,1.818,7,2,0,0,0,Mature,
2026-05-16,C033,Meta,Law Firm - Mid-Market,US,Demo,Speed,CR028,33,657.99,34234,740,2.164,5,1,0,0,0,Mature,
2026-05-17,C033,Meta,Law Firm - Mid-Market,US,Demo,Speed,CR028,34,608.48,32592,680,2.089,4,1,0,0,0,Mature,
2026-05-18,C033,Meta,Law Firm - Mid-Market,US,Demo,Speed,CR028,35,891.42,49573,1042,2.104,7,1,0,0,0,Mature,
2026-05-19,C033,Meta,Law Firm - Mid-Market,US,Demo,Speed,CR028,36,787.12,43943,861,1.96,7,1,0,0,0,Mature,
2026-05-20,C033,Meta,Law Firm - Mid-Market,US,Demo,Speed,CR028,37,1033.39,57515,1003,1.744,8,2,0,0,0,Mature,
2026-04-27,C034,Google,In-House - Enterprise,UK,Demo,Workflow Automation,CR024,1,699.51,23357,755,3.236,4,2,0,0,0,Mature,
2026-04-28,C034,Google,In-House - Enterprise,UK,Demo,Workflow Automation,CR024,2,765.17,25142,862,3.43,4,2,0,0,0,Mature,
2026-04-29,C034,Google,In-House - Enterprise,UK,Demo,Workflow Automation,CR024,3,540.22,17807,552,3.103,4,2,0,0,0,Mature,
2026-04-30,C034,Google,In-House - Enterprise,UK,Demo,Workflow Automation,CR024,4,791.48,22263,742,3.335,5,3,0,0,0,Mature,
2026-05-01,C034,Google,In-House - Enterprise,UK,Demo,Workflow Automation,CR024,5,664.81,21508,709,3.297,5,2,0,0,0,Mature,
2026-05-02,C034,Google,In-House - Enterprise,UK,Demo,Workflow Automation,CR024,6,421.08,13535,428,3.169,3,2,0,0,0,Mature,
2026-05-03,C034,Google,In-House - Enterprise,UK,Demo,Workflow Automation,CR024,7,500.44,14875,437,2.943,2,1,0,0,0,Mature,
2026-05-04,C034,Google,In-House - Enterprise,UK,Demo,Workflow Automation,CR024,8,597.1,18709,648,3.464,3,1,0,0,0,Mature,
2026-05-05,C034,Google,In-House - Enterprise,UK,Demo,Workflow Automation,CR024,9,601.51,19420,664,3.423,3,1,0,0,0,Mature,
2026-05-06,C034,Google,In-House - Enterprise,UK,Demo,Workflow Automation,CR024,10,792.05,22918,665,2.902,4,2,0,0,0,Mature,
2026-05-07,C034,Google,In-House - Enterprise,UK,Demo,Workflow Automation,CR024,11,630.98,20669,672,3.251,3,1,0,0,0,Mature,
2026-05-08,C034,Google,In-House - Enterprise,UK,Demo,Workflow Automation,CR024,12,597.05,20520,734,3.578,4,2,0,0,0,Mature,
2026-05-09,C034,Google,In-House - Enterprise,UK,Demo,Workflow Automation,CR024,13,484.95,13767,542,3.942,3,2,0,0,0,Mature,
2026-05-10,C034,Google,In-House - Enterprise,UK,Demo,Workflow Automation,CR024,14,383.54,12359,472,3.823,2,1,0,0,0,Mature,
2026-05-11,C034,Google,In-House - Enterprise,UK,Demo,Workflow Automation,CR024,15,731.45,22487,894,3.978,5,3,0,0,0,Mature,
2026-05-12,C034,Google,In-House - Enterprise,UK,Demo,Workflow Automation,CR024,16,671.38,19498,780,4.002,4,3,0,0,0,Mature,
2026-05-13,C034,Google,In-House - Enterprise,UK,Demo,Workflow Automation,CR024,17,716.84,21052,768,3.649,4,2,0,0,0,Mature,
2026-05-14,C034,Google,In-House - Enterprise,UK,Demo,Workflow Automation,CR024,18,557.95,18177,633,3.486,4,2,0,0,0,Mature,
2026-05-15,C034,Google,In-House - Enterprise,UK,Demo,Workflow Automation,CR024,19,637.49,19389,592,3.054,3,1,0,0,0,Mature,
2026-05-16,C034,Google,In-House - Enterprise,UK,Demo,Workflow Automation,CR024,20,476.49,14999,572,3.816,3,1,0,0,0,Mature,
2026-05-17,C034,Google,In-House - Enterprise,UK,Demo,Workflow Automation,CR024,21,518.97,17478,647,3.704,3,1,0,0,0,Mature,
2026-05-18,C034,Google,In-House - Enterprise,UK,Demo,Workflow Automation,CR024,22,736.91,24423,742,3.042,4,2,0,0,0,Mature,
2026-05-19,C034,Google,In-House - Enterprise,UK,Demo,Workflow Automation,CR024,23,592.05,17768,549,3.092,3,2,0,0,0,Mature,
2026-05-20,C034,Google,In-House - Enterprise,UK,Demo,Workflow Automation,CR024,24,627.67,20255,812,4.012,5,3,0,0,0,Mature,
2026-05-21,C034,Google,In-House - Enterprise,UK,Demo,Workflow Automation,CR024,25,807.11,26471,941,3.557,5,3,0,0,0,Mature,
2026-05-22,C034,Google,In-House - Enterprise,UK,Demo,Workflow Automation,CR024,26,653.94,22384,723,3.232,4,2,0,0,0,Mature,
2026-05-23,C034,Google,In-House - Enterprise,UK,Demo,Workflow Automation,CR024,27,387.31,13008,430,3.313,2,1,0,0,0,Mature,
2026-05-24,C034,Google,In-House - Enterprise,UK,Demo,Workflow Automation,CR024,28,407.54,12786,526,4.114,2,1,0,0,0,Mature,
2026-05-25,C034,Google,In-House - Enterprise,UK,Demo,Workflow Automation,CR024,29,653.32,21641,866,4.002,5,3,0,0,0,Mature,
2026-05-26,C034,Google,In-House - Enterprise,UK,Demo,Workflow Automation,CR024,30,718.75,23998,703,2.933,4,2,0,0,0,Mature,
2026-05-27,C034,Google,In-House - Enterprise,UK,Demo,Workflow Automation,CR024,31,738.11,22406,909,4.06,6,3,0,0,0,Mature,
2026-05-28,C034,Google,In-House - Enterprise,UK,Demo,Workflow Automation,CR024,32,707.75,20666,613,2.968,2,1,0,0,0,Mature,
2026-05-29,C034,Google,In-House - Enterprise,UK,Demo,Workflow Automation,CR024,33,761.67,24241,880,3.634,4,2,0,0,0,Mature,
2026-05-30,C034,Google,In-House - Enterprise,UK,Demo,Workflow Automation,CR024,34,374.47,12184,403,3.316,2,1,0,0,0,Mature,
2026-05-31,C034,Google,In-House - Enterprise,UK,Demo,Workflow Automation,CR024,35,368.5,10987,414,3.773,3,1,0,0,0,Mature,
2026-06-01,C034,Google,In-House - Enterprise,UK,Demo,Workflow Automation,CR024,36,546.85,17289,654,3.787,2,1,0,0,0,Mature,
2026-06-02,C034,Google,In-House - Enterprise,UK,Demo,Workflow Automation,CR024,37,546.72,18616,547,2.941,3,2,0,0,0,Mature,
2026-06-03,C034,Google,In-House - Enterprise,UK,Demo,Workflow Automation,CR024,38,606.07,18150,625,3.447,3,2,0,0,0,Mature,
2026-06-04,C034,Google,In-House - Enterprise,UK,Demo,Workflow Automation,CR024,39,748.84,21436,705,3.291,4,2,0,0,0,Mature,
2026-06-05,C034,Google,In-House - Enterprise,UK,Demo,Workflow Automation,CR024,40,772.02,25871,1008,3.898,4,2,0,0,0,Mature,
2026-06-06,C034,Google,In-House - Enterprise,UK,Demo,Workflow Automation,CR024,41,351.03,11037,378,3.425,2,1,0,0,0,Mature,
2026-06-07,C034,Google,In-House - Enterprise,UK,Demo,Workflow Automation,CR024,42,435.21,13437,424,3.158,2,1,0,0,0,Mature,
2026-06-08,C034,Google,In-House - Enterprise,UK,Demo,Workflow Automation,CR024,43,629.2,19920,590,2.966,4,2,0,0,0,Mature,
2026-06-09,C034,Google,In-House - Enterprise,UK,Demo,Workflow Automation,CR024,44,606.88,20382,625,3.07,4,2,0,0,0,Mature,
2026-06-10,C034,Google,In-House - Enterprise,UK,Demo,Workflow Automation,CR024,45,650.43,20817,611,2.938,3,2,0,0,0,Mature,
2026-06-11,C034,Google,In-House - Enterprise,UK,Demo,Workflow Automation,CR024,46,670.8,22362,820,3.669,3,1,0,0,0,Mature,
2026-06-12,C034,Google,In-House - Enterprise,UK,Demo,Workflow Automation,CR024,47,705.02,23872,726,3.042,4,1,0,0,0,Mature,
2026-06-13,C034,Google,In-House - Enterprise,UK,Demo,Workflow Automation,CR024,48,387.98,11369,450,3.959,2,0,0,0,0,Mature,
2026-06-14,C034,Google,In-House - Enterprise,UK,Demo,Workflow Automation,CR024,49,441.39,14559,533,3.666,3,1,0,0,0,Mature,
2026-06-15,C034,Google,In-House - Enterprise,UK,Demo,Workflow Automation,CR024,50,756.6,25874,814,3.147,4,2,0,0,0,Mature,
2026-06-16,C034,Google,In-House - Enterprise,UK,Demo,Workflow Automation,CR024,51,754.87,24047,933,3.882,4,3,0,0,0,Mature,
2026-06-17,C034,Google,In-House - Enterprise,UK,Demo,Workflow Automation,CR024,52,718.86,24458,981,4.014,5,0,0,0,0,Immature,
2026-06-18,C034,Google,In-House - Enterprise,UK,Demo,Workflow Automation,CR024,53,645.75,20584,827,4.021,3,0,0,0,0,Immature,
2026-06-19,C034,Google,In-House - Enterprise,UK,Demo,Workflow Automation,CR024,54,589.04,18433,566,3.074,3,0,0,0,0,Immature,
2026-06-20,C034,Google,In-House - Enterprise,UK,Demo,Workflow Automation,CR024,55,478.03,14547,512,3.523,2,0,0,0,0,Immature,
2026-06-21,C034,Google,In-House - Enterprise,UK,Demo,Workflow Automation,CR024,56,454.37,13404,393,2.934,2,1,0,0,0,Immature,
2026-03-11,C035,LinkedIn,In-House - Enterprise,France,Demo,ROI,CR004,1,396.04,5562,66,1.189,0,0,0,0,0,Mature,
2026-03-12,C035,LinkedIn,In-House - Enterprise,France,Demo,ROI,CR004,2,395.28,5253,55,1.059,0,0,0,0,0,Mature,
2026-03-13,C035,LinkedIn,In-House - Enterprise,France,Demo,ROI,CR004,3,462.84,7073,79,1.118,0,0,0,0,0,Mature,
2026-03-14,C035,LinkedIn,In-House - Enterprise,France,Demo,ROI,CR004,4,326.3,4565,40,0.892,0,0,0,0,0,Mature,
2026-03-15,C035,LinkedIn,In-House - Enterprise,France,Demo,ROI,CR004,5,297.97,4196,45,1.085,0,0,0,0,0,Mature,
2026-03-16,C035,LinkedIn,In-House - Enterprise,France,Demo,ROI,CR004,6,367.12,5239,54,1.043,0,0,0,0,0,Mature,
2026-03-17,C035,LinkedIn,In-House - Enterprise,France,Demo,ROI,CR004,7,482.72,6761,84,1.248,0,0,0,0,0,Mature,
2026-03-18,C035,LinkedIn,In-House - Enterprise,France,Demo,ROI,CR004,8,423.52,6108,54,0.9,0,0,0,0,0,Mature,
2026-03-19,C035,LinkedIn,In-House - Enterprise,France,Demo,ROI,CR004,9,497.55,6750,63,0.941,0,0,0,0,0,Mature,
2026-03-20,C035,LinkedIn,In-House - Enterprise,France,Demo,ROI,CR004,10,475.34,6940,63,0.909,0,0,0,0,0,Mature,
2026-03-21,C035,LinkedIn,In-House - Enterprise,France,Demo,ROI,CR004,11,276.45,4367,46,1.068,0,0,0,0,0,Mature,
2026-03-22,C035,LinkedIn,In-House - Enterprise,France,Demo,ROI,CR004,12,307.88,4857,47,0.971,0,0,0,0,0,Mature,
2026-03-23,C035,LinkedIn,In-House - Enterprise,France,Demo,ROI,CR004,13,400.15,6314,58,0.927,0,0,0,0,0,Mature,
2026-03-24,C035,LinkedIn,In-House - Enterprise,France,Demo,ROI,CR004,14,402.08,5421,52,0.973,0,0,0,0,0,Mature,
2026-03-25,C035,LinkedIn,In-House - Enterprise,France,Demo,ROI,CR004,15,501.0,6835,76,1.113,0,0,0,0,0,Mature,
2026-03-26,C035,LinkedIn,In-House - Enterprise,France,Demo,ROI,CR004,16,494.13,7156,68,0.962,0,0,0,0,0,Mature,
2026-03-27,C035,LinkedIn,In-House - Enterprise,France,Demo,ROI,CR004,17,420.71,6690,62,0.939,0,0,0,0,0,Mature,
2026-03-28,C035,LinkedIn,In-House - Enterprise,France,Demo,ROI,CR004,18,304.43,4537,41,0.913,0,0,0,0,0,Mature,
2026-03-29,C035,LinkedIn,In-House - Enterprise,France,Demo,ROI,CR004,19,277.8,3833,39,1.027,0,0,0,0,0,Mature,
2026-03-30,C035,LinkedIn,In-House - Enterprise,France,Demo,ROI,CR004,20,398.73,6116,57,0.934,0,0,0,0,0,Mature,
2026-03-31,C035,LinkedIn,In-House - Enterprise,France,Demo,ROI,CR004,21,530.74,8523,77,0.91,0,0,0,0,0,Mature,
2026-04-01,C035,LinkedIn,In-House - Enterprise,France,Demo,ROI,CR004,22,384.3,5496,70,1.275,0,0,0,0,0,Mature,
2026-04-02,C035,LinkedIn,In-House - Enterprise,France,Demo,ROI,CR004,23,502.87,6758,86,1.274,0,0,0,0,0,Mature,
2026-04-03,C035,LinkedIn,In-House - Enterprise,France,Demo,ROI,CR004,24,423.83,5699,57,1.0,0,0,0,0,0,Mature,
2026-04-04,C035,LinkedIn,In-House - Enterprise,France,Demo,ROI,CR004,25,349.42,4814,58,1.215,0,0,0,0,0,Mature,
2026-04-05,C035,LinkedIn,In-House - Enterprise,France,Demo,ROI,CR004,26,296.83,4391,42,0.974,0,0,0,0,0,Mature,
2026-04-06,C035,LinkedIn,In-House - Enterprise,France,Demo,ROI,CR004,27,449.26,6471,81,1.265,0,0,0,0,0,Mature,
2026-04-07,C035,LinkedIn,In-House - Enterprise,France,Demo,ROI,CR004,28,382.35,5328,57,1.075,0,0,0,0,0,Mature,
2026-04-08,C035,LinkedIn,In-House - Enterprise,France,Demo,ROI,CR004,29,450.26,7192,70,0.974,0,0,0,0,0,Mature,
2026-04-09,C035,LinkedIn,In-House - Enterprise,France,Demo,ROI,CR004,30,427.55,6748,81,1.204,0,0,0,0,0,Mature,
2026-04-10,C035,LinkedIn,In-House - Enterprise,France,Demo,ROI,CR004,31,526.12,8250,102,1.238,0,0,0,0,0,Mature,
2026-04-11,C035,LinkedIn,In-House - Enterprise,France,Demo,ROI,CR004,32,258.14,3728,38,1.031,0,0,0,0,0,Mature,
2026-04-12,C035,LinkedIn,In-House - Enterprise,France,Demo,ROI,CR004,33,271.29,3871,44,1.139,0,0,0,0,0,Mature,
2026-04-13,C035,LinkedIn,In-House - Enterprise,France,Demo,ROI,CR004,34,470.81,7257,89,1.239,0,0,0,0,0,Mature,
2026-04-14,C035,LinkedIn,In-House - Enterprise,France,Demo,ROI,CR004,35,429.9,6385,69,1.095,0,0,0,0,0,Mature,
2026-04-15,C035,LinkedIn,In-House - Enterprise,France,Demo,ROI,CR004,36,453.42,6718,66,0.989,0,0,0,0,0,Mature,
2026-04-16,C035,LinkedIn,In-House - Enterprise,France,Demo,ROI,CR004,37,389.19,5941,57,0.966,0,0,0,0,0,Mature,
2026-05-06,C036,Meta,In-House - Enterprise,UK,Content Download,Workflow Automation,CR024,1,652.19,31634,590,1.867,16,5,0,0,0,Mature,
2026-05-07,C036,Meta,In-House - Enterprise,UK,Content Download,Workflow Automation,CR024,2,780.13,44467,640,1.441,23,7,0,0,0,Mature,
2026-05-08,C036,Meta,In-House - Enterprise,UK,Content Download,Workflow Automation,CR024,3,782.29,42021,617,1.469,20,6,0,0,0,Mature,
2026-05-09,C036,Meta,In-House - Enterprise,UK,Content Download,Workflow Automation,CR024,4,517.53,27674,535,1.935,15,4,0,0,0,Mature,
2026-05-10,C036,Meta,In-House - Enterprise,UK,Content Download,Workflow Automation,CR024,5,403.2,20899,411,1.968,17,5,0,0,0,Mature,
2026-05-11,C036,Meta,In-House - Enterprise,UK,Content Download,Workflow Automation,CR024,6,577.43,30838,473,1.534,15,5,0,0,0,Mature,
2026-05-12,C036,Meta,In-House - Enterprise,UK,Content Download,Workflow Automation,CR024,7,658.52,32320,510,1.578,18,6,0,0,0,Mature,
2026-05-13,C036,Meta,In-House - Enterprise,UK,Content Download,Workflow Automation,CR024,8,764.58,41841,626,1.498,21,7,0,0,0,Mature,
2026-05-14,C036,Meta,In-House - Enterprise,UK,Content Download,Workflow Automation,CR024,9,692.28,34817,639,1.837,24,8,1,124911,34643,Mature,
2026-05-15,C036,Meta,In-House - Enterprise,UK,Content Download,Workflow Automation,CR024,10,667.22,37454,710,1.898,20,5,0,0,0,Mature,
2026-05-16,C036,Meta,In-House - Enterprise,UK,Content Download,Workflow Automation,CR024,11,367.59,20513,370,1.809,10,2,0,0,0,Mature,
2026-05-17,C036,Meta,In-House - Enterprise,UK,Content Download,Workflow Automation,CR024,12,391.65,19537,274,1.407,9,3,0,0,0,Mature,
2026-05-18,C036,Meta,In-House - Enterprise,UK,Content Download,Workflow Automation,CR024,13,597.0,28491,544,1.913,21,5,0,0,0,Mature,
2026-05-19,C036,Meta,In-House - Enterprise,UK,Content Download,Workflow Automation,CR024,14,673.66,34879,592,1.699,15,4,0,0,0,Mature,
2026-05-20,C036,Meta,In-House - Enterprise,UK,Content Download,Workflow Automation,CR024,15,632.62,33485,560,1.674,20,5,0,0,0,Mature,
2026-05-21,C036,Meta,In-House - Enterprise,UK,Content Download,Workflow Automation,CR024,16,657.29,35666,595,1.669,20,4,0,0,0,Mature,
2026-05-22,C036,Meta,In-House - Enterprise,UK,Content Download,Workflow Automation,CR024,17,594.84,29433,588,1.999,24,7,0,0,0,Mature,
2026-05-23,C036,Meta,In-House - Enterprise,UK,Content Download,Workflow Automation,CR024,18,435.8,24698,458,1.855,16,4,0,0,0,Mature,
2026-05-24,C036,Meta,In-House - Enterprise,UK,Content Download,Workflow Automation,CR024,19,415.58,23895,401,1.682,12,2,0,0,0,Mature,
2026-05-25,C036,Meta,In-House - Enterprise,UK,Content Download,Workflow Automation,CR024,20,741.34,41677,804,1.931,35,12,1,99136,31868,Mature,
2026-05-26,C036,Meta,In-House - Enterprise,UK,Content Download,Workflow Automation,CR024,21,700.79,40287,630,1.566,23,7,0,0,0,Mature,
2026-05-27,C036,Meta,In-House - Enterprise,UK,Content Download,Workflow Automation,CR024,22,556.68,28213,410,1.455,13,2,0,0,0,Mature,
2026-05-28,C036,Meta,In-House - Enterprise,UK,Content Download,Workflow Automation,CR024,23,632.32,34016,594,1.747,16,4,0,0,0,Mature,
2026-05-29,C036,Meta,In-House - Enterprise,UK,Content Download,Workflow Automation,CR024,24,806.64,42498,694,1.635,22,7,0,0,0,Mature,
2026-05-30,C036,Meta,In-House - Enterprise,UK,Content Download,Workflow Automation,CR024,25,479.77,23698,387,1.637,14,5,0,0,0,Mature,
2026-05-31,C036,Meta,In-House - Enterprise,UK,Content Download,Workflow Automation,CR024,26,470.71,22502,421,1.872,15,5,0,0,0,Mature,
2026-06-01,C036,Meta,In-House - Enterprise,UK,Content Download,Workflow Automation,CR024,27,615.56,29200,470,1.612,19,5,0,0,0,Mature,
2026-06-02,C036,Meta,In-House - Enterprise,UK,Content Download,Workflow Automation,CR024,28,791.97,39289,687,1.749,19,6,0,0,0,Mature,
2026-06-03,C036,Meta,In-House - Enterprise,UK,Content Download,Workflow Automation,CR024,29,769.88,43501,671,1.543,17,5,0,0,0,Mature,
2026-06-04,C036,Meta,In-House - Enterprise,UK,Content Download,Workflow Automation,CR024,30,643.45,31491,589,1.872,20,5,0,0,0,Mature,
2026-06-05,C036,Meta,In-House - Enterprise,UK,Content Download,Workflow Automation,CR024,31,635.46,35849,672,1.875,22,5,0,0,0,Mature,
2026-06-06,C036,Meta,In-House - Enterprise,UK,Content Download,Workflow Automation,CR024,32,396.19,20267,350,1.728,11,3,0,0,0,Mature,
2026-06-07,C036,Meta,In-House - Enterprise,UK,Content Download,Workflow Automation,CR024,33,390.93,19993,373,1.866,14,4,0,0,0,Mature,
2026-06-08,C036,Meta,In-House - Enterprise,UK,Content Download,Workflow Automation,CR024,34,601.63,30262,599,1.98,22,5,0,0,0,Mature,
2026-06-09,C036,Meta,In-House - Enterprise,UK,Content Download,Workflow Automation,CR024,35,685.21,34275,614,1.792,24,6,0,0,0,Mature,
2026-06-10,C036,Meta,In-House - Enterprise,UK,Content Download,Workflow Automation,CR024,36,716.87,37041,606,1.638,17,5,0,0,0,Mature,
2026-06-11,C036,Meta,In-House - Enterprise,UK,Content Download,Workflow Automation,CR024,37,664.22,37109,519,1.401,18,4,0,0,0,Mature,
2026-04-02,C037,Google,Law Firm - Enterprise,US,Webinar,Workflow Automation,CR019,1,996.49,28406,1039,3.658,21,14,2,104348,34765,Mature,
2026-04-03,C037,Google,Law Firm - Enterprise,US,Webinar,Workflow Automation,CR019,2,965.93,32802,1075,3.277,17,13,2,229941,66214,Mature,
2026-04-04,C037,Google,Law Firm - Enterprise,US,Webinar,Workflow Automation,CR019,3,567.95,16080,601,3.739,10,5,0,0,0,Mature,
2026-04-05,C037,Google,Law Firm - Enterprise,US,Webinar,Workflow Automation,CR019,4,536.36,15143,451,2.984,7,3,0,0,0,Mature,
2026-04-06,C037,Google,Law Firm - Enterprise,US,Webinar,Workflow Automation,CR019,5,964.16,28178,1039,3.69,20,9,1,129251,29963,Mature,
2026-04-07,C037,Google,Law Firm - Enterprise,US,Webinar,Workflow Automation,CR019,6,739.84,24411,750,3.075,12,7,0,0,0,Mature,
2026-04-08,C037,Google,Law Firm - Enterprise,US,Webinar,Workflow Automation,CR019,7,841.39,26575,891,3.353,16,8,1,121427,30950,Mature,
2026-04-09,C037,Google,Law Firm - Enterprise,US,Webinar,Workflow Automation,CR019,8,1046.28,34559,1378,3.988,26,19,4,364735,101282,Mature,
2026-04-10,C037,Google,Law Firm - Enterprise,US,Webinar,Workflow Automation,CR019,9,988.68,30600,1187,3.881,23,15,2,151654,49608,Mature,
2026-04-11,C037,Google,Law Firm - Enterprise,US,Webinar,Workflow Automation,CR019,10,541.35,17164,698,4.07,11,6,1,138818,33718,Mature,
2026-04-12,C037,Google,Law Firm - Enterprise,US,Webinar,Workflow Automation,CR019,11,596.88,17096,572,3.347,9,4,0,0,0,Mature,
2026-04-13,C037,Google,Law Firm - Enterprise,US,Webinar,Workflow Automation,CR019,12,1032.56,33723,1368,4.057,27,12,1,63289,16160,Mature,
2026-04-14,C037,Google,Law Firm - Enterprise,US,Webinar,Workflow Automation,CR019,13,947.85,28850,1011,3.504,18,8,1,111658,33880,Mature,
2026-04-15,C037,Google,Law Firm - Enterprise,US,Webinar,Workflow Automation,CR019,14,761.38,23109,689,2.984,11,7,1,131898,36033,Mature,
2026-04-16,C037,Google,Law Firm - Enterprise,US,Webinar,Workflow Automation,CR019,15,942.79,26610,1082,4.067,17,12,1,76670,19352,Mature,
2026-04-17,C037,Google,Law Firm - Enterprise,US,Webinar,Workflow Automation,CR019,16,918.35,29631,924,3.121,19,14,1,118542,36952,Mature,
2026-04-18,C037,Google,Law Firm - Enterprise,US,Webinar,Workflow Automation,CR019,17,603.7,18250,572,3.134,10,4,0,0,0,Mature,
2026-04-19,C037,Google,Law Firm - Enterprise,US,Webinar,Workflow Automation,CR019,18,695.97,21391,722,3.375,9,5,0,0,0,Mature,
2026-04-20,C037,Google,Law Firm - Enterprise,US,Webinar,Workflow Automation,CR019,19,1032.23,32941,1033,3.137,19,10,1,121869,32573,Mature,
2026-04-21,C037,Google,Law Firm - Enterprise,US,Webinar,Workflow Automation,CR019,20,977.75,32993,1167,3.537,15,11,2,173600,40636,Mature,
2026-04-22,C037,Google,Law Firm - Enterprise,US,Webinar,Workflow Automation,CR019,21,898.39,26551,821,3.095,14,8,1,90875,29345,Mature,
2026-04-23,C037,Google,Law Firm - Enterprise,US,Webinar,Workflow Automation,CR019,22,921.63,30473,1071,3.515,22,16,2,150938,35437,Mature,
2026-04-24,C037,Google,Law Firm - Enterprise,US,Webinar,Workflow Automation,CR019,23,1041.11,32564,1279,3.93,18,12,2,122448,35198,Mature,
2026-04-25,C037,Google,Law Firm - Enterprise,US,Webinar,Workflow Automation,CR019,24,611.28,18723,612,3.27,13,6,0,0,0,Mature,
2026-04-26,C037,Google,Law Firm - Enterprise,US,Webinar,Workflow Automation,CR019,25,560.64,16795,583,3.474,10,5,1,92065,24805,Mature,
2026-04-27,C037,Google,Law Firm - Enterprise,US,Webinar,Workflow Automation,CR019,26,1033.38,35404,1128,3.186,19,11,2,109637,28382,Mature,
2026-04-28,C037,Google,Law Firm - Enterprise,US,Webinar,Workflow Automation,CR019,27,1020.73,32714,1059,3.239,15,11,2,132794,31556,Mature,
2026-04-29,C037,Google,Law Firm - Enterprise,US,Webinar,Workflow Automation,CR019,28,923.73,28568,901,3.155,15,9,1,107306,34348,Mature,
2026-04-30,C037,Google,Law Firm - Enterprise,US,Webinar,Workflow Automation,CR019,29,936.79,27562,978,3.548,21,11,1,48546,11737,Mature,
2026-05-01,C037,Google,Law Firm - Enterprise,US,Webinar,Workflow Automation,CR019,30,923.34,30817,1179,3.829,20,12,1,143834,32487,Mature,
2026-05-15,C038,LinkedIn,Law Firm - Enterprise,US,Demo,Speed,CR027,1,305.34,4655,53,1.146,0,0,0,0,0,Mature,
2026-05-16,C038,LinkedIn,Law Firm - Enterprise,US,Demo,Speed,CR027,2,209.95,3290,34,1.053,0,0,0,0,0,Mature,
2026-05-17,C038,LinkedIn,Law Firm - Enterprise,US,Demo,Speed,CR027,3,219.65,3272,38,1.163,0,0,0,0,0,Mature,
2026-05-18,C038,LinkedIn,Law Firm - Enterprise,US,Demo,Speed,CR027,4,350.83,5423,51,0.944,0,0,0,0,0,Mature,
2026-05-19,C038,LinkedIn,Law Firm - Enterprise,US,Demo,Speed,CR027,5,359.03,5182,58,1.137,0,0,0,0,0,Mature,
2026-05-20,C038,LinkedIn,Law Firm - Enterprise,US,Demo,Speed,CR027,6,258.37,4120,45,1.101,0,0,0,0,0,Mature,
2026-05-21,C038,LinkedIn,Law Firm - Enterprise,US,Demo,Speed,CR027,7,373.28,5038,60,1.2,0,0,0,0,0,Mature,
2026-05-22,C038,LinkedIn,Law Firm - Enterprise,US,Demo,Speed,CR027,8,279.74,3831,50,1.318,0,0,0,0,0,Mature,
2026-05-23,C038,LinkedIn,Law Firm - Enterprise,US,Demo,Speed,CR027,9,222.26,3583,39,1.104,0,0,0,0,0,Mature,
2026-05-24,C038,LinkedIn,Law Firm - Enterprise,US,Demo,Speed,CR027,10,214.79,3457,43,1.255,0,0,0,0,0,Mature,
2026-05-25,C038,LinkedIn,Law Firm - Enterprise,US,Demo,Speed,CR027,11,367.49,5135,53,1.044,0,0,0,0,0,Mature,
2026-05-26,C038,LinkedIn,Law Firm - Enterprise,US,Demo,Speed,CR027,12,330.68,4687,57,1.226,0,0,0,0,0,Mature,
2026-05-27,C038,LinkedIn,Law Firm - Enterprise,US,Demo,Speed,CR027,13,261.04,3982,50,1.274,0,0,0,0,0,Mature,
2026-05-28,C038,LinkedIn,Law Firm - Enterprise,US,Demo,Speed,CR027,14,275.06,3851,47,1.236,0,0,0,0,0,Mature,
2026-05-29,C038,LinkedIn,Law Firm - Enterprise,US,Demo,Speed,CR027,15,269.19,4216,46,1.094,0,0,0,0,0,Mature,
2026-05-30,C038,LinkedIn,Law Firm - Enterprise,US,Demo,Speed,CR027,16,223.54,3026,35,1.166,0,0,0,0,0,Mature,
2026-05-31,C038,LinkedIn,Law Firm - Enterprise,US,Demo,Speed,CR027,17,189.63,2729,29,1.099,0,0,0,0,0,Mature,
2026-06-01,C038,LinkedIn,Law Firm - Enterprise,US,Demo,Speed,CR027,18,375.33,4989,63,1.269,0,0,0,0,0,Mature,
2026-06-02,C038,LinkedIn,Law Firm - Enterprise,US,Demo,Speed,CR027,19,284.59,4554,42,0.943,0,0,0,0,0,Mature,
2026-06-03,C038,LinkedIn,Law Firm - Enterprise,US,Demo,Speed,CR027,20,308.47,4535,43,0.966,0,0,0,0,0,Mature,
2026-06-04,C038,LinkedIn,Law Firm - Enterprise,US,Demo,Speed,CR027,21,309.41,4296,47,1.099,0,0,0,0,0,Mature,
2026-06-05,C038,LinkedIn,Law Firm - Enterprise,US,Demo,Speed,CR027,22,286.81,4121,40,0.985,0,0,0,0,0,Mature,
2026-06-06,C038,LinkedIn,Law Firm - Enterprise,US,Demo,Speed,CR027,23,227.69,3189,34,1.071,0,0,0,0,0,Mature,
2026-06-07,C038,LinkedIn,Law Firm - Enterprise,US,Demo,Speed,CR027,24,191.03,2994,39,1.307,0,0,0,0,0,Mature,
2026-06-08,C038,LinkedIn,Law Firm - Enterprise,US,Demo,Speed,CR027,25,326.46,4855,59,1.23,0,0,0,0,0,Mature,
2026-06-09,C038,LinkedIn,Law Firm - Enterprise,US,Demo,Speed,CR027,26,358.77,5118,64,1.254,0,0,0,0,0,Mature,
2026-06-10,C038,LinkedIn,Law Firm - Enterprise,US,Demo,Speed,CR027,27,318.76,4481,49,1.097,0,0,0,0,0,Mature,
2026-06-11,C038,LinkedIn,Law Firm - Enterprise,US,Demo,Speed,CR027,28,269.21,3672,41,1.121,0,0,0,0,0,Mature,
2026-06-12,C038,LinkedIn,Law Firm - Enterprise,US,Demo,Speed,CR027,29,287.19,3912,49,1.257,0,0,0,0,0,Mature,
2026-06-13,C038,LinkedIn,Law Firm - Enterprise,US,Demo,Speed,CR027,30,204.9,2950,32,1.099,0,0,0,0,0,Mature,
2026-06-14,C038,LinkedIn,Law Firm - Enterprise,US,Demo,Speed,CR027,31,228.01,3135,38,1.22,0,0,0,0,0,Mature,
2026-06-15,C038,LinkedIn,Law Firm - Enterprise,US,Demo,Speed,CR027,32,373.4,5377,57,1.07,0,0,0,0,0,Mature,
2026-06-16,C038,LinkedIn,Law Firm - Enterprise,US,Demo,Speed,CR027,33,327.31,4624,61,1.328,0,0,0,0,0,Mature,
2026-06-17,C038,LinkedIn,Law Firm - Enterprise,US,Demo,Speed,CR027,34,305.79,4544,48,1.076,0,0,0,0,0,Immature,
2026-06-18,C038,LinkedIn,Law Firm - Enterprise,US,Demo,Speed,CR027,35,347.46,5481,60,1.1,0,0,0,0,0,Immature,
2026-06-19,C038,LinkedIn,Law Firm - Enterprise,US,Demo,Speed,CR027,36,299.49,4755,55,1.165,0,0,0,0,0,Immature,
2026-06-20,C038,LinkedIn,Law Firm - Enterprise,US,Demo,Speed,CR027,37,240.87,3599,40,1.124,0,0,0,0,0,Immature,
2026-06-21,C038,LinkedIn,Law Firm - Enterprise,US,Demo,Speed,CR027,38,231.45,3725,46,1.239,0,0,0,0,0,Immature,
2026-06-22,C038,LinkedIn,Law Firm - Enterprise,US,Demo,Speed,CR027,39,295.96,4351,41,0.946,0,0,0,0,0,Immature,
2026-06-23,C038,LinkedIn,Law Firm - Enterprise,US,Demo,Speed,CR027,40,359.05,5553,61,1.104,0,0,0,0,0,Immature,
2026-06-24,C038,LinkedIn,Law Firm - Enterprise,US,Demo,Speed,CR027,41,340.83,5222,58,1.128,0,0,0,0,0,Immature,
2026-06-25,C038,LinkedIn,Law Firm - Enterprise,US,Demo,Speed,CR027,42,320.69,5089,50,0.993,0,0,0,0,0,Immature,
2026-06-26,C038,LinkedIn,Law Firm - Enterprise,US,Demo,Speed,CR027,43,349.25,4645,55,1.192,0,0,0,0,0,Immature,
2026-06-27,C038,LinkedIn,Law Firm - Enterprise,US,Demo,Speed,CR027,44,235.84,3131,29,0.943,0,0,0,0,0,Immature,
2026-06-28,C038,LinkedIn,Law Firm - Enterprise,US,Demo,Speed,CR027,45,192.7,3020,33,1.115,0,0,0,0,0,Immature,
2026-06-29,C038,LinkedIn,Law Firm - Enterprise,US,Demo,Speed,CR027,46,269.28,4168,38,0.932,0,0,0,0,0,Immature,
2026-06-30,C038,LinkedIn,Law Firm - Enterprise,US,Demo,Speed,CR027,47,281.31,3745,34,0.924,0,0,0,0,0,Immature,
2026-02-11,C039,Meta,In-House - Mid-Market,US,Webinar,AI Productivity,CR010,1,657.45,33097,556,1.682,11,2,0,0,0,Mature,
2026-02-12,C039,Meta,In-House - Mid-Market,US,Webinar,AI Productivity,CR010,2,651.16,36536,727,1.991,17,5,0,0,0,Mature,
2026-02-13,C039,Meta,In-House - Mid-Market,US,Webinar,AI Productivity,CR010,3,602.07,34792,559,1.609,13,3,0,0,0,Mature,
2026-02-14,C039,Meta,In-House - Mid-Market,US,Webinar,AI Productivity,CR010,4,395.15,22773,451,1.982,9,2,0,0,0,Mature,
2026-02-15,C039,Meta,In-House - Mid-Market,US,Webinar,AI Productivity,CR010,5,432.19,23438,381,1.627,7,2,0,0,0,Mature,
2026-02-16,C039,Meta,In-House - Mid-Market,US,Webinar,AI Productivity,CR010,6,608.58,34819,721,2.073,17,4,0,0,0,Mature,
2026-02-17,C039,Meta,In-House - Mid-Market,US,Webinar,AI Productivity,CR010,7,740.51,35132,676,1.924,16,4,0,0,0,Mature,
2026-02-18,C039,Meta,In-House - Mid-Market,US,Webinar,AI Productivity,CR010,8,715.59,36919,737,1.998,15,3,0,0,0,Mature,
2026-02-19,C039,Meta,In-House - Mid-Market,US,Webinar,AI Productivity,CR010,9,689.85,37570,587,1.563,14,4,0,0,0,Mature,
2026-02-20,C039,Meta,In-House - Mid-Market,US,Webinar,AI Productivity,CR010,10,740.81,38125,770,2.021,20,6,0,0,0,Mature,
2026-02-21,C039,Meta,In-House - Mid-Market,US,Webinar,AI Productivity,CR010,11,478.12,23317,490,2.105,10,3,0,0,0,Mature,
2026-02-22,C039,Meta,In-House - Mid-Market,US,Webinar,AI Productivity,CR010,12,439.62,23388,421,1.802,7,2,0,0,0,Mature,
2026-02-23,C039,Meta,In-House - Mid-Market,US,Webinar,AI Productivity,CR010,13,594.91,28898,525,1.818,11,2,0,0,0,Mature,
2026-02-24,C039,Meta,In-House - Mid-Market,US,Webinar,AI Productivity,CR010,14,549.0,28113,532,1.896,10,2,0,0,0,Mature,
2026-02-25,C039,Meta,In-House - Mid-Market,US,Webinar,AI Productivity,CR010,15,737.45,36867,772,2.096,18,3,0,0,0,Mature,
2026-02-26,C039,Meta,In-House - Mid-Market,US,Webinar,AI Productivity,CR010,16,589.16,31125,681,2.188,18,5,0,0,0,Mature,
2026-02-27,C039,Meta,In-House - Mid-Market,US,Webinar,AI Productivity,CR010,17,711.57,35047,689,1.968,14,3,0,0,0,Mature,
2026-02-28,C039,Meta,In-House - Mid-Market,US,Webinar,AI Productivity,CR010,18,399.38,20486,457,2.234,12,4,0,0,0,Mature,
2026-03-01,C039,Meta,In-House - Mid-Market,US,Webinar,AI Productivity,CR010,19,485.05,24115,455,1.889,10,3,0,0,0,Mature,
2026-03-02,C039,Meta,In-House - Mid-Market,US,Webinar,AI Productivity,CR010,20,639.57,34723,633,1.825,10,2,0,0,0,Mature,
2026-03-03,C039,Meta,In-House - Mid-Market,US,Webinar,AI Productivity,CR010,21,634.91,30806,635,2.062,14,3,0,0,0,Mature,
2026-03-04,C039,Meta,In-House - Mid-Market,US,Webinar,AI Productivity,CR010,22,736.5,36564,699,1.912,16,4,0,0,0,Mature,
2026-03-05,C039,Meta,In-House - Mid-Market,US,Webinar,AI Productivity,CR010,23,550.4,30853,689,2.235,16,4,0,0,0,Mature,
2026-03-06,C039,Meta,In-House - Mid-Market,US,Webinar,AI Productivity,CR010,24,724.71,40715,672,1.652,12,3,0,0,0,Mature,
2026-03-07,C039,Meta,In-House - Mid-Market,US,Webinar,AI Productivity,CR010,25,415.78,19886,388,1.954,7,2,0,0,0,Mature,
2026-03-08,C039,Meta,In-House - Mid-Market,US,Webinar,AI Productivity,CR010,26,450.42,25259,548,2.173,12,2,0,0,0,Mature,
2026-03-09,C039,Meta,In-House - Mid-Market,US,Webinar,AI Productivity,CR010,27,694.02,33801,548,1.622,15,3,0,0,0,Mature,
2026-03-10,C039,Meta,In-House - Mid-Market,US,Webinar,AI Productivity,CR010,28,594.32,31443,656,2.089,13,4,0,0,0,Mature,
2026-03-11,C039,Meta,In-House - Mid-Market,US,Webinar,AI Productivity,CR010,29,751.4,40332,642,1.593,17,5,0,0,0,Mature,
2026-03-12,C039,Meta,In-House - Mid-Market,US,Webinar,AI Productivity,CR010,30,657.61,35975,784,2.18,18,3,0,0,0,Mature,
2026-03-13,C039,Meta,In-House - Mid-Market,US,Webinar,AI Productivity,CR010,31,792.47,40473,692,1.711,16,5,0,0,0,Mature,
2026-03-14,C039,Meta,In-House - Mid-Market,US,Webinar,AI Productivity,CR010,32,453.95,25311,426,1.684,9,3,0,0,0,Mature,
2026-03-15,C039,Meta,In-House - Mid-Market,US,Webinar,AI Productivity,CR010,33,380.32,18377,289,1.578,7,2,0,0,0,Mature,
2026-03-16,C039,Meta,In-House - Mid-Market,US,Webinar,AI Productivity,CR010,34,636.53,34057,682,2.004,16,4,0,0,0,Mature,
2026-03-17,C039,Meta,In-House - Mid-Market,US,Webinar,AI Productivity,CR010,35,755.4,40733,912,2.239,18,6,1,75486,22302,Mature,
2026-03-18,C039,Meta,In-House - Mid-Market,US,Webinar,AI Productivity,CR010,36,576.38,31676,510,1.612,12,2,0,0,0,Mature,
2026-03-19,C039,Meta,In-House - Mid-Market,US,Webinar,AI Productivity,CR010,37,645.26,36358,659,1.813,13,3,0,0,0,Mature,
2026-03-20,C039,Meta,In-House - Mid-Market,US,Webinar,AI Productivity,CR010,38,797.26,43167,691,1.602,18,6,0,0,0,Mature,
2026-03-21,C039,Meta,In-House - Mid-Market,US,Webinar,AI Productivity,CR010,39,458.45,21918,458,2.09,11,3,0,0,0,Mature,
2026-03-22,C039,Meta,In-House - Mid-Market,US,Webinar,AI Productivity,CR010,40,448.5,22835,426,1.867,9,2,0,0,0,Mature,
2026-03-23,C039,Meta,In-House - Mid-Market,US,Webinar,AI Productivity,CR010,41,697.38,39479,779,1.974,16,4,0,0,0,Mature,
2026-03-24,C039,Meta,In-House - Mid-Market,US,Webinar,AI Productivity,CR010,42,725.27,36591,773,2.113,19,5,0,0,0,Mature,
2026-03-25,C039,Meta,In-House - Mid-Market,US,Webinar,AI Productivity,CR010,43,678.45,37473,824,2.201,22,6,1,82162,23812,Mature,
2026-03-26,C039,Meta,In-House - Mid-Market,US,Webinar,AI Productivity,CR010,44,768.76,37312,599,1.608,15,4,0,0,0,Mature,
2026-03-27,C039,Meta,In-House - Mid-Market,US,Webinar,AI Productivity,CR010,45,780.83,38777,632,1.631,14,3,0,0,0,Mature,
2026-03-28,C039,Meta,In-House - Mid-Market,US,Webinar,AI Productivity,CR010,46,428.03,24492,480,1.963,9,2,0,0,0,Mature,
2026-03-29,C039,Meta,In-House - Mid-Market,US,Webinar,AI Productivity,CR010,47,375.26,17940,331,1.847,6,1,0,0,0,Mature,
2026-03-30,C039,Meta,In-House - Mid-Market,US,Webinar,AI Productivity,CR010,48,804.75,40727,725,1.781,14,4,0,0,0,Mature,
2026-03-31,C039,Meta,In-House - Mid-Market,US,Webinar,AI Productivity,CR010,49,589.71,28983,556,1.922,9,2,0,0,0,Mature,
2026-04-01,C039,Meta,In-House - Mid-Market,US,Webinar,AI Productivity,CR010,50,682.48,35530,505,1.422,11,2,0,0,0,Mature,
2026-04-02,C039,Meta,In-House - Mid-Market,US,Webinar,AI Productivity,CR010,51,707.7,35341,638,1.807,12,2,0,0,0,Mature,
2026-04-03,C039,Meta,In-House - Mid-Market,US,Webinar,AI Productivity,CR010,52,631.62,29992,543,1.811,9,2,0,0,0,Mature,
2026-04-04,C039,Meta,In-House - Mid-Market,US,Webinar,AI Productivity,CR010,53,452.19,23764,446,1.88,9,2,0,0,0,Mature,
2026-04-05,C039,Meta,In-House - Mid-Market,US,Webinar,AI Productivity,CR010,54,449.73,22878,355,1.554,8,2,0,0,0,Mature,
2026-04-06,C039,Meta,In-House - Mid-Market,US,Webinar,AI Productivity,CR010,55,571.98,31645,455,1.438,10,2,0,0,0,Mature,
2026-04-07,C039,Meta,In-House - Mid-Market,US,Webinar,AI Productivity,CR010,56,772.38,40950,545,1.333,14,3,0,0,0,Mature,
2026-04-08,C039,Meta,In-House - Mid-Market,US,Webinar,AI Productivity,CR010,57,633.15,30331,392,1.295,8,2,0,0,0,Mature,
2026-04-09,C039,Meta,In-House - Mid-Market,US,Webinar,AI Productivity,CR010,58,708.39,37114,518,1.398,11,2,0,0,0,Mature,
2026-01-28,C040,Google,In-House - Enterprise,DACH,Webinar,Workflow Automation,CR023,1,405.69,11677,454,3.889,9,5,0,0,0,Mature,
2026-01-29,C040,Google,In-House - Enterprise,DACH,Webinar,Workflow Automation,CR023,2,521.9,14737,512,3.476,11,7,1,89363,23806,Mature,
2026-01-30,C040,Google,In-House - Enterprise,DACH,Webinar,Workflow Automation,CR023,3,467.78,13973,576,4.128,10,7,1,101246,23113,Mature,
2026-01-31,C040,Google,In-House - Enterprise,DACH,Webinar,Workflow Automation,CR023,4,252.82,8186,298,3.644,5,2,0,0,0,Mature,
2026-02-01,C040,Google,In-House - Enterprise,DACH,Webinar,Workflow Automation,CR023,5,335.77,9515,297,3.122,5,3,0,0,0,Mature,
2026-02-02,C040,Google,In-House - Enterprise,DACH,Webinar,Workflow Automation,CR023,6,515.11,15612,630,4.039,11,6,1,88588,28183,Mature,
2026-02-03,C040,Google,In-House - Enterprise,DACH,Webinar,Workflow Automation,CR023,7,496.25,14335,518,3.617,10,5,0,0,0,Mature,
2026-02-04,C040,Google,In-House - Enterprise,DACH,Webinar,Workflow Automation,CR023,8,421.35,12135,499,4.12,6,4,0,0,0,Mature,
2026-02-05,C040,Google,In-House - Enterprise,DACH,Webinar,Workflow Automation,CR023,9,438.58,14387,427,2.969,7,5,0,0,0,Mature,
2026-02-06,C040,Google,In-House - Enterprise,DACH,Webinar,Workflow Automation,CR023,10,535.8,16137,519,3.222,7,4,0,0,0,Mature,
2026-02-07,C040,Google,In-House - Enterprise,DACH,Webinar,Workflow Automation,CR023,11,284.56,9517,307,3.231,4,3,0,0,0,Mature,
2026-02-08,C040,Google,In-House - Enterprise,DACH,Webinar,Workflow Automation,CR023,12,349.99,11215,393,3.511,7,3,0,0,0,Mature,
2026-02-09,C040,Google,In-House - Enterprise,DACH,Webinar,Workflow Automation,CR023,13,386.51,11272,349,3.096,6,3,0,0,0,Mature,
2026-02-10,C040,Google,In-House - Enterprise,DACH,Webinar,Workflow Automation,CR023,14,361.58,12193,470,3.858,8,5,0,0,0,Mature,
2026-02-11,C040,Google,In-House - Enterprise,DACH,Webinar,Workflow Automation,CR023,15,532.45,17044,639,3.754,10,7,0,0,0,Mature,
2026-02-12,C040,Google,In-House - Enterprise,DACH,Webinar,Workflow Automation,CR023,16,504.6,14739,518,3.519,9,5,0,0,0,Mature,
2026-02-13,C040,Google,In-House - Enterprise,DACH,Webinar,Workflow Automation,CR023,17,509.09,14747,504,3.422,7,4,0,0,0,Mature,
2026-02-14,C040,Google,In-House - Enterprise,DACH,Webinar,Workflow Automation,CR023,18,283.87,8748,332,3.798,6,4,0,,,Mature,Missing CRM attribution
2026-02-15,C040,Google,In-House - Enterprise,DACH,Webinar,Workflow Automation,CR023,19,260.79,7446,256,3.442,4,2,0,0,0,Mature,
2026-02-16,C040,Google,In-House - Enterprise,DACH,Webinar,Workflow Automation,CR023,20,430.57,12778,485,3.798,9,4,0,0,0,Mature,
2026-02-17,C040,Google,In-House - Enterprise,DACH,Webinar,Workflow Automation,CR023,21,418.37,13399,450,3.365,7,4,0,0,0,Mature,
2026-02-18,C040,Google,In-House - Enterprise,DACH,Webinar,Workflow Automation,CR023,22,410.43,13671,469,3.438,10,5,1,143334,36088,Mature,
2026-02-19,C040,Google,In-House - Enterprise,DACH,Webinar,Workflow Automation,CR023,23,396.51,13058,469,3.597,9,6,0,0,0,Mature,
2026-02-20,C040,Google,In-House - Enterprise,DACH,Webinar,Workflow Automation,CR023,24,526.32,16939,552,3.262,10,5,0,0,0,Mature,
2026-02-21,C040,Google,In-House - Enterprise,DACH,Webinar,Workflow Automation,CR023,25,290.08,8812,330,3.754,5,2,0,0,0,Mature,
2026-02-22,C040,Google,In-House - Enterprise,DACH,Webinar,Workflow Automation,CR023,26,287.48,8936,295,3.303,5,2,0,0,0,Mature,
2026-02-23,C040,Google,In-House - Enterprise,DACH,Webinar,Workflow Automation,CR023,27,408.47,13970,442,3.169,7,4,0,0,0,Mature,
2026-02-24,C040,Google,In-House - Enterprise,DACH,Webinar,Workflow Automation,CR023,28,378.56,11578,359,3.103,6,3,0,0,0,Mature,
2026-02-25,C040,Google,In-House - Enterprise,DACH,Webinar,Workflow Automation,CR023,29,505.62,14952,565,3.783,8,4,0,0,0,Mature,
2026-02-26,C040,Google,In-House - Enterprise,DACH,Webinar,Workflow Automation,CR023,30,457.97,13249,484,3.659,9,4,0,0,0,Mature,
2026-02-27,C040,Google,In-House - Enterprise,DACH,Webinar,Workflow Automation,CR023,31,422.86,13839,460,3.325,9,5,0,0,0,Mature,
2026-02-28,C040,Google,In-House - Enterprise,DACH,Webinar,Workflow Automation,CR023,32,265.23,9062,353,3.903,7,4,0,0,0,Mature,
2026-03-01,C040,Google,In-House - Enterprise,DACH,Webinar,Workflow Automation,CR023,33,296.97,9707,348,3.591,5,3,0,0,0,Mature,
2026-03-02,C040,Google,In-House - Enterprise,DACH,Webinar,Workflow Automation,CR023,34,419.5,13440,543,4.042,8,6,0,0,0,Mature,
2026-03-03,C040,Google,In-House - Enterprise,DACH,Webinar,Workflow Automation,CR023,35,412.25,12901,499,3.87,8,5,0,0,0,Mature,
2026-03-04,C040,Google,In-House - Enterprise,DACH,Webinar,Workflow Automation,CR023,36,455.57,14077,450,3.202,8,5,0,0,0,Mature,
2026-03-05,C040,Google,In-House - Enterprise,DACH,Webinar,Workflow Automation,CR023,37,443.31,12510,418,3.348,6,3,0,0,0,Mature,
2026-03-06,C040,Google,In-House - Enterprise,DACH,Webinar,Workflow Automation,CR023,38,420.83,13561,390,2.879,5,3,0,0,0,Mature,
2026-03-07,C040,Google,In-House - Enterprise,DACH,Webinar,Workflow Automation,CR023,39,310.7,9431,338,3.592,4,3,0,0,0,Mature,
2026-03-08,C040,Google,In-House - Enterprise,DACH,Webinar,Workflow Automation,CR023,40,243.45,7410,269,3.639,5,3,0,0,0,Mature,
2026-03-09,C040,Google,In-House - Enterprise,DACH,Webinar,Workflow Automation,CR023,41,511.37,14538,554,3.812,12,7,1,43636,14786,Mature,
2026-03-10,C040,Google,In-House - Enterprise,DACH,Webinar,Workflow Automation,CR023,42,522.64,17597,538,3.062,10,7,1,121846,38850,Mature,
2026-03-11,C040,Google,In-House - Enterprise,DACH,Webinar,Workflow Automation,CR023,43,515.07,16218,470,2.901,9,6,0,0,0,Mature,
2026-03-12,C040,Google,In-House - Enterprise,DACH,Webinar,Workflow Automation,CR023,44,411.11,12359,501,4.056,7,4,0,0,0,Mature,
2026-03-13,C040,Google,In-House - Enterprise,DACH,Webinar,Workflow Automation,CR023,45,409.29,11660,346,2.974,6,3,0,0,0,Mature,
2026-03-14,C040,Google,In-House - Enterprise,DACH,Webinar,Workflow Automation,CR023,46,348.0,11452,465,4.062,6,3,0,0,0,Mature,
2026-03-15,C040,Google,In-House - Enterprise,DACH,Webinar,Workflow Automation,CR023,47,335.16,10437,382,3.663,8,4,0,0,0,Mature,
2026-03-16,C040,Google,In-House - Enterprise,DACH,Webinar,Workflow Automation,CR023,48,396.25,12701,487,3.837,8,3,0,0,0,Mature,
2026-03-17,C040,Google,In-House - Enterprise,DACH,Webinar,Workflow Automation,CR023,49,485.61,16237,557,3.43,8,5,0,0,0,Mature,
2026-03-18,C040,Google,In-House - Enterprise,DACH,Webinar,Workflow Automation,CR023,50,379.56,10881,374,3.44,6,3,0,0,0,Mature,
2026-03-19,C040,Google,In-House - Enterprise,DACH,Webinar,Workflow Automation,CR023,51,389.56,12666,451,3.567,9,5,1,74059,25137,Mature,
2026-03-20,C040,Google,In-House - Enterprise,DACH,Webinar,Workflow Automation,CR023,52,398.14,11490,409,3.561,7,4,0,0,0,Mature,
2026-03-21,C040,Google,In-House - Enterprise,DACH,Webinar,Workflow Automation,CR023,53,294.74,9730,394,4.057,6,4,0,0,0,Mature,
2026-03-22,C040,Google,In-House - Enterprise,DACH,Webinar,Workflow Automation,CR023,54,308.85,9943,407,4.103,8,5,1,76982,18008,Mature,
2026-03-23,C040,Google,In-House - Enterprise,DACH,Webinar,Workflow Automation,CR023,55,451.01,13921,439,3.161,6,4,0,0,0,Mature,
2026-03-24,C040,Google,In-House - Enterprise,DACH,Webinar,Workflow Automation,CR023,56,376.18,12075,473,3.918,6,4,0,0,0,Mature,
2026-03-25,C040,Google,In-House - Enterprise,DACH,Webinar,Workflow Automation,CR023,57,501.83,15366,584,3.805,8,4,0,0,0,Mature,
2026-03-26,C040,Google,In-House - Enterprise,DACH,Webinar,Workflow Automation,CR023,58,477.75,15600,489,3.138,8,4,0,0,0,Mature,
2026-03-27,C040,Google,In-House - Enterprise,DACH,Webinar,Workflow Automation,CR023,59,369.67,10532,352,3.349,6,3,0,0,0,Mature,
2026-03-28,C040,Google,In-House - Enterprise,DACH,Webinar,Workflow Automation,CR023,60,301.3,10006,293,2.938,5,2,0,0,0,Mature,
2026-03-29,C040,Google,In-House - Enterprise,DACH,Webinar,Workflow Automation,CR023,61,234.18,7911,241,3.049,4,2,0,0,0,Mature,
2026-03-30,C040,Google,In-House - Enterprise,DACH,Webinar,Workflow Automation,CR023,62,413.5,11772,376,3.199,6,2,0,0,0,Mature,
2026-02-01,C041,LinkedIn,Law Firm - Enterprise,UK,Demo,Speed,CR027,1,194.55,2880,33,1.151,0,0,0,0,0,Mature,
2026-02-02,C041,LinkedIn,Law Firm - Enterprise,UK,Demo,Speed,CR027,2,264.37,3874,36,0.952,0,0,0,0,0,Mature,
2026-02-03,C041,LinkedIn,Law Firm - Enterprise,UK,Demo,Speed,CR027,3,324.22,4701,59,1.269,0,0,0,0,0,Mature,
2026-02-04,C041,LinkedIn,Law Firm - Enterprise,UK,Demo,Speed,CR027,4,274.83,4010,50,1.25,0,0,0,0,0,Mature,
2026-02-05,C041,LinkedIn,Law Firm - Enterprise,UK,Demo,Speed,CR027,5,275.39,4012,49,1.238,0,0,0,0,0,Mature,
2026-02-06,C041,LinkedIn,Law Firm - Enterprise,UK,Demo,Speed,CR027,6,356.05,5433,66,1.219,0,0,0,0,0,Mature,
2026-02-07,C041,LinkedIn,Law Firm - Enterprise,UK,Demo,Speed,CR027,7,223.05,3450,41,1.206,0,0,0,0,0,Mature,
2026-02-08,C041,LinkedIn,Law Firm - Enterprise,UK,Demo,Speed,CR027,8,170.04,2512,32,1.298,0,0,0,0,0,Mature,
2026-02-09,C041,LinkedIn,Law Firm - Enterprise,UK,Demo,Speed,CR027,9,360.05,5252,50,0.963,0,0,0,0,0,Mature,
2026-02-10,C041,LinkedIn,Law Firm - Enterprise,UK,Demo,Speed,CR027,10,362.24,5137,53,1.04,0,0,0,0,0,Mature,
2026-02-11,C041,LinkedIn,Law Firm - Enterprise,UK,Demo,Speed,CR027,11,344.41,5446,56,1.046,0,0,0,0,0,Mature,
2026-02-12,C041,LinkedIn,Law Firm - Enterprise,UK,Demo,Speed,CR027,12,282.55,3898,50,1.29,0,0,0,0,0,Mature,
2026-02-13,C041,LinkedIn,Law Firm - Enterprise,UK,Demo,Speed,CR027,13,324.2,5227,64,1.243,0,0,0,0,0,Mature,
2026-02-14,C041,LinkedIn,Law Firm - Enterprise,UK,Demo,Speed,CR027,14,188.71,2808,28,1.02,0,0,0,0,0,Mature,
2026-02-15,C041,LinkedIn,Law Firm - Enterprise,UK,Demo,Speed,CR027,15,182.67,2739,36,1.314,0,0,0,0,0,Mature,
2026-02-16,C041,LinkedIn,Law Firm - Enterprise,UK,Demo,Speed,CR027,16,259.89,4098,42,1.031,0,0,0,0,0,Mature,
2026-02-17,C041,LinkedIn,Law Firm - Enterprise,UK,Demo,Speed,CR027,17,314.34,4321,53,1.242,0,0,0,0,0,Mature,
2026-02-18,C041,LinkedIn,Law Firm - Enterprise,UK,Demo,Speed,CR027,18,306.44,4673,49,1.058,0,0,0,0,0,Mature,
2026-02-19,C041,LinkedIn,Law Firm - Enterprise,UK,Demo,Speed,CR027,19,265.18,4126,43,1.064,0,0,0,0,0,Mature,
2026-02-20,C041,LinkedIn,Law Firm - Enterprise,UK,Demo,Speed,CR027,20,306.31,4600,57,1.254,0,0,0,0,0,Mature,
2026-02-21,C041,LinkedIn,Law Firm - Enterprise,UK,Demo,Speed,CR027,21,212.06,3362,34,1.026,0,0,0,0,0,Mature,
2026-02-22,C041,LinkedIn,Law Firm - Enterprise,UK,Demo,Speed,CR027,22,228.29,3337,44,1.329,0,0,0,0,0,Mature,
2026-02-23,C041,LinkedIn,Law Firm - Enterprise,UK,Demo,Speed,CR027,23,285.51,4059,45,1.119,0,0,0,0,0,Mature,
2026-02-24,C041,LinkedIn,Law Firm - Enterprise,UK,Demo,Speed,CR027,24,348.96,4763,60,1.268,0,0,0,0,0,Mature,
2026-02-25,C041,LinkedIn,Law Firm - Enterprise,UK,Demo,Speed,CR027,25,318.16,4245,42,1.012,0,0,0,0,0,Mature,
2026-02-26,C041,LinkedIn,Law Firm - Enterprise,UK,Demo,Speed,CR027,26,272.21,3897,44,1.153,0,0,0,0,0,Mature,
2026-02-27,C041,LinkedIn,Law Firm - Enterprise,UK,Demo,Speed,CR027,27,303.14,4262,46,1.084,0,0,0,0,0,Mature,
2026-02-28,C041,LinkedIn,Law Firm - Enterprise,UK,Demo,Speed,CR027,28,238.35,3334,38,1.147,0,0,0,0,0,Mature,
2026-03-01,C041,LinkedIn,Law Firm - Enterprise,UK,Demo,Speed,CR027,29,235.82,3651,42,1.157,0,0,0,0,0,Mature,
2026-03-02,C041,LinkedIn,Law Firm - Enterprise,UK,Demo,Speed,CR027,30,340.37,5258,69,1.321,0,0,0,0,0,Mature,
2026-03-03,C041,LinkedIn,Law Firm - Enterprise,UK,Demo,Speed,CR027,31,282.6,4446,47,1.066,0,0,0,0,0,Mature,
2026-03-04,C041,LinkedIn,Law Firm - Enterprise,UK,Demo,Speed,CR027,32,376.12,5737,64,1.129,0,0,0,0,0,Mature,
2026-03-05,C041,LinkedIn,Law Firm - Enterprise,UK,Demo,Speed,CR027,33,284.27,4169,51,1.225,0,0,0,0,0,Mature,
2026-03-06,C041,LinkedIn,Law Firm - Enterprise,UK,Demo,Speed,CR027,34,361.84,5191,59,1.144,0,0,0,0,0,Mature,
2026-03-07,C041,LinkedIn,Law Firm - Enterprise,UK,Demo,Speed,CR027,35,214.88,2949,35,1.214,0,0,0,0,0,Mature,
2026-03-08,C041,LinkedIn,Law Firm - Enterprise,UK,Demo,Speed,CR027,36,202.85,3106,30,0.973,0,0,0,0,0,Mature,
2026-03-09,C041,LinkedIn,Law Firm - Enterprise,UK,Demo,Speed,CR027,37,268.21,3550,47,1.329,0,0,0,0,0,Mature,
2026-03-10,C041,LinkedIn,Law Firm - Enterprise,UK,Demo,Speed,CR027,38,354.13,5071,56,1.116,0,0,0,0,0,Mature,
2026-03-11,C041,LinkedIn,Law Firm - Enterprise,UK,Demo,Speed,CR027,39,269.33,3920,41,1.07,0,0,0,0,0,Mature,
2026-03-12,C041,LinkedIn,Law Firm - Enterprise,UK,Demo,Speed,CR027,40,254.46,4087,49,1.203,0,0,0,0,0,Mature,
2026-03-13,C041,LinkedIn,Law Firm - Enterprise,UK,Demo,Speed,CR027,41,348.24,4693,46,0.989,0,0,0,0,0,Mature,
2026-03-14,C041,LinkedIn,Law Firm - Enterprise,UK,Demo,Speed,CR027,42,180.02,2858,28,0.98,0,0,0,0,0,Mature,
2026-03-15,C041,LinkedIn,Law Firm - Enterprise,UK,Demo,Speed,CR027,43,212.45,3263,41,1.283,0,0,0,0,0,Mature,
2026-03-16,C041,LinkedIn,Law Firm - Enterprise,UK,Demo,Speed,CR027,44,377.56,5892,62,1.063,0,0,0,0,0,Mature,
2026-03-17,C041,LinkedIn,Law Firm - Enterprise,UK,Demo,Speed,CR027,45,353.18,5002,57,1.151,0,0,0,0,0,Mature,
2026-03-18,C041,LinkedIn,Law Firm - Enterprise,UK,Demo,Speed,CR027,46,371.85,5007,49,0.989,0,0,0,0,0,Mature,
2026-03-19,C041,LinkedIn,Law Firm - Enterprise,UK,Demo,Speed,CR027,47,330.91,4727,56,1.205,0,0,0,0,0,Mature,
2026-03-20,C041,LinkedIn,Law Firm - Enterprise,UK,Demo,Speed,CR027,48,264.41,3566,42,1.193,0,0,0,0,0,Mature,
2026-03-21,C041,LinkedIn,Law Firm - Enterprise,UK,Demo,Speed,CR027,49,192.51,2777,25,0.93,0,0,0,0,0,Mature,
2026-03-22,C041,LinkedIn,Law Firm - Enterprise,UK,Demo,Speed,CR027,50,178.73,2556,28,1.122,0,0,0,0,0,Mature,
2026-03-11,C042,Meta,In-House - Mid-Market,France,Demo,ROI,CR004,1,373.4,19103,330,1.731,1,0,0,0,0,Mature,
2026-03-12,C042,Meta,In-House - Mid-Market,France,Demo,ROI,CR004,2,283.51,14666,211,1.445,1,0,0,0,0,Mature,
2026-03-13,C042,Meta,In-House - Mid-Market,France,Demo,ROI,CR004,3,301.26,15016,260,1.738,2,0,0,0,0,Mature,
2026-03-14,C042,Meta,In-House - Mid-Market,France,Demo,ROI,CR004,4,191.47,9678,140,1.447,1,0,0,0,0,Mature,
2026-03-15,C042,Meta,In-House - Mid-Market,France,Demo,ROI,CR004,5,237.31,13020,235,1.812,1,0,0,0,0,Mature,
2026-03-16,C042,Meta,In-House - Mid-Market,France,Demo,ROI,CR004,6,263.07,12654,260,2.061,2,0,0,0,0,Mature,
2026-03-17,C042,Meta,In-House - Mid-Market,France,Demo,ROI,CR004,7,292.11,15530,281,1.81,2,0,0,0,0,Mature,
2026-03-18,C042,Meta,In-House - Mid-Market,France,Demo,ROI,CR004,8,260.63,14746,258,1.752,2,0,0,0,0,Mature,
2026-03-19,C042,Meta,In-House - Mid-Market,France,Demo,ROI,CR004,9,351.08,18308,363,1.985,3,0,0,0,0,Mature,
2026-03-20,C042,Meta,In-House - Mid-Market,France,Demo,ROI,CR004,10,311.18,15716,265,1.689,1,0,0,0,0,Mature,
2026-03-21,C042,Meta,In-House - Mid-Market,France,Demo,ROI,CR004,11,174.92,9202,184,2.002,1,0,0,0,0,Mature,
2026-03-22,C042,Meta,In-House - Mid-Market,France,Demo,ROI,CR004,12,199.29,10102,173,1.719,1,0,0,0,0,Mature,
2026-03-23,C042,Meta,In-House - Mid-Market,France,Demo,ROI,CR004,13,263.22,12610,198,1.574,1,0,0,0,0,Mature,
2026-03-24,C042,Meta,In-House - Mid-Market,France,Demo,ROI,CR004,14,291.58,15301,231,1.511,1,0,0,0,0,Mature,
2026-03-25,C042,Meta,In-House - Mid-Market,France,Demo,ROI,CR004,15,370.58,17893,336,1.879,2,0,0,0,0,Mature,
2026-03-26,C042,Meta,In-House - Mid-Market,France,Demo,ROI,CR004,16,320.89,17870,306,1.713,2,0,0,0,0,Mature,
2026-03-27,C042,Meta,In-House - Mid-Market,France,Demo,ROI,CR004,17,276.41,15610,234,1.5,1,0,0,0,0,Mature,
2026-03-28,C042,Meta,In-House - Mid-Market,France,Demo,ROI,CR004,18,173.59,8556,175,2.052,1,0,0,0,0,Mature,
2026-03-29,C042,Meta,In-House - Mid-Market,France,Demo,ROI,CR004,19,229.73,12896,203,1.574,1,0,0,0,0,Mature,
2026-03-30,C042,Meta,In-House - Mid-Market,France,Demo,ROI,CR004,20,268.24,14413,232,1.615,1,0,0,0,0,Mature,
2026-03-31,C042,Meta,In-House - Mid-Market,France,Demo,ROI,CR004,21,373.61,20108,343,1.707,2,0,0,0,0,Mature,
2026-04-01,C042,Meta,In-House - Mid-Market,France,Demo,ROI,CR004,22,277.78,15330,249,1.627,1,0,0,0,0,Mature,
2026-04-02,C042,Meta,In-House - Mid-Market,France,Demo,ROI,CR004,23,252.84,13797,215,1.565,1,0,0,0,0,Mature,
2026-04-03,C042,Meta,In-House - Mid-Market,France,Demo,ROI,CR004,24,377.49,21577,394,1.83,2,0,0,0,0,Mature,
2026-04-04,C042,Meta,In-House - Mid-Market,France,Demo,ROI,CR004,25,200.85,11014,182,1.66,1,0,0,0,0,Mature,
2026-04-05,C042,Meta,In-House - Mid-Market,France,Demo,ROI,CR004,26,215.47,11499,222,1.939,1,0,0,0,0,Mature,
2026-04-06,C042,Meta,In-House - Mid-Market,France,Demo,ROI,CR004,27,309.52,16236,307,1.894,2,0,0,0,0,Mature,
2026-04-30,C043,Google,Law Firm - Enterprise,US,Demo,ROI,CR003,1,260.35,7546,255,3.389,1,0,0,0,0,Mature,
2026-05-01,C043,Google,Law Firm - Enterprise,US,Demo,ROI,CR003,2,298.43,9423,398,4.225,1,0,0,0,0,Mature,
2026-05-02,C043,Google,Law Firm - Enterprise,US,Demo,ROI,CR003,3,215.17,6881,262,3.817,1,0,0,0,0,Mature,
2026-05-03,C043,Google,Law Firm - Enterprise,US,Demo,ROI,CR003,4,245.11,8156,251,3.085,1,0,0,0,0,Mature,
2026-05-04,C043,Google,Law Firm - Enterprise,US,Demo,ROI,CR003,5,274.32,8201,337,4.121,1,0,0,0,0,Mature,
2026-05-05,C043,Google,Law Firm - Enterprise,US,Demo,ROI,CR003,6,362.63,10375,408,3.937,2,1,0,0,0,Mature,
2026-05-06,C043,Google,Law Firm - Enterprise,US,Demo,ROI,CR003,7,299.96,10105,319,3.165,2,1,0,0,0,Mature,
2026-05-07,C043,Google,Law Firm - Enterprise,US,Demo,ROI,CR003,8,284.09,9045,352,3.9,1,0,0,0,0,Mature,
2026-05-08,C043,Google,Law Firm - Enterprise,US,Demo,ROI,CR003,9,331.14,10907,366,3.357,1,0,0,0,0,Mature,
2026-05-09,C043,Google,Law Firm - Enterprise,US,Demo,ROI,CR003,10,163.96,5135,216,4.22,1,0,0,0,0,Mature,
2026-05-10,C043,Google,Law Firm - Enterprise,US,Demo,ROI,CR003,11,211.56,7051,274,3.899,1,0,0,0,0,Mature,
2026-05-11,C043,Google,Law Firm - Enterprise,US,Demo,ROI,CR003,12,320.45,10211,322,3.156,2,1,0,0,0,Mature,
2026-05-12,C043,Google,Law Firm - Enterprise,US,Demo,ROI,CR003,13,310.59,9498,399,4.204,2,1,0,0,0,Mature,
2026-05-13,C043,Google,Law Firm - Enterprise,US,Demo,ROI,CR003,14,365.69,12014,446,3.719,2,1,0,0,0,Mature,
2026-05-14,C043,Google,Law Firm - Enterprise,US,Demo,ROI,CR003,15,348.65,10536,326,3.101,1,0,0,0,0,Mature,
2026-05-15,C043,Google,Law Firm - Enterprise,US,Demo,ROI,CR003,16,357.42,10191,374,3.68,2,1,0,0,0,Mature,
2026-05-16,C043,Google,Law Firm - Enterprise,US,Demo,ROI,CR003,17,237.26,8125,276,3.401,1,0,0,0,0,Mature,
2026-05-17,C043,Google,Law Firm - Enterprise,US,Demo,ROI,CR003,18,199.06,6346,239,3.779,1,0,0,0,0,Mature,
2026-05-18,C043,Google,Law Firm - Enterprise,US,Demo,ROI,CR003,19,350.03,10702,446,4.168,2,1,0,0,0,Mature,
2026-05-19,C043,Google,Law Firm - Enterprise,US,Demo,ROI,CR003,20,376.39,11830,501,4.241,2,1,0,0,0,Mature,
2026-05-20,C043,Google,Law Firm - Enterprise,US,Demo,ROI,CR003,21,316.55,9771,395,4.044,2,1,0,0,0,Mature,
2026-05-21,C043,Google,Law Firm - Enterprise,US,Demo,ROI,CR003,22,351.95,11613,480,4.136,2,1,0,0,0,Mature,
2026-05-22,C043,Google,Law Firm - Enterprise,US,Demo,ROI,CR003,23,304.71,9090,330,3.631,2,1,0,0,0,Mature,
2026-05-23,C043,Google,Law Firm - Enterprise,US,Demo,ROI,CR003,24,241.74,7435,228,3.072,1,0,0,0,0,Mature,
2026-05-24,C043,Google,Law Firm - Enterprise,US,Demo,ROI,CR003,25,218.09,6972,271,3.889,1,0,0,0,0,Mature,
2026-05-25,C043,Google,Law Firm - Enterprise,US,Demo,ROI,CR003,26,286.04,9743,348,3.581,2,1,0,0,0,Mature,
2026-05-26,C043,Google,Law Firm - Enterprise,US,Demo,ROI,CR003,27,312.25,10530,370,3.521,1,0,0,0,0,Mature,
2026-05-27,C043,Google,Law Firm - Enterprise,US,Demo,ROI,CR003,28,263.42,8686,362,4.177,2,1,0,0,0,Mature,
2026-05-28,C043,Google,Law Firm - Enterprise,US,Demo,ROI,CR003,29,353.85,11359,345,3.042,2,1,0,0,0,Mature,
2026-05-29,C043,Google,Law Firm - Enterprise,US,Demo,ROI,CR003,30,365.56,11780,461,3.921,3,1,0,0,0,Mature,
2026-05-30,C043,Google,Law Firm - Enterprise,US,Demo,ROI,CR003,31,220.09,6229,216,3.481,1,0,0,0,0,Mature,
2026-05-31,C043,Google,Law Firm - Enterprise,US,Demo,ROI,CR003,32,230.79,7628,232,3.05,1,0,0,0,0,Mature,
2026-06-01,C043,Google,Law Firm - Enterprise,US,Demo,ROI,CR003,33,282.25,8586,278,3.246,1,0,0,0,0,Mature,
2026-06-02,C043,Google,Law Firm - Enterprise,US,Demo,ROI,CR003,34,308.61,10585,362,3.426,2,1,0,0,0,Mature,
2026-06-03,C043,Google,Law Firm - Enterprise,US,Demo,ROI,CR003,35,357.3,11402,348,3.056,2,1,0,0,0,Mature,
2026-06-04,C043,Google,Law Firm - Enterprise,US,Demo,ROI,CR003,36,291.89,9371,389,4.16,2,1,0,0,0,Mature,
2026-06-05,C043,Google,Law Firm - Enterprise,US,Demo,ROI,CR003,37,317.41,10032,328,3.277,2,1,0,0,0,Mature,
2026-06-06,C043,Google,Law Firm - Enterprise,US,Demo,ROI,CR003,38,198.72,6349,220,3.469,1,0,0,0,0,Mature,
2026-06-07,C043,Google,Law Firm - Enterprise,US,Demo,ROI,CR003,39,245.47,8078,327,4.056,1,0,0,0,0,Mature,
2026-06-08,C043,Google,Law Firm - Enterprise,US,Demo,ROI,CR003,40,341.17,10909,418,3.838,2,1,0,0,0,Mature,
2026-06-09,C043,Google,Law Firm - Enterprise,US,Demo,ROI,CR003,41,305.44,9247,274,2.967,1,0,0,0,0,Mature,
2026-06-10,C043,Google,Law Firm - Enterprise,US,Demo,ROI,CR003,42,322.01,10738,361,3.364,2,1,0,0,0,Mature,
2026-06-11,C043,Google,Law Firm - Enterprise,US,Demo,ROI,CR003,43,304.98,9546,353,3.701,1,0,0,0,0,Mature,
2026-06-12,C043,Google,Law Firm - Enterprise,US,Demo,ROI,CR003,44,342.75,10139,334,3.3,2,1,0,0,0,Mature,
2026-06-13,C043,Google,Law Firm - Enterprise,US,Demo,ROI,CR003,45,193.46,6589,277,4.216,2,1,0,0,0,Mature,
2026-06-14,C043,Google,Law Firm - Enterprise,US,Demo,ROI,CR003,46,168.76,5737,217,3.793,1,0,0,0,0,Mature,
2026-06-15,C043,Google,Law Firm - Enterprise,US,Demo,ROI,CR003,47,269.37,8007,314,3.932,2,1,0,0,0,Mature,
2026-06-16,C043,Google,Law Firm - Enterprise,US,Demo,ROI,CR003,48,339.04,11498,357,3.109,2,1,0,0,0,Mature,
2026-06-17,C043,Google,Law Firm - Enterprise,US,Demo,ROI,CR003,49,291.01,9683,367,3.796,2,0,0,0,0,Immature,
2026-06-18,C043,Google,Law Firm - Enterprise,US,Demo,ROI,CR003,50,321.87,9853,394,4.008,2,1,0,0,0,Immature,
2026-06-19,C043,Google,Law Firm - Enterprise,US,Demo,ROI,CR003,51,343.05,11220,390,3.482,2,0,0,0,0,Immature,
2026-06-20,C043,Google,Law Firm - Enterprise,US,Demo,ROI,CR003,52,166.84,5416,230,4.254,1,0,0,0,0,Immature,
2026-06-21,C043,Google,Law Firm - Enterprise,US,Demo,ROI,CR003,53,190.75,5826,189,3.245,0,0,0,0,0,Immature,
2026-06-22,C043,Google,Law Firm - Enterprise,US,Demo,ROI,CR003,54,306.75,9930,372,3.751,1,0,0,,,Immature,Missing CRM attribution
2026-06-23,C043,Google,Law Firm - Enterprise,US,Demo,ROI,CR003,55,310.95,8940,292,3.269,1,0,0,0,0,Immature,
2026-06-24,C043,Google,Law Firm - Enterprise,US,Demo,ROI,CR003,56,336.15,11460,397,3.468,2,0,0,0,0,Immature,
2026-04-13,C044,LinkedIn,In-House - Mid-Market,US,Content Download,Speed,CR030,1,684.92,10968,102,0.932,3,1,0,0,0,Mature,
2026-04-14,C044,LinkedIn,In-House - Mid-Market,US,Content Download,Speed,CR030,2,561.38,7472,82,1.107,2,1,0,0,0,Mature,
2026-04-15,C044,LinkedIn,In-House - Mid-Market,US,Content Download,Speed,CR030,3,761.8,12225,135,1.106,4,1,0,0,0,Mature,
2026-04-16,C044,LinkedIn,In-House - Mid-Market,US,Content Download,Speed,CR030,4,581.58,8628,89,1.041,2,1,0,0,0,Mature,
2026-04-17,C044,LinkedIn,In-House - Mid-Market,US,Content Download,Speed,CR030,5,583.63,8844,113,1.287,3,1,0,0,0,Mature,
2026-04-18,C044,LinkedIn,In-House - Mid-Market,US,Content Download,Speed,CR030,6,524.5,6958,66,0.963,1,0,0,0,0,Mature,
2026-04-19,C044,LinkedIn,In-House - Mid-Market,US,Content Download,Speed,CR030,7,522.3,6946,83,1.209,2,1,0,0,0,Mature,
2026-04-20,C044,LinkedIn,In-House - Mid-Market,US,Content Download,Speed,CR030,8,584.81,8521,95,1.123,2,1,0,0,0,Mature,
2026-04-21,C044,LinkedIn,In-House - Mid-Market,US,Content Download,Speed,CR030,9,795.23,11585,139,1.2,4,2,0,0,0,Mature,
2026-04-22,C044,LinkedIn,In-House - Mid-Market,US,Content Download,Speed,CR030,10,794.92,11971,124,1.04,2,0,0,0,0,Mature,
2026-04-23,C044,LinkedIn,In-House - Mid-Market,US,Content Download,Speed,CR030,11,561.63,9082,84,0.932,2,0,0,0,0,Mature,
2026-04-24,C044,LinkedIn,In-House - Mid-Market,US,Content Download,Speed,CR030,12,682.27,9745,103,1.064,3,1,0,0,0,Mature,
2026-04-25,C044,LinkedIn,In-House - Mid-Market,US,Content Download,Speed,CR030,13,440.83,7077,69,0.979,2,1,0,0,0,Mature,
2026-04-26,C044,LinkedIn,In-House - Mid-Market,US,Content Download,Speed,CR030,14,425.95,6860,85,1.25,2,0,0,0,0,Mature,
2026-04-27,C044,LinkedIn,In-House - Mid-Market,US,Content Download,Speed,CR030,15,790.83,12549,138,1.107,3,1,0,0,0,Mature,
2026-04-28,C044,LinkedIn,In-House - Mid-Market,US,Content Download,Speed,CR030,16,761.55,12279,148,1.208,4,2,0,0,0,Mature,
2026-04-29,C044,LinkedIn,In-House - Mid-Market,US,Content Download,Speed,CR030,17,555.14,7567,94,1.245,2,1,0,0,0,Mature,
2026-04-30,C044,LinkedIn,In-House - Mid-Market,US,Content Download,Speed,CR030,18,586.38,7984,105,1.325,3,1,0,0,0,Mature,
2026-05-01,C044,LinkedIn,In-House - Mid-Market,US,Content Download,Speed,CR030,19,604.24,8877,84,0.956,2,0,0,0,0,Mature,
2026-05-02,C044,LinkedIn,In-House - Mid-Market,US,Content Download,Speed,CR030,20,520.53,7079,92,1.31,3,1,0,0,0,Mature,
2026-05-03,C044,LinkedIn,In-House - Mid-Market,US,Content Download,Speed,CR030,21,489.2,6828,66,0.98,2,0,0,0,0,Mature,
2026-05-04,C044,LinkedIn,In-House - Mid-Market,US,Content Download,Speed,CR030,22,639.49,8533,98,1.15,2,1,0,0,0,Mature,
2026-05-05,C044,LinkedIn,In-House - Mid-Market,US,Content Download,Speed,CR030,23,543.82,7736,80,1.038,1,0,0,0,0,Mature,
2026-05-06,C044,LinkedIn,In-House - Mid-Market,US,Content Download,Speed,CR030,24,750.51,10297,106,1.036,3,1,0,0,0,Mature,
2026-05-07,C044,LinkedIn,In-House - Mid-Market,US,Content Download,Speed,CR030,25,550.24,8107,92,1.142,3,1,0,0,0,Mature,
2026-05-08,C044,LinkedIn,In-House - Mid-Market,US,Content Download,Speed,CR030,26,727.98,11604,139,1.2,4,2,0,0,0,Mature,
2026-05-09,C044,LinkedIn,In-House - Mid-Market,US,Content Download,Speed,CR030,27,454.63,6809,87,1.28,2,1,0,0,0,Mature,
2026-05-10,C044,LinkedIn,In-House - Mid-Market,US,Content Download,Speed,CR030,28,487.59,6905,79,1.144,1,0,0,0,0,Mature,
2026-05-11,C044,LinkedIn,In-House - Mid-Market,US,Content Download,Speed,CR030,29,720.37,10502,130,1.242,2,0,0,0,0,Mature,
2026-05-12,C044,LinkedIn,In-House - Mid-Market,US,Content Download,Speed,CR030,30,644.45,8958,113,1.265,3,1,0,0,0,Mature,
2026-05-13,C044,LinkedIn,In-House - Mid-Market,US,Content Download,Speed,CR030,31,596.84,9273,116,1.259,3,1,0,0,0,Mature,
2026-05-14,C044,LinkedIn,In-House - Mid-Market,US,Content Download,Speed,CR030,32,599.72,8985,113,1.26,2,0,0,0,0,Mature,
2026-05-15,C044,LinkedIn,In-House - Mid-Market,US,Content Download,Speed,CR030,33,749.84,11726,137,1.177,3,1,0,0,0,Mature,
2026-05-16,C044,LinkedIn,In-House - Mid-Market,US,Content Download,Speed,CR030,34,415.68,5534,52,0.945,1,0,0,0,0,Mature,
2026-05-17,C044,LinkedIn,In-House - Mid-Market,US,Content Download,Speed,CR030,35,515.33,7184,69,0.969,2,1,0,0,0,Mature,
2026-05-18,C044,LinkedIn,In-House - Mid-Market,US,Content Download,Speed,CR030,36,789.05,12118,141,1.166,4,1,0,0,0,Mature,
2026-05-19,C044,LinkedIn,In-House - Mid-Market,US,Content Download,Speed,CR030,37,628.88,8416,90,1.078,2,0,0,0,0,Mature,
2026-05-20,C044,LinkedIn,In-House - Mid-Market,US,Content Download,Speed,CR030,38,658.09,9513,96,1.014,2,0,0,0,0,Mature,
2026-05-21,C044,LinkedIn,In-House - Mid-Market,US,Content Download,Speed,CR030,39,770.9,11196,112,1.005,2,0,0,0,0,Mature,
2026-05-22,C044,LinkedIn,In-House - Mid-Market,US,Content Download,Speed,CR030,40,668.87,9505,92,0.977,3,1,0,0,0,Mature,
2026-05-23,C044,LinkedIn,In-House - Mid-Market,US,Content Download,Speed,CR030,41,446.44,6296,70,1.117,2,1,0,0,0,Mature,
2026-05-24,C044,LinkedIn,In-House - Mid-Market,US,Content Download,Speed,CR030,42,468.21,7169,79,1.116,2,0,0,0,0,Mature,
2026-05-25,C044,LinkedIn,In-House - Mid-Market,US,Content Download,Speed,CR030,43,556.89,8263,88,1.068,2,0,0,0,0,Mature,
2026-05-26,C044,LinkedIn,In-House - Mid-Market,US,Content Download,Speed,CR030,44,689.16,10683,124,1.166,4,2,0,0,0,Mature,
2026-05-27,C044,LinkedIn,In-House - Mid-Market,US,Content Download,Speed,CR030,45,567.05,7899,84,1.072,2,0,0,0,0,Mature,
2026-05-28,C044,LinkedIn,In-House - Mid-Market,US,Content Download,Speed,CR030,46,653.84,10245,126,1.234,4,2,0,0,0,Mature,
2026-05-29,C044,LinkedIn,In-House - Mid-Market,US,Content Download,Speed,CR030,47,560.96,8570,86,1.013,2,1,0,0,0,Mature,
2026-05-30,C044,LinkedIn,In-House - Mid-Market,US,Content Download,Speed,CR030,48,469.23,6301,62,0.984,1,0,0,0,0,Mature,
2026-05-31,C044,LinkedIn,In-House - Mid-Market,US,Content Download,Speed,CR030,49,367.58,5003,49,0.991,1,0,0,0,0,Mature,
2026-06-01,C044,LinkedIn,In-House - Mid-Market,US,Content Download,Speed,CR030,50,806.37,11936,111,0.933,2,0,0,0,0,Mature,
2026-06-02,C044,LinkedIn,In-House - Mid-Market,US,Content Download,Speed,CR030,51,621.36,9418,110,1.176,3,1,0,0,0,Mature,
2026-06-03,C044,LinkedIn,In-House - Mid-Market,US,Content Download,Speed,CR030,52,764.14,11429,123,1.077,4,1,0,0,0,Mature,
2026-06-04,C044,LinkedIn,In-House - Mid-Market,US,Content Download,Speed,CR030,53,544.22,8330,74,0.896,1,0,0,0,0,Mature,
2026-06-05,C044,LinkedIn,In-House - Mid-Market,US,Content Download,Speed,CR030,54,548.31,8297,91,1.107,2,1,0,0,0,Mature,
2026-06-06,C044,LinkedIn,In-House - Mid-Market,US,Content Download,Speed,CR030,55,510.03,8250,69,0.837,1,0,0,0,0,Mature,
2026-06-07,C044,LinkedIn,In-House - Mid-Market,US,Content Download,Speed,CR030,56,447.37,6943,68,0.99,1,0,0,0,0,Mature,
2026-06-08,C044,LinkedIn,In-House - Mid-Market,US,Content Download,Speed,CR030,57,692.52,10027,85,0.849,2,1,0,0,0,Mature,
2026-06-09,C044,LinkedIn,In-House - Mid-Market,US,Content Download,Speed,CR030,58,809.49,12483,114,0.918,3,1,0,0,0,Mature,
2026-06-10,C044,LinkedIn,In-House - Mid-Market,US,Content Download,Speed,CR030,59,556.33,7670,57,0.744,1,0,0,0,0,Mature,
2026-06-11,C044,LinkedIn,In-House - Mid-Market,US,Content Download,Speed,CR030,60,745.93,10258,100,0.976,2,0,0,0,0,Mature,
2026-06-12,C044,LinkedIn,In-House - Mid-Market,US,Content Download,Speed,CR030,61,730.63,11765,106,0.901,2,0,0,0,0,Mature,
2026-06-13,C044,LinkedIn,In-House - Mid-Market,US,Content Download,Speed,CR030,62,501.53,7983,77,0.971,1,0,0,0,0,Mature,
2026-06-14,C044,LinkedIn,In-House - Mid-Market,US,Content Download,Speed,CR030,63,372.41,5741,44,0.777,1,0,0,0,0,Mature,
2026-06-15,C044,LinkedIn,In-House - Mid-Market,US,Content Download,Speed,CR030,64,632.19,10006,95,0.955,2,1,0,0,0,Mature,
2026-02-07,C045,Meta,Law Firm - Enterprise,France,Webinar,AI Productivity,CR007,1,858.19,40907,717,1.754,15,4,0,0,0,Mature,
2026-02-08,C045,Meta,Law Firm - Enterprise,France,Webinar,AI Productivity,CR007,2,956.28,46011,913,1.985,21,7,1,61442,20114,Mature,
2026-02-09,C045,Meta,Law Firm - Enterprise,France,Webinar,AI Productivity,CR007,3,1119.7,58671,1045,1.781,23,8,1,102880,25361,Mature,
2026-02-10,C045,Meta,Law Firm - Enterprise,France,Webinar,AI Productivity,CR007,4,1579.89,83869,1427,1.701,34,11,1,111174,28270,Mature,
2026-02-11,C045,Meta,Law Firm - Enterprise,France,Webinar,AI Productivity,CR007,5,1344.87,65715,1075,1.636,28,10,1,120690,38674,Mature,
2026-02-12,C045,Meta,Law Firm - Enterprise,France,Webinar,AI Productivity,CR007,6,1464.49,83786,1735,2.071,30,8,1,82752,23071,Mature,
2026-02-13,C045,Meta,Law Firm - Enterprise,France,Webinar,AI Productivity,CR007,7,1587.32,90401,1632,1.806,32,9,1,45740,14246,Mature,
2026-02-14,C045,Meta,Law Firm - Enterprise,France,Webinar,AI Productivity,CR007,8,1002.14,48106,1073,2.232,22,7,1,83261,18318,Mature,
2026-02-15,C045,Meta,Law Firm - Enterprise,France,Webinar,AI Productivity,CR007,9,891.46,51264,812,1.585,16,5,0,0,0,Mature,
2026-02-16,C045,Meta,Law Firm - Enterprise,France,Webinar,AI Productivity,CR007,10,1393.62,69949,1253,1.792,27,8,1,63256,14027,Mature,
2026-02-17,C045,Meta,Law Firm - Enterprise,France,Webinar,AI Productivity,CR007,11,1517.03,77050,1402,1.82,32,8,0,0,0,Mature,
2026-02-18,C045,Meta,Law Firm - Enterprise,France,Webinar,AI Productivity,CR007,12,1572.4,90445,1908,2.11,32,10,1,112058,30352,Mature,
2026-02-19,C045,Meta,Law Firm - Enterprise,France,Webinar,AI Productivity,CR007,13,1526.62,75884,1381,1.821,29,10,1,48839,16223,Mature,
2026-02-20,C045,Meta,Law Firm - Enterprise,France,Webinar,AI Productivity,CR007,14,1159.98,55657,884,1.59,21,7,0,0,0,Mature,
2026-02-21,C045,Meta,Law Firm - Enterprise,France,Webinar,AI Productivity,CR007,15,835.75,40064,767,1.917,20,4,0,0,0,Mature,
2026-02-22,C045,Meta,Law Firm - Enterprise,France,Webinar,AI Productivity,CR007,16,914.61,50674,807,1.593,22,5,0,0,0,Mature,
2026-02-23,C045,Meta,Law Firm - Enterprise,France,Webinar,AI Productivity,CR007,17,1595.97,90735,1842,2.031,47,11,1,89478,28669,Mature,
2026-02-24,C045,Meta,Law Firm - Enterprise,France,Webinar,AI Productivity,CR007,18,1119.75,53690,974,1.816,26,8,1,55753,13728,Mature,
2026-02-25,C045,Meta,Law Firm - Enterprise,France,Webinar,AI Productivity,CR007,19,1205.0,62239,1161,1.867,24,5,0,,,Mature,Missing CRM attribution
2026-02-26,C045,Meta,Law Firm - Enterprise,France,Webinar,AI Productivity,CR007,20,1164.67,58184,1012,1.74,17,4,0,0,0,Mature,
2026-02-27,C045,Meta,Law Firm - Enterprise,France,Webinar,AI Productivity,CR007,21,1390.21,73618,1642,2.231,38,11,1,63794,19591,Mature,
2026-02-28,C045,Meta,Law Firm - Enterprise,France,Webinar,AI Productivity,CR007,22,1022.64,50372,976,1.938,21,5,0,0,0,Mature,
2026-03-01,C045,Meta,Law Firm - Enterprise,France,Webinar,AI Productivity,CR007,23,973.0,48332,778,1.611,20,5,0,0,0,Mature,
2026-03-02,C045,Meta,Law Firm - Enterprise,France,Webinar,AI Productivity,CR007,24,1215.3,69685,1515,2.175,28,7,0,0,0,Mature,
2026-03-03,C045,Meta,Law Firm - Enterprise,France,Webinar,AI Productivity,CR007,25,1135.23,63835,1327,2.079,36,12,1,115186,29521,Mature,
2026-03-04,C045,Meta,Law Firm - Enterprise,France,Webinar,AI Productivity,CR007,26,1325.46,72262,1414,1.957,24,6,1,104562,33228,Mature,
2026-03-05,C045,Meta,Law Firm - Enterprise,France,Webinar,AI Productivity,CR007,27,1492.76,77253,1649,2.135,44,13,2,179751,59195,Mature,
2026-03-06,C045,Meta,Law Firm - Enterprise,France,Webinar,AI Productivity,CR007,28,1347.49,69507,1517,2.184,40,13,1,151743,46655,Mature,
2026-03-07,C045,Meta,Law Firm - Enterprise,France,Webinar,AI Productivity,CR007,29,843.18,44405,720,1.622,12,3,0,0,0,Mature,
2026-03-08,C045,Meta,Law Firm - Enterprise,France,Webinar,AI Productivity,CR007,30,892.78,43667,934,2.139,20,4,0,0,0,Mature,
2026-03-09,C045,Meta,Law Firm - Enterprise,France,Webinar,AI Productivity,CR007,31,1398.94,68047,1364,2.005,34,10,1,108014,25957,Mature,
2026-03-10,C045,Meta,Law Firm - Enterprise,France,Webinar,AI Productivity,CR007,32,1409.16,81020,1471,1.817,38,13,2,147066,40974,Mature,
2026-03-11,C045,Meta,Law Firm - Enterprise,France,Webinar,AI Productivity,CR007,33,1578.63,88753,1657,1.867,44,16,2,247706,73957,Mature,
2026-03-12,C045,Meta,Law Firm - Enterprise,France,Webinar,AI Productivity,CR007,34,1303.9,62228,1325,2.13,27,8,1,53006,17904,Mature,
2026-03-13,C045,Meta,Law Firm - Enterprise,France,Webinar,AI Productivity,CR007,35,1099.84,53561,1101,2.056,26,9,1,107460,34711,Mature,
2026-03-14,C045,Meta,Law Firm - Enterprise,France,Webinar,AI Productivity,CR007,36,971.69,47541,986,2.076,25,8,1,119335,30763,Mature,
2026-03-15,C045,Meta,Law Firm - Enterprise,France,Webinar,AI Productivity,CR007,37,800.23,39562,668,1.69,14,3,0,0,0,Mature,
2026-03-16,C045,Meta,Law Firm - Enterprise,France,Webinar,AI Productivity,CR007,38,1122.66,53697,965,1.799,23,5,0,0,0,Mature,
2026-03-17,C045,Meta,Law Firm - Enterprise,France,Webinar,AI Productivity,CR007,39,1575.19,77664,1691,2.178,46,15,2,206759,50132,Mature,
2026-03-18,C045,Meta,Law Firm - Enterprise,France,Webinar,AI Productivity,CR007,40,1157.44,59922,1290,2.154,26,9,1,128328,36164,Mature,
2026-03-19,C045,Meta,Law Firm - Enterprise,France,Webinar,AI Productivity,CR007,41,1551.53,75056,1187,1.582,25,7,0,0,0,Mature,
2026-03-20,C045,Meta,Law Firm - Enterprise,France,Webinar,AI Productivity,CR007,42,1538.49,87790,1393,1.587,23,7,1,113337,26229,Mature,
2026-03-21,C045,Meta,Law Firm - Enterprise,France,Webinar,AI Productivity,CR007,43,810.25,43872,793,1.808,16,4,0,0,0,Mature,
2026-03-22,C045,Meta,Law Firm - Enterprise,France,Webinar,AI Productivity,CR007,44,736.26,37736,772,2.048,17,3,0,0,0,Mature,
2026-03-23,C045,Meta,Law Firm - Enterprise,France,Webinar,AI Productivity,CR007,45,1160.87,65741,1350,2.055,23,8,0,0,0,Mature,
2026-03-24,C045,Meta,Law Firm - Enterprise,France,Webinar,AI Productivity,CR007,46,1189.29,60430,1007,1.668,21,5,0,0,0,Mature,
2026-03-25,C045,Meta,Law Firm - Enterprise,France,Webinar,AI Productivity,CR007,47,1121.71,53288,978,1.836,26,7,1,76731,20940,Mature,
2026-03-26,C045,Meta,Law Firm - Enterprise,France,Webinar,AI Productivity,CR007,48,1450.34,69579,1410,2.028,28,8,1,78349,18397,Mature,
2026-03-27,C045,Meta,Law Firm - Enterprise,France,Webinar,AI Productivity,CR007,49,1267.28,68676,1322,1.926,29,10,1,83483,24235,Mature,
2026-03-28,C045,Meta,Law Firm - Enterprise,France,Webinar,AI Productivity,CR007,50,788.16,42326,839,1.983,14,4,0,0,0,Mature,
2026-03-29,C045,Meta,Law Firm - Enterprise,France,Webinar,AI Productivity,CR007,51,993.04,55005,809,1.471,15,5,0,0,0,Mature,
2026-03-28,C046,Google,Law Firm - Mid-Market,US,Webinar,Customer Proof,CR014,1,313.7,10450,337,3.233,7,5,0,0,0,Mature,
2026-03-29,C046,Google,Law Firm - Mid-Market,US,Webinar,Customer Proof,CR014,2,294.67,8942,331,3.711,6,3,0,0,0,Mature,
2026-03-30,C046,Google,Law Firm - Mid-Market,US,Webinar,Customer Proof,CR014,3,361.8,10333,313,3.031,7,5,0,0,0,Mature,
2026-03-31,C046,Google,Law Firm - Mid-Market,US,Webinar,Customer Proof,CR014,4,365.01,11557,396,3.433,8,5,0,0,0,Mature,
2026-04-01,C046,Google,Law Firm - Mid-Market,US,Webinar,Customer Proof,CR014,5,396.82,11205,333,2.972,5,3,0,0,0,Mature,
2026-04-02,C046,Google,Law Firm - Mid-Market,US,Webinar,Customer Proof,CR014,6,383.57,12083,442,3.666,10,7,1,103665,25449,Mature,
2026-04-03,C046,Google,Law Firm - Mid-Market,US,Webinar,Customer Proof,CR014,7,497.79,15565,460,2.96,10,5,0,0,0,Mature,
2026-04-04,C046,Google,Law Firm - Mid-Market,US,Webinar,Customer Proof,CR014,8,329.79,10654,338,3.18,5,3,0,0,0,Mature,
2026-04-05,C046,Google,Law Firm - Mid-Market,US,Webinar,Customer Proof,CR014,9,265.77,8573,331,3.865,8,4,0,0,0,Mature,
2026-04-06,C046,Google,Law Firm - Mid-Market,US,Webinar,Customer Proof,CR014,10,411.27,13638,488,3.582,11,6,1,66546,16991,Mature,
2026-04-07,C046,Google,Law Firm - Mid-Market,US,Webinar,Customer Proof,CR014,11,525.57,16277,562,3.457,8,5,0,0,0,Mature,
2026-04-08,C046,Google,Law Firm - Mid-Market,US,Webinar,Customer Proof,CR014,12,380.41,11053,370,3.348,7,4,0,0,0,Mature,
2026-04-09,C046,Google,Law Firm - Mid-Market,US,Webinar,Customer Proof,CR014,13,454.62,13626,484,3.559,11,7,1,42855,11290,Mature,
2026-04-10,C046,Google,Law Firm - Mid-Market,US,Webinar,Customer Proof,CR014,14,428.84,13498,392,2.907,6,3,0,0,0,Mature,
2026-04-11,C046,Google,Law Firm - Mid-Market,US,Webinar,Customer Proof,CR014,15,255.08,7613,221,2.903,4,2,0,0,0,Mature,
2026-04-12,C046,Google,Law Firm - Mid-Market,US,Webinar,Customer Proof,CR014,16,307.69,9876,375,3.806,7,3,0,0,0,Mature,
2026-04-13,C046,Google,Law Firm - Mid-Market,US,Webinar,Customer Proof,CR014,17,522.57,17285,558,3.231,12,6,1,47211,11190,Mature,
2026-04-14,C046,Google,Law Firm - Mid-Market,US,Webinar,Customer Proof,CR014,18,515.01,16448,566,3.443,11,5,0,0,0,Mature,
2026-04-15,C046,Google,Law Firm - Mid-Market,US,Webinar,Customer Proof,CR014,19,453.79,13513,414,3.07,6,3,0,0,0,Mature,
2026-04-16,C046,Google,Law Firm - Mid-Market,US,Webinar,Customer Proof,CR014,20,481.22,16333,553,3.389,10,7,1,64232,20437,Mature,
2026-04-17,C046,Google,Law Firm - Mid-Market,US,Webinar,Customer Proof,CR014,21,500.22,15790,467,2.962,9,5,0,0,0,Mature,
2026-04-18,C046,Google,Law Firm - Mid-Market,US,Webinar,Customer Proof,CR014,22,261.0,7427,255,3.445,5,2,0,0,0,Mature,
2026-04-19,C046,Google,Law Firm - Mid-Market,US,Webinar,Customer Proof,CR014,23,240.05,6864,230,3.361,5,2,0,0,0,Mature,
2026-04-20,C046,Google,Law Firm - Mid-Market,US,Webinar,Customer Proof,CR014,24,472.31,16030,491,3.066,11,8,1,56859,13441,Mature,
2026-04-21,C046,Google,Law Firm - Mid-Market,US,Webinar,Customer Proof,CR014,25,377.21,12195,439,3.602,6,4,0,0,0,Mature,
2026-04-22,C046,Google,Law Firm - Mid-Market,US,Webinar,Customer Proof,CR014,26,448.51,15093,559,3.705,13,7,1,34254,11077,Mature,
2026-04-23,C046,Google,Law Firm - Mid-Market,US,Webinar,Customer Proof,CR014,27,478.28,13770,396,2.88,8,5,0,0,0,Mature,
2026-04-24,C046,Google,Law Firm - Mid-Market,US,Webinar,Customer Proof,CR014,28,389.35,12283,424,3.453,7,4,0,0,0,Mature,
2026-04-25,C046,Google,Law Firm - Mid-Market,US,Webinar,Customer Proof,CR014,29,316.06,10706,410,3.836,9,5,0,0,0,Mature,
2026-04-26,C046,Google,Law Firm - Mid-Market,US,Webinar,Customer Proof,CR014,30,237.17,7918,232,2.933,5,3,0,0,0,Mature,
2026-04-27,C046,Google,Law Firm - Mid-Market,US,Webinar,Customer Proof,CR014,31,375.01,12597,352,2.8,8,3,0,0,0,Mature,
2026-04-28,C046,Google,Law Firm - Mid-Market,US,Webinar,Customer Proof,CR014,32,410.44,12360,419,3.395,8,5,0,0,0,Mature,
2026-04-29,C046,Google,Law Firm - Mid-Market,US,Webinar,Customer Proof,CR014,33,502.1,16262,592,3.644,8,4,0,0,0,Mature,
2026-04-30,C046,Google,Law Firm - Mid-Market,US,Webinar,Customer Proof,CR014,34,416.24,14166,469,3.314,10,4,0,0,0,Mature,
2026-05-01,C046,Google,Law Firm - Mid-Market,US,Webinar,Customer Proof,CR014,35,425.18,14528,529,3.647,8,6,0,0,0,Mature,
2026-05-02,C046,Google,Law Firm - Mid-Market,US,Webinar,Customer Proof,CR014,36,241.63,7392,261,3.54,4,2,0,0,0,Mature,
2026-05-03,C046,Google,Law Firm - Mid-Market,US,Webinar,Customer Proof,CR014,37,260.23,8388,294,3.505,4,2,0,0,0,Mature,
2026-05-04,C046,Google,Law Firm - Mid-Market,US,Webinar,Customer Proof,CR014,38,525.32,16845,467,2.773,9,5,1,36589,8831,Mature,
2026-05-05,C046,Google,Law Firm - Mid-Market,US,Webinar,Customer Proof,CR014,39,455.73,14669,474,3.237,8,4,0,0,0,Mature,
2026-05-06,C046,Google,Law Firm - Mid-Market,US,Webinar,Customer Proof,CR014,40,464.33,13135,367,2.8,5,3,0,0,0,Mature,
2026-05-07,C046,Google,Law Firm - Mid-Market,US,Webinar,Customer Proof,CR014,41,384.98,11143,380,3.415,7,4,0,0,0,Mature,
2026-05-08,C046,Google,Law Firm - Mid-Market,US,Webinar,Customer Proof,CR014,42,448.81,14180,558,3.939,8,5,0,0,0,Mature,
2026-05-09,C046,Google,Law Firm - Mid-Market,US,Webinar,Customer Proof,CR014,43,306.97,9443,327,3.473,6,3,0,0,0,Mature,
2026-05-10,C046,Google,Law Firm - Mid-Market,US,Webinar,Customer Proof,CR014,44,237.43,6736,246,3.657,3,1,0,0,0,Mature,
2026-05-11,C046,Google,Law Firm - Mid-Market,US,Webinar,Customer Proof,CR014,45,523.46,14935,426,2.855,8,5,0,0,0,Mature,
2026-05-12,C046,Google,Law Firm - Mid-Market,US,Webinar,Customer Proof,CR014,46,488.64,15142,574,3.791,12,7,1,67031,21133,Mature,
2026-05-13,C046,Google,Law Firm - Mid-Market,US,Webinar,Customer Proof,CR014,47,372.01,10567,407,3.852,6,4,0,0,0,Mature,
2026-05-14,C046,Google,Law Firm - Mid-Market,US,Webinar,Customer Proof,CR014,48,501.03,15354,564,3.679,13,10,2,113787,35191,Mature,
2026-05-15,C046,Google,Law Firm - Mid-Market,US,Webinar,Customer Proof,CR014,49,524.87,16029,549,3.428,11,8,1,79521,20437,Mature,
2026-05-16,C046,Google,Law Firm - Mid-Market,US,Webinar,Customer Proof,CR014,50,239.98,7940,303,3.818,7,3,0,0,0,Mature,
2026-05-17,C046,Google,Law Firm - Mid-Market,US,Webinar,Customer Proof,CR014,51,301.85,8770,284,3.241,5,2,0,0,0,Mature,
2026-05-18,C046,Google,Law Firm - Mid-Market,US,Webinar,Customer Proof,CR014,52,433.12,12574,480,3.823,10,4,0,0,0,Mature,
2026-05-19,C046,Google,Law Firm - Mid-Market,US,Webinar,Customer Proof,CR014,53,489.65,14175,531,3.752,8,5,0,0,0,Mature,
2026-05-20,C046,Google,Law Firm - Mid-Market,US,Webinar,Customer Proof,CR014,54,530.98,16721,539,3.224,8,5,0,0,0,Mature,
2026-05-21,C046,Google,Law Firm - Mid-Market,US,Webinar,Customer Proof,CR014,55,444.6,14071,546,3.886,10,5,0,0,0,Mature,
2026-05-22,C046,Google,Law Firm - Mid-Market,US,Webinar,Customer Proof,CR014,56,419.26,13941,426,3.059,7,4,0,0,0,Mature,
2026-05-23,C046,Google,Law Firm - Mid-Market,US,Webinar,Customer Proof,CR014,57,315.76,9861,346,3.509,6,3,0,0,0,Mature,
2026-05-24,C046,Google,Law Firm - Mid-Market,US,Webinar,Customer Proof,CR014,58,345.34,11567,372,3.22,7,4,0,0,0,Mature,
2026-05-25,C046,Google,Law Firm - Mid-Market,US,Webinar,Customer Proof,CR014,59,453.06,15349,593,3.869,9,5,0,0,0,Mature,
2026-05-26,C046,Google,Law Firm - Mid-Market,US,Webinar,Customer Proof,CR014,60,367.44,11108,376,3.389,5,2,0,0,0,Mature,
2026-03-07,C047,LinkedIn,In-House - Mid-Market,US,Demo,ROI,CR004,1,220.27,3248,33,1.038,0,0,0,0,0,Mature,
2026-03-08,C047,LinkedIn,In-House - Mid-Market,US,Demo,ROI,CR004,2,216.22,3133,32,1.038,0,0,0,0,0,Mature,
2026-03-09,C047,LinkedIn,In-House - Mid-Market,US,Demo,ROI,CR004,3,291.97,4492,50,1.125,0,0,0,0,0,Mature,
2026-03-10,C047,LinkedIn,In-House - Mid-Market,US,Demo,ROI,CR004,4,272.73,3911,47,1.214,0,0,0,0,0,Mature,
2026-03-11,C047,LinkedIn,In-House - Mid-Market,US,Demo,ROI,CR004,5,322.4,4943,60,1.227,0,0,0,0,0,Mature,
2026-03-12,C047,LinkedIn,In-House - Mid-Market,US,Demo,ROI,CR004,6,374.89,5238,58,1.115,0,0,0,0,0,Mature,
2026-03-13,C047,LinkedIn,In-House - Mid-Market,US,Demo,ROI,CR004,7,340.17,4662,48,1.035,0,0,0,0,0,Mature,
2026-03-14,C047,LinkedIn,In-House - Mid-Market,US,Demo,ROI,CR004,8,200.33,3126,31,1.001,0,0,0,0,0,Mature,
2026-03-15,C047,LinkedIn,In-House - Mid-Market,US,Demo,ROI,CR004,9,212.88,2926,30,1.026,0,0,0,0,0,Mature,
2026-03-16,C047,LinkedIn,In-House - Mid-Market,US,Demo,ROI,CR004,10,253.15,4060,46,1.152,0,0,0,0,0,Mature,
2026-03-17,C047,LinkedIn,In-House - Mid-Market,US,Demo,ROI,CR004,11,268.18,3688,46,1.257,0,0,0,0,0,Mature,
2026-03-18,C047,LinkedIn,In-House - Mid-Market,US,Demo,ROI,CR004,12,295.56,4505,41,0.922,0,0,0,0,0,Mature,
2026-03-19,C047,LinkedIn,In-House - Mid-Market,US,Demo,ROI,CR004,13,310.02,4517,56,1.24,0,0,0,0,0,Mature,
2026-03-20,C047,LinkedIn,In-House - Mid-Market,US,Demo,ROI,CR004,14,268.47,4025,46,1.155,0,0,0,0,0,Mature,
2026-03-21,C047,LinkedIn,In-House - Mid-Market,US,Demo,ROI,CR004,15,192.68,2873,26,0.93,0,0,0,0,0,Mature,
2026-03-22,C047,LinkedIn,In-House - Mid-Market,US,Demo,ROI,CR004,16,205.5,3156,32,1.026,0,0,0,0,0,Mature,
2026-03-23,C047,LinkedIn,In-House - Mid-Market,US,Demo,ROI,CR004,17,355.54,5233,63,1.214,0,0,0,0,0,Mature,
2026-03-24,C047,LinkedIn,In-House - Mid-Market,US,Demo,ROI,CR004,18,295.92,3997,44,1.118,0,0,0,0,0,Mature,
2026-03-25,C047,LinkedIn,In-House - Mid-Market,US,Demo,ROI,CR004,19,377.24,5691,61,1.081,0,0,0,0,0,Mature,
2026-03-26,C047,LinkedIn,In-House - Mid-Market,US,Demo,ROI,CR004,20,334.27,4793,57,1.203,0,0,0,0,0,Mature,
2026-03-27,C047,LinkedIn,In-House - Mid-Market,US,Demo,ROI,CR004,21,322.83,4750,57,1.206,0,0,0,0,0,Mature,
2026-03-28,C047,LinkedIn,In-House - Mid-Market,US,Demo,ROI,CR004,22,216.68,3339,33,1.005,0,0,0,0,0,Mature,
2026-03-29,C047,LinkedIn,In-House - Mid-Market,US,Demo,ROI,CR004,23,234.32,3440,31,0.925,0,0,0,0,0,Mature,
2026-03-30,C047,LinkedIn,In-House - Mid-Market,US,Demo,ROI,CR004,24,275.8,4284,45,1.07,0,0,0,0,0,Mature,
2026-03-31,C047,LinkedIn,In-House - Mid-Market,US,Demo,ROI,CR004,25,295.43,4636,48,1.056,0,0,0,0,0,Mature,
2026-04-01,C047,LinkedIn,In-House - Mid-Market,US,Demo,ROI,CR004,26,268.8,3707,35,0.961,0,0,0,0,0,Mature,
2026-04-02,C047,LinkedIn,In-House - Mid-Market,US,Demo,ROI,CR004,27,276.34,4077,38,0.939,0,0,0,0,0,Mature,
2026-04-03,C047,LinkedIn,In-House - Mid-Market,US,Demo,ROI,CR004,28,327.26,4941,56,1.152,0,0,0,0,0,Mature,
2026-04-04,C047,LinkedIn,In-House - Mid-Market,US,Demo,ROI,CR004,29,204.16,2855,34,1.224,0,0,0,0,0,Mature,
2026-04-05,C047,LinkedIn,In-House - Mid-Market,US,Demo,ROI,CR004,30,168.51,2444,27,1.126,0,0,0,0,0,Mature,
2026-04-06,C047,LinkedIn,In-House - Mid-Market,US,Demo,ROI,CR004,31,271.82,4241,51,1.219,0,0,0,0,0,Mature,
2026-04-07,C047,LinkedIn,In-House - Mid-Market,US,Demo,ROI,CR004,32,341.37,4899,56,1.163,0,0,0,0,0,Mature,
2026-04-08,C047,LinkedIn,In-House - Mid-Market,US,Demo,ROI,CR004,33,264.36,3903,46,1.186,0,0,0,0,0,Mature,
2026-04-09,C047,LinkedIn,In-House - Mid-Market,US,Demo,ROI,CR004,34,342.95,4666,59,1.266,0,0,0,0,0,Mature,
2026-04-10,C047,LinkedIn,In-House - Mid-Market,US,Demo,ROI,CR004,35,331.19,5142,48,0.938,0,0,0,0,0,Mature,
2026-04-11,C047,LinkedIn,In-House - Mid-Market,US,Demo,ROI,CR004,36,168.58,2244,20,0.912,0,0,0,0,0,Mature,
2026-04-12,C047,LinkedIn,In-House - Mid-Market,US,Demo,ROI,CR004,37,208.35,3162,33,1.064,0,0,0,0,0,Mature,
2026-04-13,C047,LinkedIn,In-House - Mid-Market,US,Demo,ROI,CR004,38,290.47,4084,49,1.206,0,0,0,0,0,Mature,
2026-04-14,C047,LinkedIn,In-House - Mid-Market,US,Demo,ROI,CR004,39,266.84,4073,40,0.985,0,0,0,0,0,Mature,
2026-04-15,C047,LinkedIn,In-House - Mid-Market,US,Demo,ROI,CR004,40,349.84,4986,55,1.122,0,0,0,0,0,Mature,
2026-04-16,C047,LinkedIn,In-House - Mid-Market,US,Demo,ROI,CR004,41,254.6,4077,38,0.937,0,0,0,0,0,Mature,
2026-04-17,C047,LinkedIn,In-House - Mid-Market,US,Demo,ROI,CR004,42,337.16,4624,43,0.943,0,0,0,0,0,Mature,
2026-04-18,C047,LinkedIn,In-House - Mid-Market,US,Demo,ROI,CR004,43,190.23,2980,31,1.069,0,0,0,0,0,Mature,
2026-04-19,C047,LinkedIn,In-House - Mid-Market,US,Demo,ROI,CR004,44,205.98,2904,26,0.927,0,0,0,0,0,Mature,
2026-05-15,C048,Meta,Law Firm - Mid-Market,DACH,Webinar,Speed,CR029,1,205.37,10355,204,1.978,4,1,0,0,0,Mature,
2026-05-16,C048,Meta,Law Firm - Mid-Market,DACH,Webinar,Speed,CR029,2,153.84,7473,131,1.762,2,0,0,0,0,Mature,
2026-05-17,C048,Meta,Law Firm - Mid-Market,DACH,Webinar,Speed,CR029,3,153.87,7678,119,1.559,2,0,0,0,0,Mature,
2026-05-18,C048,Meta,Law Firm - Mid-Market,DACH,Webinar,Speed,CR029,4,200.13,10580,205,1.938,3,0,0,0,0,Mature,
2026-05-19,C048,Meta,Law Firm - Mid-Market,DACH,Webinar,Speed,CR029,5,264.5,13307,214,1.609,3,0,0,0,0,Mature,
2026-05-20,C048,Meta,Law Firm - Mid-Market,DACH,Webinar,Speed,CR029,6,203.09,11099,216,1.948,4,1,0,0,0,Mature,
2026-05-21,C048,Meta,Law Firm - Mid-Market,DACH,Webinar,Speed,CR029,7,268.49,14228,256,1.806,6,1,0,0,0,Mature,
2026-05-22,C048,Meta,Law Firm - Mid-Market,DACH,Webinar,Speed,CR029,8,256.98,12682,212,1.674,5,1,0,0,0,Mature,
2026-05-23,C048,Meta,Law Firm - Mid-Market,DACH,Webinar,Speed,CR029,9,172.57,8177,130,1.599,3,0,0,0,0,Mature,
2026-05-24,C048,Meta,Law Firm - Mid-Market,DACH,Webinar,Speed,CR029,10,146.53,8026,158,1.97,3,0,0,0,0,Mature,
2026-05-25,C048,Meta,Law Firm - Mid-Market,DACH,Webinar,Speed,CR029,11,263.84,14133,299,2.117,5,1,0,0,0,Mature,
2026-05-26,C048,Meta,Law Firm - Mid-Market,DACH,Webinar,Speed,CR029,12,195.05,10885,173,1.595,4,0,0,0,0,Mature,
2026-05-27,C048,Meta,Law Firm - Mid-Market,DACH,Webinar,Speed,CR029,13,195.65,10719,202,1.89,4,1,0,0,0,Mature,
2026-05-28,C048,Meta,Law Firm - Mid-Market,DACH,Webinar,Speed,CR029,14,196.79,10819,167,1.549,4,1,0,0,0,Mature,
2026-05-29,C048,Meta,Law Firm - Mid-Market,DACH,Webinar,Speed,CR029,15,211.71,11274,206,1.827,5,1,0,0,0,Mature,
2026-05-30,C048,Meta,Law Firm - Mid-Market,DACH,Webinar,Speed,CR029,16,162.68,9296,188,2.032,4,1,0,0,0,Mature,
2026-05-31,C048,Meta,Law Firm - Mid-Market,DACH,Webinar,Speed,CR029,17,122.36,6689,138,2.067,3,0,0,0,0,Mature,
2026-06-01,C048,Meta,Law Firm - Mid-Market,DACH,Webinar,Speed,CR029,18,267.27,15020,278,1.851,6,1,0,0,0,Mature,
2026-06-02,C048,Meta,Law Firm - Mid-Market,DACH,Webinar,Speed,CR029,19,189.08,9650,174,1.812,4,1,0,0,0,Mature,
2026-06-03,C048,Meta,Law Firm - Mid-Market,DACH,Webinar,Speed,CR029,20,266.2,14247,304,2.134,7,1,0,0,0,Mature,
2026-06-04,C048,Meta,Law Firm - Mid-Market,DACH,Webinar,Speed,CR029,21,199.12,9888,194,1.971,3,0,0,0,0,Mature,
2026-06-05,C048,Meta,Law Firm - Mid-Market,DACH,Webinar,Speed,CR029,22,191.97,10315,191,1.858,5,1,0,0,0,Mature,
2026-06-06,C048,Meta,Law Firm - Mid-Market,DACH,Webinar,Speed,CR029,23,167.08,8756,134,1.531,2,0,0,0,0,Mature,
2026-06-07,C048,Meta,Law Firm - Mid-Market,DACH,Webinar,Speed,CR029,24,162.94,8765,146,1.666,2,0,0,0,0,Mature,
2026-06-08,C048,Meta,Law Firm - Mid-Market,DACH,Webinar,Speed,CR029,25,262.76,12567,189,1.506,4,1,0,0,0,Mature,
2026-06-09,C048,Meta,Law Firm - Mid-Market,DACH,Webinar,Speed,CR029,26,242.08,13266,267,2.015,5,1,0,0,0,Mature,
2026-06-10,C048,Meta,Law Firm - Mid-Market,DACH,Webinar,Speed,CR029,27,193.74,9860,156,1.589,2,0,0,0,0,Mature,
2026-06-11,C048,Meta,Law Firm - Mid-Market,DACH,Webinar,Speed,CR029,28,198.37,10887,179,1.648,3,0,0,0,0,Mature,
2026-06-12,C048,Meta,Law Firm - Mid-Market,DACH,Webinar,Speed,CR029,29,222.76,10999,195,1.775,3,0,0,0,0,Mature,
2026-06-13,C048,Meta,Law Firm - Mid-Market,DACH,Webinar,Speed,CR029,30,121.28,6247,124,1.998,3,0,0,0,0,Mature,
2026-06-14,C048,Meta,Law Firm - Mid-Market,DACH,Webinar,Speed,CR029,31,135.59,7675,164,2.143,3,0,0,0,0,Mature,
2026-06-15,C048,Meta,Law Firm - Mid-Market,DACH,Webinar,Speed,CR029,32,261.74,14160,277,1.959,5,1,0,0,0,Mature,
2026-06-16,C048,Meta,Law Firm - Mid-Market,DACH,Webinar,Speed,CR029,33,207.51,10013,179,1.797,3,1,0,0,0,Mature,
2026-06-17,C048,Meta,Law Firm - Mid-Market,DACH,Webinar,Speed,CR029,34,240.49,13628,238,1.747,4,1,0,0,0,Immature,
2026-06-18,C048,Meta,Law Firm - Mid-Market,DACH,Webinar,Speed,CR029,35,204.67,10595,210,1.986,4,0,0,0,0,Immature,
2026-06-19,C048,Meta,Law Firm - Mid-Market,DACH,Webinar,Speed,CR029,36,221.62,10935,221,2.025,5,1,0,0,0,Immature,
2026-06-20,C048,Meta,Law Firm - Mid-Market,DACH,Webinar,Speed,CR029,37,123.7,6816,122,1.803,2,0,0,0,0,Immature,
2026-06-21,C048,Meta,Law Firm - Mid-Market,DACH,Webinar,Speed,CR029,38,162.17,9236,178,1.93,3,0,0,0,0,Immature,
2026-06-22,C048,Meta,Law Firm - Mid-Market,DACH,Webinar,Speed,CR029,39,217.67,12358,204,1.652,5,0,0,0,0,Immature,
2026-06-23,C048,Meta,Law Firm - Mid-Market,DACH,Webinar,Speed,CR029,40,196.39,10674,168,1.577,3,0,0,0,0,Immature,
2026-06-24,C048,Meta,Law Firm - Mid-Market,DACH,Webinar,Speed,CR029,41,259.46,12398,225,1.82,4,1,0,0,0,Immature,
2026-06-25,C048,Meta,Law Firm - Mid-Market,DACH,Webinar,Speed,CR029,42,263.96,13765,282,2.052,7,1,0,0,0,Immature,
2026-06-26,C048,Meta,Law Firm - Mid-Market,DACH,Webinar,Speed,CR029,43,257.37,13694,234,1.715,4,0,0,0,0,Immature,
2026-06-27,C048,Meta,Law Firm - Mid-Market,DACH,Webinar,Speed,CR029,44,162.54,8883,162,1.832,3,0,0,0,0,Immature,
2026-06-28,C048,Meta,Law Firm - Mid-Market,DACH,Webinar,Speed,CR029,45,154.91,8420,159,1.897,3,0,0,0,0,Immature,
2026-06-29,C048,Meta,Law Firm - Mid-Market,DACH,Webinar,Speed,CR029,46,253.08,14402,233,1.619,5,1,0,0,0,Immature,
2026-06-30,C048,Meta,Law Firm - Mid-Market,DACH,Webinar,Speed,CR029,47,210.55,10140,146,1.449,3,0,0,0,0,Immature,
2026-03-04,C049,Google,Law Firm - Enterprise,US,Webinar,Speed,CR027,1,1038.72,33095,1453,4.392,20,12,2,224569,56848,Mature,
2026-03-05,C049,Google,Law Firm - Enterprise,US,Webinar,Speed,CR027,2,1075.36,31222,1245,3.988,18,8,1,48410,11260,Mature,
2026-03-06,C049,Google,Law Firm - Enterprise,US,Webinar,Speed,CR027,3,1026.83,34360,1223,3.562,24,14,2,123061,30295,Mature,
2026-03-07,C049,Google,Law Firm - Enterprise,US,Webinar,Speed,CR027,4,490.76,14844,545,3.672,9,6,0,0,0,Mature,
2026-03-08,C049,Google,Law Firm - Enterprise,US,Webinar,Speed,CR027,5,627.91,17998,695,3.864,9,6,0,0,0,Mature,
2026-03-09,C049,Google,Law Firm - Enterprise,US,Webinar,Speed,CR027,6,818.03,23520,924,3.929,15,11,1,,,Mature,Missing CRM attribution
2026-03-10,C049,Google,Law Firm - Enterprise,US,Webinar,Speed,CR027,7,810.59,23003,873,3.799,15,10,1,58556,15733,Mature,
2026-03-11,C049,Google,Law Firm - Enterprise,US,Webinar,Speed,CR027,8,950.06,29706,1105,3.723,23,14,2,143882,41762,Mature,
2026-03-12,C049,Google,Law Firm - Enterprise,US,Webinar,Speed,CR027,9,942.56,27851,1039,3.734,18,13,2,85591,25644,Mature,
2026-03-13,C049,Google,Law Firm - Enterprise,US,Webinar,Speed,CR027,10,773.28,21847,966,4.424,17,12,1,137239,38733,Mature,
2026-03-14,C049,Google,Law Firm - Enterprise,US,Webinar,Speed,CR027,11,491.47,15268,572,3.75,8,6,0,0,0,Mature,
2026-03-15,C049,Google,Law Firm - Enterprise,US,Webinar,Speed,CR027,12,640.98,20406,697,3.42,15,11,1,90798,29808,Mature,
2026-03-16,C049,Google,Law Firm - Enterprise,US,Webinar,Speed,CR027,13,932.77,31870,1239,3.89,22,16,3,141653,40908,Mature,
2026-03-17,C049,Google,Law Firm - Enterprise,US,Webinar,Speed,CR027,14,746.43,24943,1059,4.248,15,7,1,131362,33349,Mature,
2026-03-18,C049,Google,Law Firm - Enterprise,US,Webinar,Speed,CR027,15,767.6,23929,893,3.735,13,9,1,85057,28357,Mature,
2026-03-19,C049,Google,Law Firm - Enterprise,US,Webinar,Speed,CR027,16,800.1,22951,914,3.982,12,5,0,0,0,Mature,
2026-03-20,C049,Google,Law Firm - Enterprise,US,Webinar,Speed,CR027,17,720.13,23497,851,3.623,18,12,1,102224,25562,Mature,
2026-03-21,C049,Google,Law Firm - Enterprise,US,Webinar,Speed,CR027,18,498.69,14224,471,3.312,7,4,0,0,0,Mature,
2026-03-22,C049,Google,Law Firm - Enterprise,US,Webinar,Speed,CR027,19,671.69,19861,800,4.03,13,9,1,90304,22740,Mature,
2026-03-23,C049,Google,Law Firm - Enterprise,US,Webinar,Speed,CR027,20,804.37,27024,992,3.673,15,7,1,45878,12428,Mature,
2026-03-24,C049,Google,Law Firm - Enterprise,US,Webinar,Speed,CR027,21,787.06,24903,788,3.168,11,8,1,51155,12865,Mature,
2026-03-25,C049,Google,Law Firm - Enterprise,US,Webinar,Speed,CR027,22,729.37,24099,870,3.61,14,8,1,132375,44600,Mature,
2026-03-26,C049,Google,Law Firm - Enterprise,US,Webinar,Speed,CR027,23,764.87,23835,1041,4.371,15,8,1,92011,31136,Mature,
2026-03-27,C049,Google,Law Firm - Enterprise,US,Webinar,Speed,CR027,24,826.61,23711,890,3.755,15,9,1,54074,12879,Mature,
2026-03-28,C049,Google,Law Firm - Enterprise,US,Webinar,Speed,CR027,25,694.04,23143,953,4.121,16,8,1,76170,16864,Mature,
2026-03-29,C049,Google,Law Firm - Enterprise,US,Webinar,Speed,CR027,26,666.46,22093,935,4.233,15,8,1,68159,17322,Mature,
2026-03-30,C049,Google,Law Firm - Enterprise,US,Webinar,Speed,CR027,27,948.54,29662,1045,3.526,15,7,1,98027,28594,Mature,
2026-03-31,C049,Google,Law Firm - Enterprise,US,Webinar,Speed,CR027,28,1044.37,34304,1446,4.215,23,17,3,446247,125016,Mature,
2026-04-01,C049,Google,Law Firm - Enterprise,US,Webinar,Speed,CR027,29,826.65,27281,975,3.577,14,9,1,103450,31754,Mature,
2026-04-02,C049,Google,Law Firm - Enterprise,US,Webinar,Speed,CR027,30,1015.66,32647,1170,3.584,19,13,2,120899,28287,Mature,
2026-04-03,C049,Google,Law Firm - Enterprise,US,Webinar,Speed,CR027,31,908.88,29985,1162,3.877,16,8,1,49609,14588,Mature,
2026-04-04,C049,Google,Law Firm - Enterprise,US,Webinar,Speed,CR027,32,558.17,17250,584,3.39,8,4,0,0,0,Mature,
2026-04-05,C049,Google,Law Firm - Enterprise,US,Webinar,Speed,CR027,33,478.06,15793,701,4.443,13,8,1,140284,37486,Mature,
2026-04-06,C049,Google,Law Firm - Enterprise,US,Webinar,Speed,CR027,34,959.45,31070,1066,3.432,15,10,2,122779,37578,Mature,
2026-04-07,C049,Google,Law Firm - Enterprise,US,Webinar,Speed,CR027,35,866.65,28223,1114,3.95,24,16,2,183665,57234,Mature,
2026-04-08,C049,Google,Law Firm - Enterprise,US,Webinar,Speed,CR027,36,1001.14,30214,967,3.201,14,6,1,42018,13184,Mature,
2026-04-09,C049,Google,Law Firm - Enterprise,US,Webinar,Speed,CR027,37,877.61,24826,1101,4.435,18,8,1,54785,13684,Mature,
2026-04-10,C049,Google,Law Firm - Enterprise,US,Webinar,Speed,CR027,38,802.41,24854,912,3.671,18,10,1,142879,46800,Mature,
2026-04-11,C049,Google,Law Firm - Enterprise,US,Webinar,Speed,CR027,39,626.11,19345,605,3.13,8,4,0,0,0,Mature,
2026-04-12,C049,Google,Law Firm - Enterprise,US,Webinar,Speed,CR027,40,643.28,20030,625,3.122,9,5,0,0,0,Mature,
2026-04-13,C049,Google,Law Firm - Enterprise,US,Webinar,Speed,CR027,41,764.27,26193,855,3.266,15,7,0,0,0,Mature,
2026-04-14,C049,Google,Law Firm - Enterprise,US,Webinar,Speed,CR027,42,917.19,30870,1356,4.393,26,19,4,503629,128366,Mature,
2026-04-15,C049,Google,Law Firm - Enterprise,US,Webinar,Speed,CR027,43,776.93,26185,1012,3.865,20,10,2,99122,28716,Mature,
2026-04-16,C049,Google,Law Firm - Enterprise,US,Webinar,Speed,CR027,44,859.58,26114,1059,4.056,15,11,1,42839,12357,Mature,
2026-04-17,C049,Google,Law Firm - Enterprise,US,Webinar,Speed,CR027,45,965.61,27696,1044,3.771,14,9,1,125064,34503,Mature,
2026-04-18,C049,Google,Law Firm - Enterprise,US,Webinar,Speed,CR027,46,558.36,15746,545,3.463,9,6,1,51671,14375,Mature,
2026-04-19,C049,Google,Law Firm - Enterprise,US,Webinar,Speed,CR027,47,656.53,21043,936,4.449,16,8,1,65008,14852,Mature,
2026-04-20,C049,Google,Law Firm - Enterprise,US,Webinar,Speed,CR027,48,869.21,25028,974,3.895,13,6,0,0,0,Mature,
2026-04-21,C049,Google,Law Firm - Enterprise,US,Webinar,Speed,CR027,49,960.87,27389,1065,3.889,21,16,2,82279,22419,Mature,
2026-04-22,C049,Google,Law Firm - Enterprise,US,Webinar,Speed,CR027,50,912.26,29829,1051,3.527,18,12,2,92984,28348,Mature,
2026-04-23,C049,Google,Law Firm - Enterprise,US,Webinar,Speed,CR027,51,975.02,30171,1253,4.156,23,12,1,65820,20076,Mature,
2026-04-24,C049,Google,Law Firm - Enterprise,US,Webinar,Speed,CR027,52,751.9,24272,953,3.93,18,9,1,120100,30295,Mature,
2026-04-25,C049,Google,Law Firm - Enterprise,US,Webinar,Speed,CR027,53,673.79,21633,950,4.395,20,11,1,56260,16511,Mature,
2026-04-26,C049,Google,Law Firm - Enterprise,US,Webinar,Speed,CR027,54,556.3,17976,764,4.251,16,7,1,88275,27838,Mature,
2026-04-27,C049,Google,Law Firm - Enterprise,US,Webinar,Speed,CR027,55,874.74,28075,996,3.549,14,9,1,52176,12603,Mature,
2026-04-28,C049,Google,Law Firm - Enterprise,US,Webinar,Speed,CR027,56,861.9,26925,932,3.463,16,11,2,243340,74078,Mature,
2026-04-29,C049,Google,Law Firm - Enterprise,US,Webinar,Speed,CR027,57,785.58,26739,1178,4.408,21,13,2,129859,35790,Mature,
2026-04-30,C049,Google,Law Firm - Enterprise,US,Webinar,Speed,CR027,58,953.27,31590,1146,3.63,22,16,2,147725,34963,Mature,
2026-05-01,C049,Google,Law Firm - Enterprise,US,Webinar,Speed,CR027,59,998.27,33415,1069,3.2,22,14,2,123969,35285,Mature,
2026-05-02,C049,Google,Law Firm - Enterprise,US,Webinar,Speed,CR027,60,471.75,14889,533,3.582,10,4,0,0,0,Mature,
2026-05-03,C049,Google,Law Firm - Enterprise,US,Webinar,Speed,CR027,61,511.0,17480,685,3.922,13,7,1,91354,27095,Mature,
2026-04-01,C050,LinkedIn,In-House - Enterprise,DACH,Demo,AI Productivity,CR010,1,744.36,10818,106,0.982,0,0,0,0,0,Mature,
2026-04-02,C050,LinkedIn,In-House - Enterprise,DACH,Demo,AI Productivity,CR010,2,718.54,11276,113,1.008,0,0,0,0,0,Mature,
2026-04-03,C050,LinkedIn,In-House - Enterprise,DACH,Demo,AI Productivity,CR010,3,778.03,11880,162,1.37,0,0,0,0,0,Mature,
2026-04-04,C050,LinkedIn,In-House - Enterprise,DACH,Demo,AI Productivity,CR010,4,408.26,6516,81,1.256,0,0,0,0,0,Mature,
2026-04-05,C050,LinkedIn,In-House - Enterprise,DACH,Demo,AI Productivity,CR010,5,513.69,7313,98,1.354,0,0,0,0,0,Mature,
2026-04-06,C050,LinkedIn,In-House - Enterprise,DACH,Demo,AI Productivity,CR010,6,541.66,8648,91,1.06,0,0,0,0,0,Mature,
2026-04-07,C050,LinkedIn,In-House - Enterprise,DACH,Demo,AI Productivity,CR010,7,739.64,9840,131,1.337,0,0,0,0,0,Mature,
2026-04-08,C050,LinkedIn,In-House - Enterprise,DACH,Demo,AI Productivity,CR010,8,575.24,8199,93,1.135,0,0,0,0,0,Mature,
2026-04-09,C050,LinkedIn,In-House - Enterprise,DACH,Demo,AI Productivity,CR010,9,792.77,12382,165,1.34,1,0,0,0,0,Mature,
2026-04-10,C050,LinkedIn,In-House - Enterprise,DACH,Demo,AI Productivity,CR010,10,562.53,7467,72,0.972,0,0,0,0,0,Mature,
2026-04-11,C050,LinkedIn,In-House - Enterprise,DACH,Demo,AI Productivity,CR010,11,412.87,6123,79,1.295,0,0,0,0,0,Mature,
2026-04-12,C050,LinkedIn,In-House - Enterprise,DACH,Demo,AI Productivity,CR010,12,515.12,8105,92,1.136,0,0,0,0,0,Mature,
2026-04-13,C050,LinkedIn,In-House - Enterprise,DACH,Demo,AI Productivity,CR010,13,560.78,8241,83,1.015,0,0,0,0,0,Mature,
2026-04-14,C050,LinkedIn,In-House - Enterprise,DACH,Demo,AI Productivity,CR010,14,730.95,11544,112,0.973,0,0,0,0,0,Mature,
2026-04-15,C050,LinkedIn,In-House - Enterprise,DACH,Demo,AI Productivity,CR010,15,682.73,10722,130,1.219,0,0,0,0,0,Mature,
2026-04-16,C050,LinkedIn,In-House - Enterprise,DACH,Demo,AI Productivity,CR010,16,660.86,9009,118,1.32,0,0,0,0,0,Mature,
2026-04-17,C050,LinkedIn,In-House - Enterprise,DACH,Demo,AI Productivity,CR010,17,724.55,9739,98,1.008,0,0,0,0,0,Mature,
2026-04-18,C050,LinkedIn,In-House - Enterprise,DACH,Demo,AI Productivity,CR010,18,412.95,6414,79,1.246,0,0,0,0,0,Mature,
2026-04-19,C050,LinkedIn,In-House - Enterprise,DACH,Demo,AI Productivity,CR010,19,499.69,7284,89,1.233,0,0,0,0,0,Mature,
2026-04-20,C050,LinkedIn,In-House - Enterprise,DACH,Demo,AI Productivity,CR010,20,628.54,9651,126,1.311,0,0,0,0,0,Mature,
2026-04-21,C050,LinkedIn,In-House - Enterprise,DACH,Demo,AI Productivity,CR010,21,546.08,7318,92,1.27,0,0,0,0,0,Mature,
2026-04-22,C050,LinkedIn,In-House - Enterprise,DACH,Demo,AI Productivity,CR010,22,571.57,7727,106,1.376,0,0,0,0,0,Mature,
2026-04-23,C050,LinkedIn,In-House - Enterprise,DACH,Demo,AI Productivity,CR010,23,718.55,10385,140,1.349,0,0,0,0,0,Mature,
2026-04-24,C050,LinkedIn,In-House - Enterprise,DACH,Demo,AI Productivity,CR010,24,761.13,10661,123,1.157,0,0,0,0,0,Mature,
2026-04-25,C050,LinkedIn,In-House - Enterprise,DACH,Demo,AI Productivity,CR010,25,370.99,5516,63,1.15,0,0,0,0,0,Mature,
2026-04-26,C050,LinkedIn,In-House - Enterprise,DACH,Demo,AI Productivity,CR010,26,440.47,6712,77,1.148,0,0,0,0,0,Mature,
2026-04-27,C050,LinkedIn,In-House - Enterprise,DACH,Demo,AI Productivity,CR010,27,581.03,8904,95,1.072,0,0,0,0,0,Mature,
2026-04-28,C050,LinkedIn,In-House - Enterprise,DACH,Demo,AI Productivity,CR010,28,586.03,8128,87,1.082,0,0,0,0,0,Mature,
2026-04-29,C050,LinkedIn,In-House - Enterprise,DACH,Demo,AI Productivity,CR010,29,802.38,10700,143,1.343,0,0,0,0,0,Mature,
2026-04-30,C050,LinkedIn,In-House - Enterprise,DACH,Demo,AI Productivity,CR010,30,791.29,11650,120,1.036,0,0,0,0,0,Mature,
2026-05-01,C050,LinkedIn,In-House - Enterprise,DACH,Demo,AI Productivity,CR010,31,744.51,10538,112,1.07,0,0,0,0,0,Mature,
2026-05-02,C050,LinkedIn,In-House - Enterprise,DACH,Demo,AI Productivity,CR010,32,351.16,5315,56,1.07,0,0,0,0,0,Mature,
2026-05-03,C050,LinkedIn,In-House - Enterprise,DACH,Demo,AI Productivity,CR010,33,526.02,7032,76,1.093,0,0,0,0,0,Mature,
2026-05-04,C050,LinkedIn,In-House - Enterprise,DACH,Demo,AI Productivity,CR010,34,560.75,8107,79,0.984,0,0,0,0,0,Mature,
2026-05-05,C050,LinkedIn,In-House - Enterprise,DACH,Demo,AI Productivity,CR010,35,742.05,10879,125,1.155,0,0,0,0,0,Mature,
2026-05-06,C050,LinkedIn,In-House - Enterprise,DACH,Demo,AI Productivity,CR010,36,673.67,9603,104,1.086,0,0,0,0,0,Mature,
2026-05-07,C050,LinkedIn,In-House - Enterprise,DACH,Demo,AI Productivity,CR010,37,701.01,10696,144,1.351,0,0,0,0,0,Mature,
2026-04-08,C051,Meta,In-House - Enterprise,DACH,Content Download,Speed,CR032,1,181.02,9304,150,1.619,4,1,0,0,0,Mature,
2026-04-09,C051,Meta,In-House - Enterprise,DACH,Content Download,Speed,CR032,2,235.71,12213,248,2.038,7,2,0,0,0,Mature,
2026-04-10,C051,Meta,In-House - Enterprise,DACH,Content Download,Speed,CR032,3,232.72,11421,186,1.637,7,1,0,0,0,Mature,
2026-04-11,C051,Meta,In-House - Enterprise,DACH,Content Download,Speed,CR032,4,122.64,6236,108,1.734,3,0,0,0,0,Mature,
2026-04-12,C051,Meta,In-House - Enterprise,DACH,Content Download,Speed,CR032,5,122.26,6849,105,1.538,4,1,0,0,0,Mature,
2026-04-13,C051,Meta,In-House - Enterprise,DACH,Content Download,Speed,CR032,6,186.88,9181,172,1.874,7,2,0,0,0,Mature,
2026-04-14,C051,Meta,In-House - Enterprise,DACH,Content Download,Speed,CR032,7,265.07,14162,285,2.014,9,3,0,0,0,Mature,
2026-04-15,C051,Meta,In-House - Enterprise,DACH,Content Download,Speed,CR032,8,255.86,13950,284,2.038,10,2,0,0,0,Mature,
2026-04-16,C051,Meta,In-House - Enterprise,DACH,Content Download,Speed,CR032,9,188.81,10126,174,1.723,4,1,0,0,0,Mature,
2026-04-17,C051,Meta,In-House - Enterprise,DACH,Content Download,Speed,CR032,10,249.35,14199,274,1.93,8,2,0,0,0,Mature,
2026-04-18,C051,Meta,In-House - Enterprise,DACH,Content Download,Speed,CR032,11,119.94,6286,107,1.71,3,0,0,0,0,Mature,
2026-04-19,C051,Meta,In-House - Enterprise,DACH,Content Download,Speed,CR032,12,119.44,5744,114,1.988,4,1,0,0,0,Mature,
2026-04-20,C051,Meta,In-House - Enterprise,DACH,Content Download,Speed,CR032,13,212.05,10083,163,1.626,5,1,0,0,0,Mature,
2026-04-21,C051,Meta,In-House - Enterprise,DACH,Content Download,Speed,CR032,14,253.43,14537,219,1.509,6,1,0,0,0,Mature,
2026-04-22,C051,Meta,In-House - Enterprise,DACH,Content Download,Speed,CR032,15,258.66,13738,296,2.157,12,3,0,0,0,Mature,
2026-04-23,C051,Meta,In-House - Enterprise,DACH,Content Download,Speed,CR032,16,265.35,13319,247,1.861,8,2,0,0,0,Mature,
2026-04-24,C051,Meta,In-House - Enterprise,DACH,Content Download,Speed,CR032,17,211.79,11552,212,1.837,7,2,0,0,0,Mature,
2026-04-25,C051,Meta,In-House - Enterprise,DACH,Content Download,Speed,CR032,18,156.83,7624,152,2.0,4,1,0,0,0,Mature,
2026-04-26,C051,Meta,In-House - Enterprise,DACH,Content Download,Speed,CR032,19,153.82,8137,124,1.533,3,0,0,0,0,Mature,
2026-04-27,C051,Meta,In-House - Enterprise,DACH,Content Download,Speed,CR032,20,263.5,13870,284,2.052,9,2,0,0,0,Mature,
2026-04-28,C051,Meta,In-House - Enterprise,DACH,Content Download,Speed,CR032,21,254.38,14183,277,1.957,11,3,0,0,0,Mature,
2026-04-29,C051,Meta,In-House - Enterprise,DACH,Content Download,Speed,CR032,22,263.93,14290,225,1.577,8,2,0,0,0,Mature,
2026-04-30,C051,Meta,In-House - Enterprise,DACH,Content Download,Speed,CR032,23,268.13,14701,263,1.794,10,3,0,0,0,Mature,
2026-05-01,C051,Meta,In-House - Enterprise,DACH,Content Download,Speed,CR032,24,216.97,12114,190,1.571,6,2,0,0,0,Mature,
2026-05-02,C051,Meta,In-House - Enterprise,DACH,Content Download,Speed,CR032,25,148.4,7756,119,1.537,3,0,0,0,0,Mature,
2026-05-03,C051,Meta,In-House - Enterprise,DACH,Content Download,Speed,CR032,26,161.03,7793,135,1.735,5,1,0,0,0,Mature,
2026-05-04,C051,Meta,In-House - Enterprise,DACH,Content Download,Speed,CR032,27,214.35,10203,194,1.908,7,1,0,0,0,Mature,
2026-05-05,C051,Meta,In-House - Enterprise,DACH,Content Download,Speed,CR032,28,229.71,13082,268,2.053,7,2,0,0,0,Mature,
2026-05-06,C051,Meta,In-House - Enterprise,DACH,Content Download,Speed,CR032,29,256.96,13196,212,1.612,6,2,0,0,0,Mature,
2026-05-07,C051,Meta,In-House - Enterprise,DACH,Content Download,Speed,CR032,30,233.35,11980,206,1.723,7,1,0,0,0,Mature,
2026-05-08,C051,Meta,In-House - Enterprise,DACH,Content Download,Speed,CR032,31,210.69,10006,163,1.638,6,1,0,0,0,Mature,
2026-04-22,C052,Google,In-House - Mid-Market,DACH,Demo,Workflow Automation,CR024,1,272.63,9365,362,3.873,1,0,0,0,0,Mature,
2026-04-23,C052,Google,In-House - Mid-Market,DACH,Demo,Workflow Automation,CR024,2,310.5,9817,311,3.169,1,0,0,0,0,Mature,
2026-04-24,C052,Google,In-House - Mid-Market,DACH,Demo,Workflow Automation,CR024,3,273.02,7695,277,3.609,1,0,0,0,0,Mature,
2026-04-25,C052,Google,In-House - Mid-Market,DACH,Demo,Workflow Automation,CR024,4,231.57,7061,210,2.988,1,0,0,0,0,Mature,
2026-04-26,C052,Google,In-House - Mid-Market,DACH,Demo,Workflow Automation,CR024,5,182.64,5708,214,3.752,1,0,0,0,0,Mature,
2026-04-27,C052,Google,In-House - Mid-Market,DACH,Demo,Workflow Automation,CR024,6,298.54,9476,379,4.005,2,1,0,0,0,Mature,
2026-04-28,C052,Google,In-House - Mid-Market,DACH,Demo,Workflow Automation,CR024,7,377.38,12682,427,3.368,2,1,0,0,0,Mature,
2026-04-29,C052,Google,In-House - Mid-Market,DACH,Demo,Workflow Automation,CR024,8,310.42,9626,374,3.89,2,1,0,0,0,Mature,
2026-04-30,C052,Google,In-House - Mid-Market,DACH,Demo,Workflow Automation,CR024,9,293.56,9349,315,3.375,1,0,0,0,0,Mature,
2026-05-01,C052,Google,In-House - Mid-Market,DACH,Demo,Workflow Automation,CR024,10,360.53,10436,348,3.344,2,1,0,0,0,Mature,
2026-05-02,C052,Google,In-House - Mid-Market,DACH,Demo,Workflow Automation,CR024,11,203.71,5799,238,4.108,1,0,0,0,0,Mature,
2026-05-03,C052,Google,In-House - Mid-Market,DACH,Demo,Workflow Automation,CR024,12,178.05,5719,206,3.606,1,0,0,0,0,Mature,
2026-05-04,C052,Google,In-House - Mid-Market,DACH,Demo,Workflow Automation,CR024,13,264.56,8802,359,4.088,1,0,0,0,0,Mature,
2026-05-05,C052,Google,In-House - Mid-Market,DACH,Demo,Workflow Automation,CR024,14,355.33,11632,410,3.526,2,1,0,0,0,Mature,
2026-05-06,C052,Google,In-House - Mid-Market,DACH,Demo,Workflow Automation,CR024,15,365.17,11018,356,3.232,1,0,0,0,0,Mature,
2026-05-07,C052,Google,In-House - Mid-Market,DACH,Demo,Workflow Automation,CR024,16,280.98,8884,342,3.854,1,0,0,0,0,Mature,
2026-05-08,C052,Google,In-House - Mid-Market,DACH,Demo,Workflow Automation,CR024,17,288.43,9280,309,3.333,2,1,0,0,0,Mature,
2026-05-09,C052,Google,In-House - Mid-Market,DACH,Demo,Workflow Automation,CR024,18,187.91,5367,203,3.793,1,0,0,0,0,Mature,
2026-05-10,C052,Google,In-House - Mid-Market,DACH,Demo,Workflow Automation,CR024,19,188.98,6378,226,3.549,1,0,0,0,0,Mature,
2026-05-11,C052,Google,In-House - Mid-Market,DACH,Demo,Workflow Automation,CR024,20,306.39,9080,351,3.875,1,0,0,0,0,Mature,
2026-05-12,C052,Google,In-House - Mid-Market,DACH,Demo,Workflow Automation,CR024,21,262.91,7637,267,3.504,1,0,0,0,0,Mature,
2026-05-13,C052,Google,In-House - Mid-Market,DACH,Demo,Workflow Automation,CR024,22,254.92,8121,288,3.557,1,0,0,0,0,Mature,
2026-05-14,C052,Google,In-House - Mid-Market,DACH,Demo,Workflow Automation,CR024,23,264.04,7812,246,3.156,1,0,0,0,0,Mature,
2026-05-15,C052,Google,In-House - Mid-Market,DACH,Demo,Workflow Automation,CR024,24,370.97,11515,340,2.959,1,0,0,0,0,Mature,
2026-05-16,C052,Google,In-House - Mid-Market,DACH,Demo,Workflow Automation,CR024,25,168.19,5399,188,3.496,1,0,0,0,0,Mature,
2026-05-17,C052,Google,In-House - Mid-Market,DACH,Demo,Workflow Automation,CR024,26,197.21,5940,171,2.894,0,0,0,0,0,Mature,
2026-05-18,C052,Google,In-House - Mid-Market,DACH,Demo,Workflow Automation,CR024,27,261.23,7529,257,3.424,1,0,0,0,0,Mature,
2026-05-19,C052,Google,In-House - Mid-Market,DACH,Demo,Workflow Automation,CR024,28,273.95,8085,267,3.303,1,0,0,0,0,Mature,
2026-05-20,C052,Google,In-House - Mid-Market,DACH,Demo,Workflow Automation,CR024,29,269.6,8758,331,3.78,1,0,0,0,0,Mature,
2026-05-21,C052,Google,In-House - Mid-Market,DACH,Demo,Workflow Automation,CR024,30,281.42,8764,257,2.939,1,0,0,0,0,Mature,
2026-05-22,C052,Google,In-House - Mid-Market,DACH,Demo,Workflow Automation,CR024,31,357.12,12139,470,3.872,2,1,0,0,0,Mature,
2026-05-23,C052,Google,In-House - Mid-Market,DACH,Demo,Workflow Automation,CR024,32,168.78,5799,208,3.598,1,0,0,0,0,Mature,
2026-05-24,C052,Google,In-House - Mid-Market,DACH,Demo,Workflow Automation,CR024,33,244.57,7252,213,2.938,1,0,0,0,0,Mature,
2026-05-25,C052,Google,In-House - Mid-Market,DACH,Demo,Workflow Automation,CR024,34,321.02,9063,350,3.872,1,0,0,0,0,Mature,
2026-05-26,C052,Google,In-House - Mid-Market,DACH,Demo,Workflow Automation,CR024,35,355.57,11374,383,3.37,1,0,0,0,0,Mature,
2026-05-27,C052,Google,In-House - Mid-Market,DACH,Demo,Workflow Automation,CR024,36,289.66,9514,311,3.278,2,1,0,0,0,Mature,
2026-05-28,C052,Google,In-House - Mid-Market,DACH,Demo,Workflow Automation,CR024,37,341.1,10430,425,4.079,1,0,0,0,0,Mature,
2026-05-29,C052,Google,In-House - Mid-Market,DACH,Demo,Workflow Automation,CR024,38,284.18,9676,392,4.058,1,0,0,0,0,Mature,
2026-05-30,C052,Google,In-House - Mid-Market,DACH,Demo,Workflow Automation,CR024,39,198.95,6662,250,3.758,1,0,0,0,0,Mature,
2026-05-31,C052,Google,In-House - Mid-Market,DACH,Demo,Workflow Automation,CR024,40,229.77,7589,239,3.159,1,0,0,0,0,Mature,
2026-06-01,C052,Google,In-House - Mid-Market,DACH,Demo,Workflow Automation,CR024,41,353.37,11533,456,3.956,2,1,0,0,0,Mature,
2026-06-02,C052,Google,In-House - Mid-Market,DACH,Demo,Workflow Automation,CR024,42,268.9,8552,271,3.176,1,0,0,0,0,Mature,
2026-06-03,C052,Google,In-House - Mid-Market,DACH,Demo,Workflow Automation,CR024,43,357.41,11641,442,3.801,3,1,0,0,0,Mature,
2026-06-04,C052,Google,In-House - Mid-Market,DACH,Demo,Workflow Automation,CR024,44,361.05,10987,372,3.389,2,1,0,0,0,Mature,
2026-06-05,C052,Google,In-House - Mid-Market,DACH,Demo,Workflow Automation,CR024,45,347.0,10195,327,3.209,2,1,0,0,0,Mature,
2026-06-06,C052,Google,In-House - Mid-Market,DACH,Demo,Workflow Automation,CR024,46,236.33,7287,242,3.324,1,0,0,0,0,Mature,
2026-06-07,C052,Google,In-House - Mid-Market,DACH,Demo,Workflow Automation,CR024,47,213.92,6488,248,3.827,1,0,0,0,0,Mature,
2026-06-08,C052,Google,In-House - Mid-Market,DACH,Demo,Workflow Automation,CR024,48,317.09,10170,359,3.539,1,0,0,0,0,Mature,
2026-06-09,C052,Google,In-House - Mid-Market,DACH,Demo,Workflow Automation,CR024,49,354.89,10702,432,4.041,2,0,0,0,0,Mature,
2026-06-10,C052,Google,In-House - Mid-Market,DACH,Demo,Workflow Automation,CR024,50,343.4,10937,411,3.76,2,1,0,0,0,Mature,
2026-06-11,C052,Google,In-House - Mid-Market,DACH,Demo,Workflow Automation,CR024,51,373.45,11035,344,3.119,2,1,0,0,0,Mature,
2026-06-12,C052,Google,In-House - Mid-Market,DACH,Demo,Workflow Automation,CR024,52,282.41,8231,321,3.911,2,1,0,0,0,Mature,
2026-06-13,C052,Google,In-House - Mid-Market,DACH,Demo,Workflow Automation,CR024,53,181.57,6196,253,4.095,1,0,0,0,0,Mature,
2026-06-14,C052,Google,In-House - Mid-Market,DACH,Demo,Workflow Automation,CR024,54,206.29,7059,270,3.833,1,0,0,0,0,Mature,
2026-06-15,C052,Google,In-House - Mid-Market,DACH,Demo,Workflow Automation,CR024,55,297.51,8443,245,2.905,1,0,0,0,0,Mature,
2026-06-16,C052,Google,In-House - Mid-Market,DACH,Demo,Workflow Automation,CR024,56,278.44,9560,352,3.692,2,0,0,0,0,Mature,
2026-06-17,C052,Google,In-House - Mid-Market,DACH,Demo,Workflow Automation,CR024,57,329.69,9915,297,3.004,1,0,0,0,0,Immature,
2026-04-17,C053,LinkedIn,In-House - Enterprise,France,Content Download,Speed,CR030,1,189.81,2776,29,1.045,0,0,0,0,0,Mature,
2026-04-18,C053,LinkedIn,In-House - Enterprise,France,Content Download,Speed,CR030,2,143.8,1946,19,1.007,0,0,0,0,0,Mature,
2026-04-19,C053,LinkedIn,In-House - Enterprise,France,Content Download,Speed,CR030,3,121.91,1822,21,1.167,0,0,0,0,0,Mature,
2026-04-20,C053,LinkedIn,In-House - Enterprise,France,Content Download,Speed,CR030,4,214.85,2873,30,1.073,0,0,0,0,0,Mature,
2026-04-21,C053,LinkedIn,In-House - Enterprise,France,Content Download,Speed,CR030,5,232.57,3615,45,1.258,1,0,0,0,0,Mature,
2026-04-22,C053,LinkedIn,In-House - Enterprise,France,Content Download,Speed,CR030,6,217.18,3037,34,1.132,0,0,0,0,0,Mature,
2026-04-23,C053,LinkedIn,In-House - Enterprise,France,Content Download,Speed,CR030,7,222.58,3504,45,1.293,0,0,0,0,0,Mature,
2026-04-24,C053,LinkedIn,In-House - Enterprise,France,Content Download,Speed,CR030,8,235.56,3325,35,1.062,1,0,0,0,0,Mature,
2026-04-25,C053,LinkedIn,In-House - Enterprise,France,Content Download,Speed,CR030,9,164.5,2285,30,1.317,0,0,0,0,0,Mature,
2026-04-26,C053,LinkedIn,In-House - Enterprise,France,Content Download,Speed,CR030,10,122.06,1716,20,1.175,0,0,0,0,0,Mature,
2026-04-27,C053,LinkedIn,In-House - Enterprise,France,Content Download,Speed,CR030,11,211.76,3064,31,1.03,0,0,0,0,0,Mature,
2026-04-28,C053,LinkedIn,In-House - Enterprise,France,Content Download,Speed,CR030,12,230.3,3323,38,1.165,1,0,0,0,0,Mature,
2026-04-29,C053,LinkedIn,In-House - Enterprise,France,Content Download,Speed,CR030,13,228.88,3344,37,1.118,0,0,0,0,0,Mature,
2026-04-30,C053,LinkedIn,In-House - Enterprise,France,Content Download,Speed,CR030,14,237.95,3757,42,1.143,1,0,0,0,0,Mature,
2026-05-01,C053,LinkedIn,In-House - Enterprise,France,Content Download,Speed,CR030,15,181.82,2456,23,0.975,0,0,0,0,0,Mature,
2026-05-02,C053,LinkedIn,In-House - Enterprise,France,Content Download,Speed,CR030,16,156.11,2400,28,1.173,0,0,0,0,0,Mature,
2026-05-03,C053,LinkedIn,In-House - Enterprise,France,Content Download,Speed,CR030,17,161.26,2186,21,1.0,0,0,0,0,0,Mature,
2026-05-04,C053,LinkedIn,In-House - Enterprise,France,Content Download,Speed,CR030,18,210.78,2924,35,1.219,0,0,0,0,0,Mature,
2026-05-05,C053,LinkedIn,In-House - Enterprise,France,Content Download,Speed,CR030,19,214.52,2965,33,1.122,0,0,0,0,0,Mature,
2026-05-06,C053,LinkedIn,In-House - Enterprise,France,Content Download,Speed,CR030,20,258.97,3861,50,1.303,1,0,0,0,0,Mature,
2026-05-07,C053,LinkedIn,In-House - Enterprise,France,Content Download,Speed,CR030,21,191.08,2892,29,1.015,0,0,0,0,0,Mature,
2026-05-08,C053,LinkedIn,In-House - Enterprise,France,Content Download,Speed,CR030,22,245.48,3942,45,1.163,1,0,0,0,0,Mature,
2026-05-09,C053,LinkedIn,In-House - Enterprise,France,Content Download,Speed,CR030,23,148.36,2327,23,1.021,0,0,0,0,0,Mature,
2026-05-10,C053,LinkedIn,In-House - Enterprise,France,Content Download,Speed,CR030,24,151.78,2049,23,1.163,0,0,0,0,0,Mature,
2026-05-11,C053,LinkedIn,In-House - Enterprise,France,Content Download,Speed,CR030,25,182.92,2727,31,1.139,0,0,0,0,0,Mature,
2026-03-06,C054,Meta,In-House - Mid-Market,DACH,Webinar,AI Productivity,CR011,1,509.77,24189,485,2.007,12,2,0,0,0,Mature,
2026-03-07,C054,Meta,In-House - Mid-Market,DACH,Webinar,AI Productivity,CR011,2,347.91,17053,286,1.68,6,1,0,0,0,Mature,
2026-03-08,C054,Meta,In-House - Mid-Market,DACH,Webinar,AI Productivity,CR011,3,237.64,12141,237,1.954,5,1,0,0,0,Mature,
2026-03-09,C054,Meta,In-House - Mid-Market,DACH,Webinar,AI Productivity,CR011,4,410.08,23345,470,2.014,8,2,0,0,0,Mature,
2026-03-10,C054,Meta,In-House - Mid-Market,DACH,Webinar,AI Productivity,CR011,5,518.05,28097,557,1.985,14,2,0,0,0,Mature,
2026-03-11,C054,Meta,In-House - Mid-Market,DACH,Webinar,AI Productivity,CR011,6,410.85,23605,508,2.153,9,2,0,0,0,Mature,
2026-03-12,C054,Meta,In-House - Mid-Market,DACH,Webinar,AI Productivity,CR011,7,458.01,24105,440,1.826,9,1,0,0,0,Mature,
2026-03-13,C054,Meta,In-House - Mid-Market,DACH,Webinar,AI Productivity,CR011,8,415.83,22064,348,1.578,6,1,0,0,0,Mature,
2026-03-14,C054,Meta,In-House - Mid-Market,DACH,Webinar,AI Productivity,CR011,9,341.62,16951,277,1.636,5,1,0,0,0,Mature,
2026-03-15,C054,Meta,In-House - Mid-Market,DACH,Webinar,AI Productivity,CR011,10,303.75,16324,278,1.704,5,1,0,0,0,Mature,
2026-03-16,C054,Meta,In-House - Mid-Market,DACH,Webinar,AI Productivity,CR011,11,369.24,21370,344,1.61,8,2,0,0,0,Mature,
2026-03-17,C054,Meta,In-House - Mid-Market,DACH,Webinar,AI Productivity,CR011,12,476.68,26977,597,2.214,13,4,0,0,0,Mature,
2026-03-18,C054,Meta,In-House - Mid-Market,DACH,Webinar,AI Productivity,CR011,13,493.18,27849,576,2.069,13,3,0,0,0,Mature,
2026-03-19,C054,Meta,In-House - Mid-Market,DACH,Webinar,AI Productivity,CR011,14,378.22,21325,387,1.819,7,2,0,0,0,Mature,
2026-03-20,C054,Meta,In-House - Mid-Market,DACH,Webinar,AI Productivity,CR011,15,449.45,26016,433,1.664,12,3,0,0,0,Mature,
2026-03-21,C054,Meta,In-House - Mid-Market,DACH,Webinar,AI Productivity,CR011,16,290.25,16665,322,1.938,6,2,0,0,0,Mature,
2026-03-22,C054,Meta,In-House - Mid-Market,DACH,Webinar,AI Productivity,CR011,17,251.64,13916,218,1.572,4,1,0,0,0,Mature,
2026-03-23,C054,Meta,In-House - Mid-Market,DACH,Webinar,AI Productivity,CR011,18,491.82,25181,400,1.59,7,1,0,0,0,Mature,
2026-03-24,C054,Meta,In-House - Mid-Market,DACH,Webinar,AI Productivity,CR011,19,404.68,22797,430,1.89,11,3,0,0,0,Mature,
2026-03-25,C054,Meta,In-House - Mid-Market,DACH,Webinar,AI Productivity,CR011,20,439.36,21703,486,2.244,8,2,0,0,0,Mature,
2026-03-26,C054,Meta,In-House - Mid-Market,DACH,Webinar,AI Productivity,CR011,21,447.27,21824,474,2.176,11,2,0,0,0,Mature,
2026-03-27,C054,Meta,In-House - Mid-Market,DACH,Webinar,AI Productivity,CR011,22,394.26,22404,383,1.712,9,2,0,0,0,Mature,
2026-03-28,C054,Meta,In-House - Mid-Market,DACH,Webinar,AI Productivity,CR011,23,275.49,13502,257,1.906,4,0,0,0,0,Mature,
2026-03-29,C054,Meta,In-House - Mid-Market,DACH,Webinar,AI Productivity,CR011,24,251.83,13313,268,2.015,4,0,0,0,0,Mature,
2026-03-30,C054,Meta,In-House - Mid-Market,DACH,Webinar,AI Productivity,CR011,25,428.64,22582,486,2.154,12,3,0,0,0,Mature,
2026-03-31,C054,Meta,In-House - Mid-Market,DACH,Webinar,AI Productivity,CR011,26,515.75,26939,508,1.888,11,3,0,0,0,Mature,
2026-04-01,C054,Meta,In-House - Mid-Market,DACH,Webinar,AI Productivity,CR011,27,401.0,19085,312,1.639,8,2,0,0,0,Mature,
2026-04-02,C054,Meta,In-House - Mid-Market,DACH,Webinar,AI Productivity,CR011,28,399.4,19362,398,2.061,10,3,0,0,0,Mature,
2026-04-03,C054,Meta,In-House - Mid-Market,DACH,Webinar,AI Productivity,CR011,29,466.44,25284,506,2.003,13,3,0,0,0,Mature,
2026-04-04,C054,Meta,In-House - Mid-Market,DACH,Webinar,AI Productivity,CR011,30,265.37,14169,318,2.244,5,1,0,0,0,Mature,
2026-04-05,C054,Meta,In-House - Mid-Market,DACH,Webinar,AI Productivity,CR011,31,279.06,14990,273,1.826,6,1,0,0,0,Mature,
2026-04-06,C054,Meta,In-House - Mid-Market,DACH,Webinar,AI Productivity,CR011,32,532.25,26958,483,1.792,10,3,0,0,0,Mature,
2026-04-07,C054,Meta,In-House - Mid-Market,DACH,Webinar,AI Productivity,CR011,33,436.63,23655,508,2.149,12,3,0,0,0,Mature,
2026-04-08,C054,Meta,In-House - Mid-Market,DACH,Webinar,AI Productivity,CR011,34,483.29,27810,532,1.913,14,4,0,0,0,Mature,
2026-04-09,C054,Meta,In-House - Mid-Market,DACH,Webinar,AI Productivity,CR011,35,520.14,25856,470,1.82,11,2,0,0,0,Mature,
2026-04-10,C054,Meta,In-House - Mid-Market,DACH,Webinar,AI Productivity,CR011,36,525.37,25211,403,1.602,7,1,0,0,0,Mature,
2026-04-11,C054,Meta,In-House - Mid-Market,DACH,Webinar,AI Productivity,CR011,37,334.51,16600,362,2.185,6,2,0,0,0,Mature,
2026-04-12,C054,Meta,In-House - Mid-Market,DACH,Webinar,AI Productivity,CR011,38,329.21,18794,411,2.188,7,2,0,0,0,Mature,
2026-04-13,C054,Meta,In-House - Mid-Market,DACH,Webinar,AI Productivity,CR011,39,479.33,26754,597,2.232,15,4,0,0,0,Mature,
2026-04-14,C054,Meta,In-House - Mid-Market,DACH,Webinar,AI Productivity,CR011,40,500.23,27188,530,1.953,13,3,0,0,0,Mature,
2026-04-15,C054,Meta,In-House - Mid-Market,DACH,Webinar,AI Productivity,CR011,41,434.34,24250,411,1.697,9,2,0,0,0,Mature,
2026-04-16,C054,Meta,In-House - Mid-Market,DACH,Webinar,AI Productivity,CR011,42,473.27,24771,427,1.725,10,2,0,0,0,Mature,
2026-04-17,C054,Meta,In-House - Mid-Market,DACH,Webinar,AI Productivity,CR011,43,447.53,22455,391,1.745,10,2,0,0,0,Mature,
2026-04-18,C054,Meta,In-House - Mid-Market,DACH,Webinar,AI Productivity,CR011,44,272.13,12937,207,1.603,5,1,0,0,0,Mature,
2026-04-19,C054,Meta,In-House - Mid-Market,DACH,Webinar,AI Productivity,CR011,45,313.73,17437,290,1.663,7,1,0,0,0,Mature,
2026-04-20,C054,Meta,In-House - Mid-Market,DACH,Webinar,AI Productivity,CR011,46,419.58,20400,349,1.713,6,2,0,,,Mature,Missing CRM attribution
2026-04-21,C054,Meta,In-House - Mid-Market,DACH,Webinar,AI Productivity,CR011,47,455.92,22500,341,1.519,9,3,0,0,0,Mature,
2026-04-22,C054,Meta,In-House - Mid-Market,DACH,Webinar,AI Productivity,CR011,48,485.39,26921,489,1.817,10,3,0,0,0,Mature,
2026-04-23,C054,Meta,In-House - Mid-Market,DACH,Webinar,AI Productivity,CR011,49,427.27,23260,478,2.057,9,2,0,0,0,Mature,
2026-04-24,C054,Meta,In-House - Mid-Market,DACH,Webinar,AI Productivity,CR011,50,376.3,18219,293,1.611,6,1,0,0,0,Mature,
2026-04-25,C054,Meta,In-House - Mid-Market,DACH,Webinar,AI Productivity,CR011,51,343.23,16327,263,1.616,5,1,0,0,0,Mature,
2026-04-26,C054,Meta,In-House - Mid-Market,DACH,Webinar,AI Productivity,CR011,52,275.17,14496,203,1.405,3,0,0,0,0,Mature,
2026-04-27,C054,Meta,In-House - Mid-Market,DACH,Webinar,AI Productivity,CR011,53,408.47,22947,440,1.918,9,1,0,0,0,Mature,
2026-04-28,C054,Meta,In-House - Mid-Market,DACH,Webinar,AI Productivity,CR011,54,413.33,20472,325,1.591,7,2,0,0,0,Mature,
2026-04-29,C054,Meta,In-House - Mid-Market,DACH,Webinar,AI Productivity,CR011,55,484.95,25790,403,1.564,8,2,0,0,0,Mature,
2026-04-30,C054,Meta,In-House - Mid-Market,DACH,Webinar,AI Productivity,CR011,56,455.38,22183,325,1.469,8,1,0,0,0,Mature,
2026-05-01,C054,Meta,In-House - Mid-Market,DACH,Webinar,AI Productivity,CR011,57,374.03,17887,314,1.759,8,2,0,,,Mature,Missing CRM attribution
2026-05-02,C054,Meta,In-House - Mid-Market,DACH,Webinar,AI Productivity,CR011,58,341.25,16698,283,1.696,5,1,0,0,0,Mature,
2026-05-03,C054,Meta,In-House - Mid-Market,DACH,Webinar,AI Productivity,CR011,59,319.78,15692,256,1.632,6,1,0,0,0,Mature,
2026-05-04,C054,Meta,In-House - Mid-Market,DACH,Webinar,AI Productivity,CR011,60,532.82,30515,412,1.351,9,2,0,0,0,Mature,
2026-05-05,C054,Meta,In-House - Mid-Market,DACH,Webinar,AI Productivity,CR011,61,520.85,25349,392,1.547,8,2,0,0,0,Mature,
2026-05-06,C054,Meta,In-House - Mid-Market,DACH,Webinar,AI Productivity,CR011,62,450.59,22076,308,1.399,6,1,0,0,0,Mature,
2026-01-16,C055,Google,Law Firm - Mid-Market,US,Demo,AI Productivity,CR008,1,1307.1,37078,1312,3.539,8,4,0,0,0,Mature,
2026-01-17,C055,Google,Law Firm - Mid-Market,US,Demo,AI Productivity,CR008,2,913.07,30421,1385,4.555,6,2,0,0,0,Mature,
2026-01-18,C055,Google,Law Firm - Mid-Market,US,Demo,AI Productivity,CR008,3,992.09,32766,1238,3.781,8,3,0,0,0,Mature,
2026-01-19,C055,Google,Law Firm - Mid-Market,US,Demo,AI Productivity,CR008,4,1108.15,33111,1268,3.831,7,3,0,0,0,Mature,
2026-01-20,C055,Google,Law Firm - Mid-Market,US,Demo,AI Productivity,CR008,5,1371.35,42800,1777,4.153,11,6,0,0,0,Mature,
2026-01-21,C055,Google,Law Firm - Mid-Market,US,Demo,AI Productivity,CR008,6,1208.95,39931,1488,3.729,9,4,0,0,0,Mature,
2026-01-22,C055,Google,Law Firm - Mid-Market,US,Demo,AI Productivity,CR008,7,1372.84,44466,1845,4.15,13,8,0,0,0,Mature,
2026-01-23,C055,Google,Law Firm - Mid-Market,US,Demo,AI Productivity,CR008,8,1400.18,47605,1670,3.51,11,7,0,0,0,Mature,
2026-01-24,C055,Google,Law Firm - Mid-Market,US,Demo,AI Productivity,CR008,9,945.67,31855,1441,4.524,8,4,0,0,0,Mature,
2026-01-25,C055,Google,Law Firm - Mid-Market,US,Demo,AI Productivity,CR008,10,873.05,29433,1219,4.144,6,3,0,0,0,Mature,
2026-01-26,C055,Google,Law Firm - Mid-Market,US,Demo,AI Productivity,CR008,11,1551.83,51096,2294,4.49,17,10,1,57174,13892,Mature,
2026-01-27,C055,Google,Law Firm - Mid-Market,US,Demo,AI Productivity,CR008,12,1209.83,40716,1578,3.876,8,5,0,0,0,Mature,
2026-01-28,C055,Google,Law Firm - Mid-Market,US,Demo,AI Productivity,CR008,13,1161.99,33957,1441,4.245,6,3,0,0,0,Mature,
2026-01-29,C055,Google,Law Firm - Mid-Market,US,Demo,AI Productivity,CR008,14,1573.45,52582,1936,3.683,12,7,0,0,0,Mature,
2026-01-30,C055,Google,Law Firm - Mid-Market,US,Demo,AI Productivity,CR008,15,1506.6,43834,1636,3.734,10,5,0,0,0,Mature,
2026-01-31,C055,Google,Law Firm - Mid-Market,US,Demo,AI Productivity,CR008,16,1047.04,35882,1243,3.465,7,4,0,0,0,Mature,
2026-02-01,C055,Google,Law Firm - Mid-Market,US,Demo,AI Productivity,CR008,17,938.28,28133,1018,3.621,6,3,0,0,0,Mature,
2026-02-02,C055,Google,Law Firm - Mid-Market,US,Demo,AI Productivity,CR008,18,1584.78,49961,2294,4.592,16,9,1,40696,11106,Mature,
2026-02-03,C055,Google,Law Firm - Mid-Market,US,Demo,AI Productivity,CR008,19,1612.06,52629,1737,3.302,10,7,0,0,0,Mature,
2026-02-04,C055,Google,Law Firm - Mid-Market,US,Demo,AI Productivity,CR008,20,1132.47,36663,1275,3.479,6,3,0,0,0,Mature,
2026-02-05,C055,Google,Law Firm - Mid-Market,US,Demo,AI Productivity,CR008,21,1596.65,50662,1660,3.278,9,4,0,0,0,Mature,
2026-02-06,C055,Google,Law Firm - Mid-Market,US,Demo,AI Productivity,CR008,22,1397.86,44103,1605,3.64,9,5,0,0,0,Mature,
2026-02-07,C055,Google,Law Firm - Mid-Market,US,Demo,AI Productivity,CR008,23,1002.88,31816,1204,3.786,8,4,0,0,0,Mature,
2026-02-08,C055,Google,Law Firm - Mid-Market,US,Demo,AI Productivity,CR008,24,838.75,28744,937,3.262,6,3,0,0,0,Mature,
2026-02-09,C055,Google,Law Firm - Mid-Market,US,Demo,AI Productivity,CR008,25,1593.23,46319,1639,3.54,11,7,1,30369,9590,Mature,
2026-02-10,C055,Google,Law Firm - Mid-Market,US,Demo,AI Productivity,CR008,26,1304.24,38928,1456,3.741,7,4,0,0,0,Mature,
2026-02-11,C055,Google,Law Firm - Mid-Market,US,Demo,AI Productivity,CR008,27,1302.44,40879,1459,3.57,8,3,0,0,0,Mature,
2026-02-12,C055,Google,Law Firm - Mid-Market,US,Demo,AI Productivity,CR008,28,1443.6,49099,1606,3.272,10,6,0,0,0,Mature,
2026-02-13,C055,Google,Law Firm - Mid-Market,US,Demo,AI Productivity,CR008,29,1477.74,49165,2194,4.463,13,7,1,71447,23485,Mature,
2026-02-14,C055,Google,Law Firm - Mid-Market,US,Demo,AI Productivity,CR008,30,714.94,22025,931,4.228,4,2,0,0,0,Mature,
2026-02-15,C055,Google,Law Firm - Mid-Market,US,Demo,AI Productivity,CR008,31,1040.64,30387,1314,4.327,8,4,0,0,0,Mature,
2026-02-16,C055,Google,Law Firm - Mid-Market,US,Demo,AI Productivity,CR008,32,1569.53,50400,1993,3.956,11,7,0,0,0,Mature,
2026-02-17,C055,Google,Law Firm - Mid-Market,US,Demo,AI Productivity,CR008,33,1441.56,42890,1855,4.327,11,4,0,0,0,Mature,
2026-02-18,C055,Google,Law Firm - Mid-Market,US,Demo,AI Productivity,CR008,34,1307.26,37407,1723,4.607,12,8,0,0,0,Mature,
2026-02-19,C055,Google,Law Firm - Mid-Market,US,Demo,AI Productivity,CR008,35,1206.88,36281,1660,4.576,11,6,0,0,0,Mature,
2026-02-20,C055,Google,Law Firm - Mid-Market,US,Demo,AI Productivity,CR008,36,1432.03,43953,1505,3.426,9,5,0,0,0,Mature,
2026-02-21,C055,Google,Law Firm - Mid-Market,US,Demo,AI Productivity,CR008,37,1034.79,35561,1312,3.691,8,3,0,0,0,Mature,
2026-02-22,C055,Google,Law Firm - Mid-Market,US,Demo,AI Productivity,CR008,38,726.46,22913,892,3.897,6,3,0,0,0,Mature,
2026-02-23,C055,Google,Law Firm - Mid-Market,US,Demo,AI Productivity,CR008,39,1316.21,38693,1480,3.826,8,5,0,0,0,Mature,
2026-02-24,C055,Google,Law Firm - Mid-Market,US,Demo,AI Productivity,CR008,40,1372.72,46100,2116,4.591,14,7,0,0,0,Mature,
2026-02-25,C055,Google,Law Firm - Mid-Market,US,Demo,AI Productivity,CR008,41,1527.97,48076,2196,4.569,11,5,0,0,0,Mature,
2026-02-26,C055,Google,Law Firm - Mid-Market,US,Demo,AI Productivity,CR008,42,1553.98,47952,2045,4.266,11,7,0,0,0,Mature,
2026-02-27,C055,Google,Law Firm - Mid-Market,US,Demo,AI Productivity,CR008,43,1146.07,34375,1461,4.251,10,4,0,0,0,Mature,
2026-02-28,C055,Google,Law Firm - Mid-Market,US,Demo,AI Productivity,CR008,44,909.83,30226,1065,3.524,7,4,0,0,0,Mature,
2026-03-01,C055,Google,Law Firm - Mid-Market,US,Demo,AI Productivity,CR008,45,904.41,30424,1195,3.93,6,4,0,0,0,Mature,
2026-03-02,C055,Google,Law Firm - Mid-Market,US,Demo,AI Productivity,CR008,46,1512.38,43820,1490,3.401,9,5,0,0,0,Mature,
2026-03-03,C055,Google,Law Firm - Mid-Market,US,Demo,AI Productivity,CR008,47,1586.7,46437,1685,3.63,11,6,0,0,0,Mature,
2026-03-04,C055,Google,Law Firm - Mid-Market,US,Demo,AI Productivity,CR008,48,1196.75,36907,1660,4.499,10,4,0,0,0,Mature,
2026-03-05,C055,Google,Law Firm - Mid-Market,US,Demo,AI Productivity,CR008,49,1130.54,32629,1507,4.621,7,4,0,0,0,Mature,
2026-03-06,C055,Google,Law Firm - Mid-Market,US,Demo,AI Productivity,CR008,50,1336.48,40928,1456,3.56,8,4,0,0,0,Mature,
2026-03-07,C055,Google,Law Firm - Mid-Market,US,Demo,AI Productivity,CR008,51,946.88,29189,1104,3.783,5,2,0,0,0,Mature,
2026-03-08,C055,Google,Law Firm - Mid-Market,US,Demo,AI Productivity,CR008,52,951.37,30934,999,3.233,7,3,0,0,0,Mature,
2026-03-09,C055,Google,Law Firm - Mid-Market,US,Demo,AI Productivity,CR008,53,1535.74,49270,1623,3.295,9,6,0,0,0,Mature,
2026-03-10,C055,Google,Law Firm - Mid-Market,US,Demo,AI Productivity,CR008,54,1247.67,35316,1238,3.508,7,3,0,0,0,Mature,
2026-03-11,C055,Google,Law Firm - Mid-Market,US,Demo,AI Productivity,CR008,55,1264.56,39866,1371,3.441,8,3,0,0,0,Mature,
2026-03-12,C055,Google,Law Firm - Mid-Market,US,Demo,AI Productivity,CR008,56,1337.52,43138,1447,3.355,7,4,0,0,0,Mature,
2026-03-13,C055,Google,Law Firm - Mid-Market,US,Demo,AI Productivity,CR008,57,1087.37,35180,1351,3.843,7,3,0,0,0,Mature,
2026-03-14,C055,Google,Law Firm - Mid-Market,US,Demo,AI Productivity,CR008,58,721.01,23112,1021,4.419,6,3,0,0,0,Mature,
2026-03-08,C056,LinkedIn,Law Firm - Mid-Market,US,Content Download,ROI,CR001,1,280.05,4485,51,1.146,1,0,0,0,0,Mature,
2026-03-09,C056,LinkedIn,Law Firm - Mid-Market,US,Content Download,ROI,CR001,2,534.54,7942,82,1.043,2,1,0,0,0,Mature,
2026-03-10,C056,LinkedIn,Law Firm - Mid-Market,US,Content Download,ROI,CR001,3,501.76,7705,69,0.896,1,0,0,0,0,Mature,
2026-03-11,C056,LinkedIn,Law Firm - Mid-Market,US,Content Download,ROI,CR001,4,395.76,5783,69,1.194,1,0,0,0,0,Mature,
2026-03-12,C056,LinkedIn,Law Firm - Mid-Market,US,Content Download,ROI,CR001,5,466.63,7312,83,1.142,1,0,0,0,0,Mature,
2026-03-13,C056,LinkedIn,Law Firm - Mid-Market,US,Content Download,ROI,CR001,6,486.82,7524,83,1.108,2,0,0,0,0,Mature,
2026-03-14,C056,LinkedIn,Law Firm - Mid-Market,US,Content Download,ROI,CR001,7,334.94,4811,48,1.002,1,0,0,0,0,Mature,
2026-03-15,C056,LinkedIn,Law Firm - Mid-Market,US,Content Download,ROI,CR001,8,264.11,3509,44,1.256,1,0,0,0,0,Mature,
2026-03-16,C056,LinkedIn,Law Firm - Mid-Market,US,Content Download,ROI,CR001,9,494.39,7632,73,0.963,2,1,0,0,0,Mature,
2026-03-17,C056,LinkedIn,Law Firm - Mid-Market,US,Content Download,ROI,CR001,10,496.68,6647,80,1.204,2,1,0,0,0,Mature,
2026-03-18,C056,LinkedIn,Law Firm - Mid-Market,US,Content Download,ROI,CR001,11,499.49,7276,72,0.995,2,1,0,0,0,Mature,
2026-03-19,C056,LinkedIn,Law Firm - Mid-Market,US,Content Download,ROI,CR001,12,485.18,7154,75,1.061,2,1,0,0,0,Mature,
2026-03-20,C056,LinkedIn,Law Firm - Mid-Market,US,Content Download,ROI,CR001,13,414.41,5701,61,1.085,2,1,0,0,0,Mature,
2026-03-21,C056,LinkedIn,Law Firm - Mid-Market,US,Content Download,ROI,CR001,14,324.47,4830,58,1.216,1,0,0,0,0,Mature,
2026-03-22,C056,LinkedIn,Law Firm - Mid-Market,US,Content Download,ROI,CR001,15,279.99,3828,35,0.919,0,0,0,0,0,Mature,
2026-03-23,C056,LinkedIn,Law Firm - Mid-Market,US,Content Download,ROI,CR001,16,410.75,6169,59,0.966,2,1,0,0,0,Mature,
2026-03-24,C056,LinkedIn,Law Firm - Mid-Market,US,Content Download,ROI,CR001,17,412.71,5943,71,1.204,2,0,0,0,0,Mature,
2026-03-25,C056,LinkedIn,Law Firm - Mid-Market,US,Content Download,ROI,CR001,18,501.41,7104,74,1.05,1,0,0,0,0,Mature,
2026-03-26,C056,LinkedIn,Law Firm - Mid-Market,US,Content Download,ROI,CR001,19,500.5,8002,94,1.177,2,1,0,0,0,Mature,
2026-03-27,C056,LinkedIn,Law Firm - Mid-Market,US,Content Download,ROI,CR001,20,429.9,6468,79,1.221,2,1,0,0,0,Mature,
2026-03-28,C056,LinkedIn,Law Firm - Mid-Market,US,Content Download,ROI,CR001,21,321.7,5046,45,0.905,1,0,0,0,0,Mature,
2026-03-29,C056,LinkedIn,Law Firm - Mid-Market,US,Content Download,ROI,CR001,22,329.77,4859,57,1.184,1,0,0,0,0,Mature,
2026-03-30,C056,LinkedIn,Law Firm - Mid-Market,US,Content Download,ROI,CR001,23,475.26,6689,71,1.071,1,0,0,0,0,Mature,
2026-03-31,C056,LinkedIn,Law Firm - Mid-Market,US,Content Download,ROI,CR001,24,450.74,6182,60,0.974,1,0,0,0,0,Mature,
2026-04-01,C056,LinkedIn,Law Firm - Mid-Market,US,Content Download,ROI,CR001,25,437.04,6938,84,1.224,2,1,0,0,0,Mature,
2026-04-02,C056,LinkedIn,Law Firm - Mid-Market,US,Content Download,ROI,CR001,26,508.21,7040,76,1.087,2,1,0,0,0,Mature,
2026-04-03,C056,LinkedIn,Law Firm - Mid-Market,US,Content Download,ROI,CR001,27,484.31,7776,79,1.02,1,0,0,0,0,Mature,
2026-04-04,C056,LinkedIn,Law Firm - Mid-Market,US,Content Download,ROI,CR001,28,299.22,4257,39,0.937,1,0,0,0,0,Mature,
2026-04-05,C056,LinkedIn,Law Firm - Mid-Market,US,Content Download,ROI,CR001,29,316.68,4482,43,0.961,1,0,0,0,0,Mature,
2026-04-06,C056,LinkedIn,Law Firm - Mid-Market,US,Content Download,ROI,CR001,30,460.05,6804,86,1.273,2,1,0,0,0,Mature,
2026-04-07,C056,LinkedIn,Law Firm - Mid-Market,US,Content Download,ROI,CR001,31,482.68,6634,83,1.259,1,0,0,0,0,Mature,
2026-04-08,C056,LinkedIn,Law Firm - Mid-Market,US,Content Download,ROI,CR001,32,527.05,8268,73,0.892,2,1,0,0,0,Mature,
2026-04-09,C056,LinkedIn,Law Firm - Mid-Market,US,Content Download,ROI,CR001,33,415.96,5914,67,1.137,1,0,0,0,0,Mature,
2026-04-10,C056,LinkedIn,Law Firm - Mid-Market,US,Content Download,ROI,CR001,34,435.49,5936,71,1.212,2,1,0,0,0,Mature,
2026-04-11,C056,LinkedIn,Law Firm - Mid-Market,US,Content Download,ROI,CR001,35,298.14,4024,45,1.122,1,0,0,0,0,Mature,
2026-04-12,C056,LinkedIn,Law Firm - Mid-Market,US,Content Download,ROI,CR001,36,285.67,4506,50,1.117,1,0,0,0,0,Mature,
2026-03-13,C057,Meta,In-House - Enterprise,UK,Webinar,Speed,CR031,1,1212.46,67934,1104,1.626,27,8,1,127605,40878,Mature,
2026-03-14,C057,Meta,In-House - Enterprise,UK,Webinar,Speed,CR031,2,780.17,38364,672,1.754,13,4,0,0,0,Mature,
2026-03-15,C057,Meta,In-House - Enterprise,UK,Webinar,Speed,CR031,3,772.17,37139,775,2.089,14,5,0,0,0,Mature,
2026-03-16,C057,Meta,In-House - Enterprise,UK,Webinar,Speed,CR031,4,1220.84,65961,1386,2.102,25,8,1,55954,13733,Mature,
2026-03-17,C057,Meta,In-House - Enterprise,UK,Webinar,Speed,CR031,5,1548.89,88160,1406,1.595,33,10,1,89772,28083,Mature,
2026-03-18,C057,Meta,In-House - Enterprise,UK,Webinar,Speed,CR031,6,1287.66,61140,1087,1.779,19,5,0,0,0,Mature,
2026-03-19,C057,Meta,In-House - Enterprise,UK,Webinar,Speed,CR031,7,1551.27,86738,1424,1.642,24,7,1,110068,34211,Mature,
2026-03-20,C057,Meta,In-House - Enterprise,UK,Webinar,Speed,CR031,8,1123.01,54559,1073,1.968,29,10,1,78924,22414,Mature,
2026-03-21,C057,Meta,In-House - Enterprise,UK,Webinar,Speed,CR031,9,967.19,46706,729,1.562,17,4,0,0,0,Mature,
2026-03-22,C057,Meta,In-House - Enterprise,UK,Webinar,Speed,CR031,10,955.41,51004,904,1.773,16,5,0,0,0,Mature,
2026-03-23,C057,Meta,In-House - Enterprise,UK,Webinar,Speed,CR031,11,1188.08,58284,1202,2.063,26,8,1,81323,24038,Mature,
2026-03-24,C057,Meta,In-House - Enterprise,UK,Webinar,Speed,CR031,12,1169.63,62731,1316,2.099,36,11,1,56743,14594,Mature,
2026-03-25,C057,Meta,In-House - Enterprise,UK,Webinar,Speed,CR031,13,1352.1,67333,1406,2.089,38,9,1,118499,38466,Mature,
2026-03-26,C057,Meta,In-House - Enterprise,UK,Webinar,Speed,CR031,14,1169.53,67692,1204,1.78,25,6,1,48625,16242,Mature,
2026-03-27,C057,Meta,In-House - Enterprise,UK,Webinar,Speed,CR031,15,1208.97,66890,1295,1.937,33,10,1,86943,29375,Mature,
2026-03-28,C057,Meta,In-House - Enterprise,UK,Webinar,Speed,CR031,16,766.93,42589,864,2.03,15,4,0,0,0,Mature,
2026-03-29,C057,Meta,In-House - Enterprise,UK,Webinar,Speed,CR031,17,1009.24,51299,851,1.66,23,6,1,107149,25921,Mature,
2026-03-30,C057,Meta,In-House - Enterprise,UK,Webinar,Speed,CR031,18,1594.89,90076,1723,1.913,30,7,0,0,0,Mature,
2026-03-31,C057,Meta,In-House - Enterprise,UK,Webinar,Speed,CR031,19,1120.53,62858,1194,1.901,20,6,0,0,0,Mature,
2026-04-01,C057,Meta,In-House - Enterprise,UK,Webinar,Speed,CR031,20,1246.11,62356,1174,1.883,31,10,1,106885,33607,Mature,
2026-04-02,C057,Meta,In-House - Enterprise,UK,Webinar,Speed,CR031,21,1099.03,54089,1055,1.952,20,6,0,0,0,Mature,
2026-04-03,C057,Meta,In-House - Enterprise,UK,Webinar,Speed,CR031,22,1399.47,73706,1144,1.552,25,7,0,0,0,Mature,
2026-04-04,C057,Meta,In-House - Enterprise,UK,Webinar,Speed,CR031,23,894.08,43430,811,1.868,16,3,0,0,0,Mature,
2026-04-05,C057,Meta,In-House - Enterprise,UK,Webinar,Speed,CR031,24,810.92,40995,858,2.095,22,7,1,87322,24689,Mature,
2026-04-06,C057,Meta,In-House - Enterprise,UK,Webinar,Speed,CR031,25,1213.23,63733,1320,2.072,25,7,1,106461,27120,Mature,
2026-04-07,C057,Meta,In-House - Enterprise,UK,Webinar,Speed,CR031,26,1178.87,59713,1114,1.867,18,6,1,127561,28328,Mature,
2026-04-08,C057,Meta,In-House - Enterprise,UK,Webinar,Speed,CR031,27,1439.25,76471,1355,1.772,34,12,2,189117,58946,Mature,
2026-04-09,C057,Meta,In-House - Enterprise,UK,Webinar,Speed,CR031,28,1299.2,61548,1250,2.031,34,12,1,84213,26251,Mature,
2026-04-10,C057,Meta,In-House - Enterprise,UK,Webinar,Speed,CR031,29,1345.45,66813,1236,1.85,30,7,0,0,0,Mature,
2026-04-11,C057,Meta,In-House - Enterprise,UK,Webinar,Speed,CR031,30,915.33,43860,849,1.936,16,4,0,0,0,Mature,
2026-04-12,C057,Meta,In-House - Enterprise,UK,Webinar,Speed,CR031,31,1048.42,56997,1195,2.098,30,7,0,0,0,Mature,
2026-04-13,C057,Meta,In-House - Enterprise,UK,Webinar,Speed,CR031,32,1188.57,64162,1289,2.01,24,8,1,152477,39198,Mature,
2026-04-14,C057,Meta,In-House - Enterprise,UK,Webinar,Speed,CR031,33,1233.84,66492,1274,1.917,22,5,0,0,0,Mature,
2026-04-15,C057,Meta,In-House - Enterprise,UK,Webinar,Speed,CR031,34,1335.02,67050,1398,2.086,26,6,0,0,0,Mature,
2026-04-16,C057,Meta,In-House - Enterprise,UK,Webinar,Speed,CR031,35,1464.3,71185,1287,1.809,26,8,0,0,0,Mature,
2026-04-17,C057,Meta,In-House - Enterprise,UK,Webinar,Speed,CR031,36,1100.92,60372,1118,1.853,30,8,1,125008,31732,Mature,
2026-04-18,C057,Meta,In-House - Enterprise,UK,Webinar,Speed,CR031,37,974.75,54961,1000,1.821,27,8,1,102730,29734,Mature,
2026-04-19,C057,Meta,In-House - Enterprise,UK,Webinar,Speed,CR031,38,833.87,44682,798,1.786,21,5,0,0,0,Mature,
2026-04-20,C057,Meta,In-House - Enterprise,UK,Webinar,Speed,CR031,39,1437.75,76839,1490,1.94,39,11,2,268913,87374,Mature,
2026-04-21,C057,Meta,In-House - Enterprise,UK,Webinar,Speed,CR031,40,1207.24,68445,1265,1.849,28,9,1,84709,28405,Mature,
2026-05-03,C058,Google,Law Firm - Mid-Market,US,Demo,Speed,CR028,1,139.72,4577,181,3.976,1,0,0,0,0,Mature,
2026-05-04,C058,Google,Law Firm - Mid-Market,US,Demo,Speed,CR028,2,182.2,5404,219,4.064,1,0,0,0,0,Mature,
2026-05-05,C058,Google,Law Firm - Mid-Market,US,Demo,Speed,CR028,3,219.15,6805,294,4.328,1,0,0,0,0,Mature,
2026-05-06,C058,Google,Law Firm - Mid-Market,US,Demo,Speed,CR028,4,250.34,8447,333,3.952,2,1,0,0,0,Mature,
2026-05-07,C058,Google,Law Firm - Mid-Market,US,Demo,Speed,CR028,5,190.34,6133,247,4.037,1,0,0,0,0,Mature,
2026-05-08,C058,Google,Law Firm - Mid-Market,US,Demo,Speed,CR028,6,255.67,8018,330,4.122,2,1,0,0,0,Mature,
2026-05-09,C058,Google,Law Firm - Mid-Market,US,Demo,Speed,CR028,7,169.03,5393,195,3.617,1,0,0,0,0,Mature,
2026-05-10,C058,Google,Law Firm - Mid-Market,US,Demo,Speed,CR028,8,165.25,5053,200,3.976,1,0,0,0,0,Mature,
2026-05-11,C058,Google,Law Firm - Mid-Market,US,Demo,Speed,CR028,9,268.58,7872,315,4.003,1,0,0,0,0,Mature,
2026-05-12,C058,Google,Law Firm - Mid-Market,US,Demo,Speed,CR028,10,222.37,6710,289,4.319,2,1,0,0,0,Mature,
2026-05-13,C058,Google,Law Firm - Mid-Market,US,Demo,Speed,CR028,11,235.58,7792,326,4.187,2,1,0,0,0,Mature,
2026-05-14,C058,Google,Law Firm - Mid-Market,US,Demo,Speed,CR028,12,197.28,6483,242,3.742,1,0,0,0,0,Mature,
2026-05-15,C058,Google,Law Firm - Mid-Market,US,Demo,Speed,CR028,13,257.85,7590,286,3.78,1,0,0,0,0,Mature,
2026-05-16,C058,Google,Law Firm - Mid-Market,US,Demo,Speed,CR028,14,156.42,4687,189,4.043,1,0,0,0,0,Mature,
2026-05-17,C058,Google,Law Firm - Mid-Market,US,Demo,Speed,CR028,15,125.11,3978,164,4.142,1,0,0,0,0,Mature,
2026-05-18,C058,Google,Law Firm - Mid-Market,US,Demo,Speed,CR028,16,181.73,5124,220,4.313,1,0,0,0,0,Mature,
2026-05-19,C058,Google,Law Firm - Mid-Market,US,Demo,Speed,CR028,17,186.45,5511,202,3.674,1,0,0,0,0,Mature,
2026-05-20,C058,Google,Law Firm - Mid-Market,US,Demo,Speed,CR028,18,189.28,6287,218,3.483,1,0,0,0,0,Mature,
2026-05-21,C058,Google,Law Firm - Mid-Market,US,Demo,Speed,CR028,19,217.76,6837,273,3.994,1,0,0,0,0,Mature,
2026-05-22,C058,Google,Law Firm - Mid-Market,US,Demo,Speed,CR028,20,232.74,6764,212,3.136,1,0,0,0,0,Mature,
2026-05-23,C058,Google,Law Firm - Mid-Market,US,Demo,Speed,CR028,21,136.23,4078,154,3.795,0,0,0,0,0,Mature,
2026-05-24,C058,Google,Law Firm - Mid-Market,US,Demo,Speed,CR028,22,164.44,5342,170,3.19,0,0,0,0,0,Mature,
2026-05-25,C058,Google,Law Firm - Mid-Market,US,Demo,Speed,CR028,23,268.39,9101,293,3.227,1,0,0,0,0,Mature,
2026-05-26,C058,Google,Law Firm - Mid-Market,US,Demo,Speed,CR028,24,247.66,8110,272,3.359,1,0,0,0,0,Mature,
2026-05-27,C058,Google,Law Firm - Mid-Market,US,Demo,Speed,CR028,25,222.48,7556,290,3.85,1,0,0,0,0,Mature,
2026-05-28,C058,Google,Law Firm - Mid-Market,US,Demo,Speed,CR028,26,220.11,7366,306,4.155,1,0,0,0,0,Mature,
2026-05-29,C058,Google,Law Firm - Mid-Market,US,Demo,Speed,CR028,27,207.05,6166,215,3.498,1,0,0,0,0,Mature,
2026-05-30,C058,Google,Law Firm - Mid-Market,US,Demo,Speed,CR028,28,140.88,4744,150,3.178,0,0,0,0,0,Mature,
2026-05-31,C058,Google,Law Firm - Mid-Market,US,Demo,Speed,CR028,29,137.33,4346,152,3.498,0,0,0,0,0,Mature,
2026-05-13,C059,LinkedIn,In-House - Enterprise,US,Demo,Customer Proof,CR017,1,268.71,3824,36,0.945,0,0,0,0,0,Mature,
2026-05-14,C059,LinkedIn,In-House - Enterprise,US,Demo,Customer Proof,CR017,2,197.97,3147,26,0.829,0,0,0,0,0,Mature,
2026-05-15,C059,LinkedIn,In-House - Enterprise,US,Demo,Customer Proof,CR017,3,231.44,3663,36,0.986,0,0,0,0,0,Mature,
2026-05-16,C059,LinkedIn,In-House - Enterprise,US,Demo,Customer Proof,CR017,4,159.46,2464,28,1.143,0,0,0,0,0,Mature,
2026-05-17,C059,LinkedIn,In-House - Enterprise,US,Demo,Customer Proof,CR017,5,174.83,2629,30,1.165,0,0,0,0,0,Mature,
2026-05-18,C059,LinkedIn,In-House - Enterprise,US,Demo,Customer Proof,CR017,6,227.49,3022,35,1.175,0,0,0,0,0,Mature,
2026-05-19,C059,LinkedIn,In-House - Enterprise,US,Demo,Customer Proof,CR017,7,268.58,3730,40,1.093,0,0,0,0,0,Mature,
2026-05-20,C059,LinkedIn,In-House - Enterprise,US,Demo,Customer Proof,CR017,8,187.29,3015,31,1.061,0,0,0,0,0,Mature,
2026-05-21,C059,LinkedIn,In-House - Enterprise,US,Demo,Customer Proof,CR017,9,238.59,3411,30,0.893,0,0,0,0,0,Mature,
2026-05-22,C059,LinkedIn,In-House - Enterprise,US,Demo,Customer Proof,CR017,10,203.16,2941,30,1.028,0,0,0,0,0,Mature,
2026-05-23,C059,LinkedIn,In-House - Enterprise,US,Demo,Customer Proof,CR017,11,154.34,2386,27,1.144,0,0,0,0,0,Mature,
2026-05-24,C059,LinkedIn,In-House - Enterprise,US,Demo,Customer Proof,CR017,12,173.55,2390,25,1.086,0,0,0,0,0,Mature,
2026-05-25,C059,LinkedIn,In-House - Enterprise,US,Demo,Customer Proof,CR017,13,182.08,2575,25,1.005,0,0,0,0,0,Mature,
2026-05-26,C059,LinkedIn,In-House - Enterprise,US,Demo,Customer Proof,CR017,14,264.89,3707,36,0.976,0,0,0,0,0,Mature,
2026-05-27,C059,LinkedIn,In-House - Enterprise,US,Demo,Customer Proof,CR017,15,238.08,3383,30,0.889,0,0,0,0,0,Mature,
2026-05-28,C059,LinkedIn,In-House - Enterprise,US,Demo,Customer Proof,CR017,16,181.62,2690,25,0.934,0,0,0,0,0,Mature,
2026-05-29,C059,LinkedIn,In-House - Enterprise,US,Demo,Customer Proof,CR017,17,217.07,2873,29,1.024,0,0,0,0,0,Mature,
2026-05-30,C059,LinkedIn,In-House - Enterprise,US,Demo,Customer Proof,CR017,18,174.23,2536,29,1.161,0,0,0,0,0,Mature,
2026-05-31,C059,LinkedIn,In-House - Enterprise,US,Demo,Customer Proof,CR017,19,136.35,1879,20,1.116,0,0,0,0,0,Mature,
2026-06-01,C059,LinkedIn,In-House - Enterprise,US,Demo,Customer Proof,CR017,20,262.42,3733,33,0.91,0,0,0,0,0,Mature,
2026-06-02,C059,LinkedIn,In-House - Enterprise,US,Demo,Customer Proof,CR017,21,250.52,3667,36,1.001,0,0,0,0,0,Mature,
2026-06-03,C059,LinkedIn,In-House - Enterprise,US,Demo,Customer Proof,CR017,22,184.05,2756,27,0.999,0,0,0,0,0,Mature,
2026-06-04,C059,LinkedIn,In-House - Enterprise,US,Demo,Customer Proof,CR017,23,242.44,3550,32,0.918,0,0,0,0,0,Mature,
2026-06-05,C059,LinkedIn,In-House - Enterprise,US,Demo,Customer Proof,CR017,24,209.58,3175,33,1.063,0,0,0,0,0,Mature,
2026-06-06,C059,LinkedIn,In-House - Enterprise,US,Demo,Customer Proof,CR017,25,128.12,1937,18,0.966,0,0,0,0,0,Mature,
2026-06-07,C059,LinkedIn,In-House - Enterprise,US,Demo,Customer Proof,CR017,26,144.13,1994,21,1.084,0,0,0,0,0,Mature,
2026-06-08,C059,LinkedIn,In-House - Enterprise,US,Demo,Customer Proof,CR017,27,264.46,4221,36,0.853,0,0,0,0,0,Mature,
2026-06-09,C059,LinkedIn,In-House - Enterprise,US,Demo,Customer Proof,CR017,28,259.13,3550,31,0.888,0,0,0,0,0,Mature,
2026-06-10,C059,LinkedIn,In-House - Enterprise,US,Demo,Customer Proof,CR017,29,192.38,2975,25,0.843,0,0,0,0,0,Mature,
2026-06-11,C059,LinkedIn,In-House - Enterprise,US,Demo,Customer Proof,CR017,30,254.4,3670,31,0.861,0,0,0,0,0,Mature,
2026-06-12,C059,LinkedIn,In-House - Enterprise,US,Demo,Customer Proof,CR017,31,231.12,3116,26,0.859,0,0,0,0,0,Mature,
2026-06-13,C059,LinkedIn,In-House - Enterprise,US,Demo,Customer Proof,CR017,32,158.36,2191,20,0.93,0,0,0,0,0,Mature,
2026-06-14,C059,LinkedIn,In-House - Enterprise,US,Demo,Customer Proof,CR017,33,142.51,2298,19,0.832,0,0,0,0,0,Mature,
2026-04-20,C060,Meta,Law Firm - Mid-Market,UK,Demo,Customer Proof,CR014,1,765.66,42352,728,1.72,5,1,0,0,0,Mature,
2026-04-21,C060,Meta,Law Firm - Mid-Market,UK,Demo,Customer Proof,CR014,2,1020.67,48567,821,1.691,5,1,0,,,Mature,Missing CRM attribution
2026-04-22,C060,Meta,Law Firm - Mid-Market,UK,Demo,Customer Proof,CR014,3,1036.55,58210,1086,1.866,10,3,0,0,0,Mature,
2026-04-23,C060,Meta,Law Firm - Mid-Market,UK,Demo,Customer Proof,CR014,4,908.5,47890,831,1.736,5,1,0,0,0,Mature,
2026-04-24,C060,Meta,Law Firm - Mid-Market,UK,Demo,Customer Proof,CR014,5,1063.53,58985,1069,1.814,7,1,0,0,0,Mature,
2026-04-25,C060,Meta,Law Firm - Mid-Market,UK,Demo,Customer Proof,CR014,6,634.0,35381,594,1.681,5,1,0,0,0,Mature,
2026-04-26,C060,Meta,Law Firm - Mid-Market,UK,Demo,Customer Proof,CR014,7,492.33,25383,418,1.649,3,1,0,0,0,Mature,
2026-04-27,C060,Meta,Law Firm - Mid-Market,UK,Demo,Customer Proof,CR014,8,1013.32,48715,902,1.853,8,2,0,0,0,Mature,
2026-04-28,C060,Meta,Law Firm - Mid-Market,UK,Demo,Customer Proof,CR014,9,973.37,46605,887,1.905,6,1,0,0,0,Mature,
2026-04-29,C060,Meta,Law Firm - Mid-Market,UK,Demo,Customer Proof,CR014,10,858.58,44271,708,1.6,7,2,0,0,0,Mature,
2026-04-30,C060,Meta,Law Firm - Mid-Market,UK,Demo,Customer Proof,CR014,11,876.57,42973,713,1.659,4,1,0,0,0,Mature,
2026-05-01,C060,Meta,Law Firm - Mid-Market,UK,Demo,Customer Proof,CR014,12,1070.91,53976,849,1.573,5,1,0,0,0,Mature,
2026-05-02,C060,Meta,Law Firm - Mid-Market,UK,Demo,Customer Proof,CR014,13,527.38,29774,434,1.458,3,1,0,0,0,Mature,
2026-05-03,C060,Meta,Law Firm - Mid-Market,UK,Demo,Customer Proof,CR014,14,574.87,33197,541,1.63,4,1,0,0,0,Mature,
2026-05-04,C060,Meta,Law Firm - Mid-Market,UK,Demo,Customer Proof,CR014,15,862.55,45453,626,1.378,4,1,0,0,0,Mature,
2026-05-05,C060,Meta,Law Firm - Mid-Market,UK,Demo,Customer Proof,CR014,16,788.01,42420,755,1.78,7,1,0,0,0,Mature,
2026-05-06,C060,Meta,Law Firm - Mid-Market,UK,Demo,Customer Proof,CR014,17,862.71,47555,670,1.41,4,1,0,0,0,Mature,
2026-05-07,C060,Meta,Law Firm - Mid-Market,UK,Demo,Customer Proof,CR014,18,940.74,51757,893,1.727,8,2,0,0,0,Mature,
2026-05-08,C060,Meta,Law Firm - Mid-Market,UK,Demo,Customer Proof,CR014,19,771.24,39499,608,1.542,6,2,0,0,0,Mature,
2026-05-09,C060,Meta,Law Firm - Mid-Market,UK,Demo,Customer Proof,CR014,20,585.78,33558,507,1.512,3,0,0,0,0,Mature,
2026-05-10,C060,Meta,Law Firm - Mid-Market,UK,Demo,Customer Proof,CR014,21,579.81,28398,461,1.624,4,1,0,0,0,Mature,
2026-05-11,C060,Meta,Law Firm - Mid-Market,UK,Demo,Customer Proof,CR014,22,1059.9,51813,760,1.468,6,1,0,0,0,Mature,
2026-05-12,C060,Meta,Law Firm - Mid-Market,UK,Demo,Customer Proof,CR014,23,857.16,49564,837,1.689,8,2,0,0,0,Mature,
2026-05-13,C060,Meta,Law Firm - Mid-Market,UK,Demo,Customer Proof,CR014,24,1014.14,56768,1058,1.864,8,2,0,0,0,Mature,
2026-05-14,C060,Meta,Law Firm - Mid-Market,UK,Demo,Customer Proof,CR014,25,729.35,38973,611,1.569,5,1,0,0,0,Mature,
2026-05-15,C060,Meta,Law Firm - Mid-Market,UK,Demo,Customer Proof,CR014,26,816.5,45457,851,1.873,5,1,0,0,0,Mature,
2026-05-16,C060,Meta,Law Firm - Mid-Market,UK,Demo,Customer Proof,CR014,27,653.66,33171,615,1.855,6,1,0,0,0,Mature,
2026-05-17,C060,Meta,Law Firm - Mid-Market,UK,Demo,Customer Proof,CR014,28,649.86,31202,498,1.598,3,0,0,0,0,Mature,
2026-05-18,C060,Meta,Law Firm - Mid-Market,UK,Demo,Customer Proof,CR014,29,809.98,42294,723,1.71,6,1,0,0,0,Mature,
2026-05-19,C060,Meta,Law Firm - Mid-Market,UK,Demo,Customer Proof,CR014,30,893.2,51681,872,1.689,6,1,0,0,0,Mature,
2026-05-20,C060,Meta,Law Firm - Mid-Market,UK,Demo,Customer Proof,CR014,31,782.56,40095,731,1.824,7,2,0,0,0,Mature,
2026-05-21,C060,Meta,Law Firm - Mid-Market,UK,Demo,Customer Proof,CR014,32,797.93,39137,724,1.851,7,1,0,0,0,Mature,
2026-05-22,C060,Meta,Law Firm - Mid-Market,UK,Demo,Customer Proof,CR014,33,833.36,44259,754,1.706,5,1,0,0,0,Mature,
2026-05-23,C060,Meta,Law Firm - Mid-Market,UK,Demo,Customer Proof,CR014,34,510.84,28484,421,1.48,3,0,0,0,0,Mature,
2026-05-24,C060,Meta,Law Firm - Mid-Market,UK,Demo,Customer Proof,CR014,35,484.39,23662,324,1.371,2,0,0,0,0,Mature,
2026-05-25,C060,Meta,Law Firm - Mid-Market,UK,Demo,Customer Proof,CR014,36,791.04,37666,718,1.908,5,1,0,0,0,Mature,
2026-05-26,C060,Meta,Law Firm - Mid-Market,UK,Demo,Customer Proof,CR014,37,879.32,48471,924,1.907,8,3,0,0,0,Mature,
2026-05-27,C060,Meta,Law Firm - Mid-Market,UK,Demo,Customer Proof,CR014,38,852.38,43078,772,1.792,6,2,0,0,0,Mature,
2026-05-28,C060,Meta,Law Firm - Mid-Market,UK,Demo,Customer Proof,CR014,39,925.37,50990,867,1.701,6,1,0,0,0,Mature,
2026-05-29,C060,Meta,Law Firm - Mid-Market,UK,Demo,Customer Proof,CR014,40,726.45,37575,604,1.609,5,1,0,0,0,Mature,
2026-05-30,C060,Meta,Law Firm - Mid-Market,UK,Demo,Customer Proof,CR014,41,572.21,27193,515,1.894,3,1,0,0,0,Mature,
2026-05-31,C060,Meta,Law Firm - Mid-Market,UK,Demo,Customer Proof,CR014,42,530.68,25421,432,1.703,2,0,0,0,0,Mature,
2026-04-01,C061,Google,Law Firm - Enterprise,US,Webinar,AI Productivity,CR008,1,676.15,23064,900,3.904,16,7,1,146771,49864,Mature,
2026-04-02,C061,Google,Law Firm - Enterprise,US,Webinar,AI Productivity,CR008,2,727.94,23189,848,3.658,12,7,0,0,0,Mature,
2026-04-03,C061,Google,Law Firm - Enterprise,US,Webinar,AI Productivity,CR008,3,685.13,21728,719,3.311,10,7,1,87589,23560,Mature,
2026-04-04,C061,Google,Law Firm - Enterprise,US,Webinar,AI Productivity,CR008,4,476.99,14223,615,4.326,9,6,0,0,0,Mature,
2026-04-05,C061,Google,Law Firm - Enterprise,US,Webinar,AI Productivity,CR008,5,476.95,15910,626,3.935,10,6,1,106178,25602,Mature,
2026-04-06,C061,Google,Law Firm - Enterprise,US,Webinar,AI Productivity,CR008,6,753.3,23492,879,3.744,15,9,1,150153,47268,Mature,
2026-04-07,C061,Google,Law Firm - Enterprise,US,Webinar,AI Productivity,CR008,7,722.55,23886,804,3.367,11,8,1,56801,12861,Mature,
2026-04-08,C061,Google,Law Firm - Enterprise,US,Webinar,AI Productivity,CR008,8,725.11,23329,933,4.002,13,9,1,117222,35184,Mature,
2026-04-09,C061,Google,Law Firm - Enterprise,US,Webinar,AI Productivity,CR008,9,774.32,25349,1065,4.202,17,12,1,138142,39857,Mature,
2026-04-10,C061,Google,Law Firm - Enterprise,US,Webinar,AI Productivity,CR008,10,649.84,21133,715,3.386,11,7,1,68928,16052,Mature,
2026-04-11,C061,Google,Law Firm - Enterprise,US,Webinar,AI Productivity,CR008,11,381.59,12120,440,3.636,9,5,1,101281,30790,Mature,
2026-04-12,C061,Google,Law Firm - Enterprise,US,Webinar,AI Productivity,CR008,12,506.65,15998,562,3.516,10,4,0,0,0,Mature,
2026-04-13,C061,Google,Law Firm - Enterprise,US,Webinar,AI Productivity,CR008,13,615.64,20791,855,4.117,19,14,2,130795,32075,Mature,
2026-04-14,C061,Google,Law Firm - Enterprise,US,Webinar,AI Productivity,CR008,14,792.67,27221,1069,3.927,22,11,1,133794,34075,Mature,
2026-04-15,C061,Google,Law Firm - Enterprise,US,Webinar,AI Productivity,CR008,15,727.5,24993,870,3.483,12,8,1,130517,32093,Mature,
2026-04-16,C061,Google,Law Firm - Enterprise,US,Webinar,AI Productivity,CR008,16,546.73,16395,711,4.338,14,9,1,58851,17138,Mature,
2026-04-17,C061,Google,Law Firm - Enterprise,US,Webinar,AI Productivity,CR008,17,701.09,22838,971,4.254,14,9,1,135330,40110,Mature,
2026-04-18,C061,Google,Law Firm - Enterprise,US,Webinar,AI Productivity,CR008,18,425.2,13927,571,4.103,8,6,1,70713,19085,Mature,
2026-04-19,C061,Google,Law Firm - Enterprise,US,Webinar,AI Productivity,CR008,19,490.78,16746,683,4.082,14,10,1,92142,23763,Mature,
2026-04-20,C061,Google,Law Firm - Enterprise,US,Webinar,AI Productivity,CR008,20,801.23,25196,1160,4.605,16,10,1,107520,24765,Mature,
2026-04-21,C061,Google,Law Firm - Enterprise,US,Webinar,AI Productivity,CR008,21,588.15,17061,686,4.022,11,6,1,59363,18471,Mature,
2026-04-22,C061,Google,Law Firm - Enterprise,US,Webinar,AI Productivity,CR008,22,789.45,25585,941,3.678,14,10,1,96234,25281,Mature,
2026-04-23,C061,Google,Law Firm - Enterprise,US,Webinar,AI Productivity,CR008,23,629.04,19071,856,4.489,15,7,1,112596,27424,Mature,
2026-04-24,C061,Google,Law Firm - Enterprise,US,Webinar,AI Productivity,CR008,24,700.43,21130,740,3.503,14,10,1,107455,36136,Mature,
2026-04-25,C061,Google,Law Firm - Enterprise,US,Webinar,AI Productivity,CR008,25,483.0,16281,591,3.636,10,7,1,76191,19193,Mature,
2026-04-26,C061,Google,Law Firm - Enterprise,US,Webinar,AI Productivity,CR008,26,420.3,12772,562,4.406,8,4,0,0,0,Mature,
2026-04-27,C061,Google,Law Firm - Enterprise,US,Webinar,AI Productivity,CR008,27,628.66,21366,786,3.682,14,7,1,42301,12386,Mature,
2026-04-28,C061,Google,Law Firm - Enterprise,US,Webinar,AI Productivity,CR008,28,614.99,17378,688,3.959,11,8,0,0,0,Mature,
2026-04-29,C061,Google,Law Firm - Enterprise,US,Webinar,AI Productivity,CR008,29,677.47,21255,897,4.224,13,9,1,125756,27919,Mature,
2026-04-30,C061,Google,Law Firm - Enterprise,US,Webinar,AI Productivity,CR008,30,784.71,25053,1126,4.498,21,16,2,98393,24078,Mature,
2026-05-01,C061,Google,Law Firm - Enterprise,US,Webinar,AI Productivity,CR008,31,671.57,20365,846,4.159,15,10,1,114953,34684,Mature,
2026-05-02,C061,Google,Law Firm - Enterprise,US,Webinar,AI Productivity,CR008,32,517.74,14790,622,4.212,13,9,1,115897,39011,Mature,
2026-05-03,C061,Google,Law Firm - Enterprise,US,Webinar,AI Productivity,CR008,33,471.53,16014,544,3.398,8,5,0,0,0,Mature,
2026-05-04,C061,Google,Law Firm - Enterprise,US,Webinar,AI Productivity,CR008,34,730.24,24049,1024,4.259,19,14,3,133861,38512,Mature,
2026-02-14,C062,LinkedIn,In-House - Mid-Market,DACH,Demo,Speed,CR030,1,758.94,12006,150,1.257,0,0,0,0,0,Mature,
2026-02-15,C062,LinkedIn,In-House - Mid-Market,DACH,Demo,Speed,CR030,2,914.85,14359,161,1.123,0,0,0,0,0,Mature,
2026-02-16,C062,LinkedIn,In-House - Mid-Market,DACH,Demo,Speed,CR030,3,1399.95,21736,229,1.058,1,0,0,0,0,Mature,
2026-02-17,C062,LinkedIn,In-House - Mid-Market,DACH,Demo,Speed,CR030,4,1559.02,22258,214,0.963,1,0,0,0,0,Mature,
2026-02-18,C062,LinkedIn,In-House - Mid-Market,DACH,Demo,Speed,CR030,5,1317.12,18530,210,1.139,1,0,0,0,0,Mature,
2026-02-19,C062,LinkedIn,In-House - Mid-Market,DACH,Demo,Speed,CR030,6,1341.86,20486,243,1.186,1,0,0,0,0,Mature,
2026-02-20,C062,LinkedIn,In-House - Mid-Market,DACH,Demo,Speed,CR030,7,1619.13,22383,245,1.096,1,0,0,0,0,Mature,
2026-02-21,C062,LinkedIn,In-House - Mid-Market,DACH,Demo,Speed,CR030,8,719.76,10317,136,1.325,0,0,0,0,0,Mature,
2026-02-22,C062,LinkedIn,In-House - Mid-Market,DACH,Demo,Speed,CR030,9,944.31,12806,157,1.232,0,0,0,0,0,Mature,
2026-02-23,C062,LinkedIn,In-House - Mid-Market,DACH,Demo,Speed,CR030,10,1581.48,21088,249,1.185,1,0,0,0,0,Mature,
2026-02-24,C062,LinkedIn,In-House - Mid-Market,DACH,Demo,Speed,CR030,11,1129.48,15744,200,1.275,1,0,0,0,0,Mature,
2026-02-25,C062,LinkedIn,In-House - Mid-Market,DACH,Demo,Speed,CR030,12,1359.88,19815,184,0.932,1,0,0,0,0,Mature,
2026-02-26,C062,LinkedIn,In-House - Mid-Market,DACH,Demo,Speed,CR030,13,1220.51,17002,217,1.28,1,0,0,0,0,Mature,
2026-02-27,C062,LinkedIn,In-House - Mid-Market,DACH,Demo,Speed,CR030,14,1507.15,21330,219,1.031,1,0,0,0,0,Mature,
2026-02-28,C062,LinkedIn,In-House - Mid-Market,DACH,Demo,Speed,CR030,15,1001.5,13576,138,1.018,0,0,0,0,0,Mature,
2026-03-01,C062,LinkedIn,In-House - Mid-Market,DACH,Demo,Speed,CR030,16,765.41,10516,112,1.067,0,0,0,0,0,Mature,
2026-03-02,C062,LinkedIn,In-House - Mid-Market,DACH,Demo,Speed,CR030,17,1389.76,21804,212,0.976,1,0,0,0,0,Mature,
2026-03-03,C062,LinkedIn,In-House - Mid-Market,DACH,Demo,Speed,CR030,18,1609.34,22248,286,1.288,1,0,0,0,0,Mature,
2026-03-04,C062,LinkedIn,In-House - Mid-Market,DACH,Demo,Speed,CR030,19,1357.36,20672,263,1.276,1,0,0,0,0,Mature,
2026-03-05,C062,LinkedIn,In-House - Mid-Market,DACH,Demo,Speed,CR030,20,1302.78,17359,228,1.316,1,0,0,0,0,Mature,
2026-03-06,C062,LinkedIn,In-House - Mid-Market,DACH,Demo,Speed,CR030,21,1272.1,18254,217,1.191,1,0,0,0,0,Mature,
2026-03-07,C062,LinkedIn,In-House - Mid-Market,DACH,Demo,Speed,CR030,22,704.95,10384,131,1.265,0,0,0,0,0,Mature,
2026-03-08,C062,LinkedIn,In-House - Mid-Market,DACH,Demo,Speed,CR030,23,751.71,10467,126,1.212,0,0,0,0,0,Mature,
2026-03-09,C062,LinkedIn,In-House - Mid-Market,DACH,Demo,Speed,CR030,24,1553.45,24481,227,0.93,1,0,0,0,0,Mature,
2026-03-10,C062,LinkedIn,In-House - Mid-Market,DACH,Demo,Speed,CR030,25,1558.27,22794,232,1.018,1,0,0,0,0,Mature,
2026-03-11,C062,LinkedIn,In-House - Mid-Market,DACH,Demo,Speed,CR030,26,1113.26,17047,165,0.969,1,0,0,0,0,Mature,
2026-03-12,C062,LinkedIn,In-House - Mid-Market,DACH,Demo,Speed,CR030,27,1600.72,22766,288,1.265,1,0,0,0,0,Mature,
2026-03-13,C062,LinkedIn,In-House - Mid-Market,DACH,Demo,Speed,CR030,28,1083.67,14923,166,1.117,0,0,0,0,0,Mature,
2026-03-14,C062,LinkedIn,In-House - Mid-Market,DACH,Demo,Speed,CR030,29,1051.4,16809,182,1.085,0,0,0,0,0,Mature,
2026-03-15,C062,LinkedIn,In-House - Mid-Market,DACH,Demo,Speed,CR030,30,1018.27,16034,168,1.053,0,0,0,0,0,Mature,
2026-03-16,C062,LinkedIn,In-House - Mid-Market,DACH,Demo,Speed,CR030,31,1578.46,21179,224,1.06,1,0,0,0,0,Mature,
2026-03-17,C062,LinkedIn,In-House - Mid-Market,DACH,Demo,Speed,CR030,32,1230.42,19535,235,1.204,1,0,0,0,0,Mature,
2026-03-18,C062,LinkedIn,In-House - Mid-Market,DACH,Demo,Speed,CR030,33,1472.36,20687,201,0.975,0,0,0,0,0,Mature,
2026-03-19,C062,LinkedIn,In-House - Mid-Market,DACH,Demo,Speed,CR030,34,1576.5,22062,218,0.992,0,0,0,0,0,Mature,
2026-03-20,C062,LinkedIn,In-House - Mid-Market,DACH,Demo,Speed,CR030,35,1387.59,21609,235,1.088,1,0,0,0,0,Mature,
2026-03-21,C062,LinkedIn,In-House - Mid-Market,DACH,Demo,Speed,CR030,36,869.49,12353,148,1.204,0,0,0,0,0,Mature,
2026-03-22,C062,LinkedIn,In-House - Mid-Market,DACH,Demo,Speed,CR030,37,1016.3,13589,151,1.117,0,0,0,0,0,Mature,
2026-03-23,C062,LinkedIn,In-House - Mid-Market,DACH,Demo,Speed,CR030,38,1109.02,15196,157,1.035,0,0,0,0,0,Mature,
2026-03-24,C062,LinkedIn,In-House - Mid-Market,DACH,Demo,Speed,CR030,39,1306.88,17688,167,0.948,0,0,0,0,0,Mature,
2026-03-25,C062,LinkedIn,In-House - Mid-Market,DACH,Demo,Speed,CR030,40,1114.33,17913,214,1.2,1,0,0,0,0,Mature,
2026-03-26,C062,LinkedIn,In-House - Mid-Market,DACH,Demo,Speed,CR030,41,1483.19,21027,219,1.044,1,0,0,0,0,Mature,
2026-03-27,C062,LinkedIn,In-House - Mid-Market,DACH,Demo,Speed,CR030,42,1224.98,17627,177,1.005,0,0,0,,,Mature,Missing CRM attribution
2026-03-28,C062,LinkedIn,In-House - Mid-Market,DACH,Demo,Speed,CR030,43,726.95,11067,137,1.238,0,0,0,0,0,Mature,
2026-03-29,C062,LinkedIn,In-House - Mid-Market,DACH,Demo,Speed,CR030,44,891.09,12905,118,0.915,0,0,0,0,0,Mature,
2026-03-30,C062,LinkedIn,In-House - Mid-Market,DACH,Demo,Speed,CR030,45,1128.8,16854,177,1.055,0,0,0,0,0,Mature,
2026-03-31,C062,LinkedIn,In-House - Mid-Market,DACH,Demo,Speed,CR030,46,1488.33,21884,256,1.174,1,0,0,0,0,Mature,
2026-04-01,C062,LinkedIn,In-House - Mid-Market,DACH,Demo,Speed,CR030,47,1510.33,20654,228,1.106,1,0,0,0,0,Mature,
2026-04-02,C062,LinkedIn,In-House - Mid-Market,DACH,Demo,Speed,CR030,48,1465.17,23676,276,1.167,2,0,0,0,0,Mature,
2026-04-03,C062,LinkedIn,In-House - Mid-Market,DACH,Demo,Speed,CR030,49,1126.23,14919,163,1.096,0,0,0,0,0,Mature,
2026-04-04,C062,LinkedIn,In-House - Mid-Market,DACH,Demo,Speed,CR030,50,754.56,10876,104,0.96,0,0,0,0,0,Mature,
2026-04-05,C062,LinkedIn,In-House - Mid-Market,DACH,Demo,Speed,CR030,51,718.61,9957,103,1.043,0,0,0,0,0,Mature,
2026-04-06,C062,LinkedIn,In-House - Mid-Market,DACH,Demo,Speed,CR030,52,1457.53,22174,242,1.096,1,0,0,0,0,Mature,
2026-04-07,C062,LinkedIn,In-House - Mid-Market,DACH,Demo,Speed,CR030,53,1129.94,16957,180,1.067,1,0,0,0,0,Mature,
2026-04-08,C062,LinkedIn,In-House - Mid-Market,DACH,Demo,Speed,CR030,54,1261.3,18268,201,1.102,1,0,0,0,0,Mature,
2026-04-09,C062,LinkedIn,In-House - Mid-Market,DACH,Demo,Speed,CR030,55,1604.82,25766,273,1.063,1,0,0,0,0,Mature,
2026-04-10,C062,LinkedIn,In-House - Mid-Market,DACH,Demo,Speed,CR030,56,1213.21,19575,165,0.843,1,0,0,0,0,Mature,
2026-04-11,C062,LinkedIn,In-House - Mid-Market,DACH,Demo,Speed,CR030,57,920.36,12667,122,0.966,0,0,0,0,0,Mature,
2026-04-12,C062,LinkedIn,In-House - Mid-Market,DACH,Demo,Speed,CR030,58,870.41,12311,130,1.06,0,0,0,0,0,Mature,
2026-04-13,C062,LinkedIn,In-House - Mid-Market,DACH,Demo,Speed,CR030,59,1513.96,24480,235,0.962,1,0,0,0,0,Mature,
2026-04-14,C062,LinkedIn,In-House - Mid-Market,DACH,Demo,Speed,CR030,60,1461.52,21439,220,1.027,1,0,0,0,0,Mature,
2026-04-15,C062,LinkedIn,In-House - Mid-Market,DACH,Demo,Speed,CR030,61,1358.82,20767,177,0.854,1,0,0,0,0,Mature,
2026-04-16,C062,LinkedIn,In-House - Mid-Market,DACH,Demo,Speed,CR030,62,1418.86,18826,146,0.78,0,0,0,0,0,Mature,
2026-04-17,C062,LinkedIn,In-House - Mid-Market,DACH,Demo,Speed,CR030,63,1380.87,22121,195,0.882,1,0,0,0,0,Mature,
2026-04-18,C062,LinkedIn,In-House - Mid-Market,DACH,Demo,Speed,CR030,64,816.35,11409,87,0.769,0,0,0,0,0,Mature,
2026-04-19,C062,LinkedIn,In-House - Mid-Market,DACH,Demo,Speed,CR030,65,985.67,14068,126,0.902,0,0,0,0,0,Mature,
2026-04-20,C062,LinkedIn,In-House - Mid-Market,DACH,Demo,Speed,CR030,66,1121.46,16189,110,0.685,0,0,0,0,0,Mature,
2026-04-21,C062,LinkedIn,In-House - Mid-Market,DACH,Demo,Speed,CR030,67,1191.23,17970,161,0.899,0,0,0,0,0,Mature,
2026-04-22,C062,LinkedIn,In-House - Mid-Market,DACH,Demo,Speed,CR030,68,1546.9,21029,135,0.644,0,0,0,0,0,Mature,
2026-04-23,C062,LinkedIn,In-House - Mid-Market,DACH,Demo,Speed,CR030,69,1597.8,22729,170,0.752,1,0,0,0,0,Mature,
2026-03-01,C063,Meta,In-House - Enterprise,US,Content Download,Workflow Automation,CR022,1,131.29,6971,107,1.536,4,1,0,0,0,Mature,
2026-03-02,C063,Meta,In-House - Enterprise,US,Content Download,Workflow Automation,CR022,2,186.81,9526,167,1.756,5,1,0,0,0,Mature,
2026-03-03,C063,Meta,In-House - Enterprise,US,Content Download,Workflow Automation,CR022,3,240.91,13130,222,1.698,6,1,0,0,0,Mature,
2026-03-04,C063,Meta,In-House - Enterprise,US,Content Download,Workflow Automation,CR022,4,190.3,10509,198,1.885,7,1,0,0,0,Mature,
2026-03-05,C063,Meta,In-House - Enterprise,US,Content Download,Workflow Automation,CR022,5,265.36,13333,211,1.585,6,1,0,0,0,Mature,
2026-03-06,C063,Meta,In-House - Enterprise,US,Content Download,Workflow Automation,CR022,6,197.68,10598,171,1.62,7,2,0,0,0,Mature,
2026-03-07,C063,Meta,In-House - Enterprise,US,Content Download,Workflow Automation,CR022,7,124.91,6662,103,1.549,3,1,0,0,0,Mature,
2026-03-08,C063,Meta,In-House - Enterprise,US,Content Download,Workflow Automation,CR022,8,128.64,7293,124,1.708,4,0,0,0,0,Mature,
2026-03-09,C063,Meta,In-House - Enterprise,US,Content Download,Workflow Automation,CR022,9,233.06,12163,203,1.675,7,1,0,0,0,Mature,
2026-03-10,C063,Meta,In-House - Enterprise,US,Content Download,Workflow Automation,CR022,10,251.92,14506,204,1.411,8,1,0,0,0,Mature,
2026-03-11,C063,Meta,In-House - Enterprise,US,Content Download,Workflow Automation,CR022,11,198.8,11283,188,1.667,6,1,0,0,0,Mature,
2026-03-12,C063,Meta,In-House - Enterprise,US,Content Download,Workflow Automation,CR022,12,185.81,10057,162,1.617,4,0,0,0,0,Mature,
2026-03-13,C063,Meta,In-House - Enterprise,US,Content Download,Workflow Automation,CR022,13,247.54,11978,203,1.696,7,2,0,0,0,Mature,
2026-03-14,C063,Meta,In-House - Enterprise,US,Content Download,Workflow Automation,CR022,14,159.19,8819,157,1.79,4,0,0,0,0,Mature,
2026-03-15,C063,Meta,In-House - Enterprise,US,Content Download,Workflow Automation,CR022,15,124.28,6745,94,1.395,3,0,0,0,0,Mature,
2026-03-16,C063,Meta,In-House - Enterprise,US,Content Download,Workflow Automation,CR022,16,259.17,14864,271,1.825,9,2,0,0,0,Mature,
2026-03-17,C063,Meta,In-House - Enterprise,US,Content Download,Workflow Automation,CR022,17,200.68,10893,194,1.786,6,1,0,0,0,Mature,
2026-03-18,C063,Meta,In-House - Enterprise,US,Content Download,Workflow Automation,CR022,18,201.99,11452,187,1.636,7,2,0,0,0,Mature,
2026-03-19,C063,Meta,In-House - Enterprise,US,Content Download,Workflow Automation,CR022,19,197.0,9528,169,1.775,4,0,0,0,0,Mature,
2026-03-20,C063,Meta,In-House - Enterprise,US,Content Download,Workflow Automation,CR022,20,185.46,9235,168,1.827,4,0,0,0,0,Mature,
2026-03-21,C063,Meta,In-House - Enterprise,US,Content Download,Workflow Automation,CR022,21,155.32,8169,148,1.812,5,1,0,0,0,Mature,
2026-03-22,C063,Meta,In-House - Enterprise,US,Content Download,Workflow Automation,CR022,22,131.48,6811,120,1.776,3,0,0,0,0,Mature,
2026-03-23,C063,Meta,In-House - Enterprise,US,Content Download,Workflow Automation,CR022,23,193.27,9860,186,1.887,5,1,0,0,0,Mature,
2026-01-07,C064,Google,Law Firm - Mid-Market,US,Webinar,ROI,CR002,1,1078.32,31881,1124,3.526,19,10,2,142670,32566,Mature,
2026-01-08,C064,Google,Law Firm - Mid-Market,US,Webinar,ROI,CR002,2,751.98,23279,738,3.171,16,11,2,68946,21524,Mature,
2026-01-09,C064,Google,Law Firm - Mid-Market,US,Webinar,ROI,CR002,3,830.43,27458,890,3.244,15,8,1,80676,22966,Mature,
2026-01-10,C064,Google,Law Firm - Mid-Market,US,Webinar,ROI,CR002,4,577.99,18944,581,3.069,9,4,0,0,0,Mature,
2026-01-11,C064,Google,Law Firm - Mid-Market,US,Webinar,ROI,CR002,5,563.91,16922,520,3.074,8,5,0,0,0,Mature,
2026-01-12,C064,Google,Law Firm - Mid-Market,US,Webinar,ROI,CR002,6,842.17,25524,1067,4.181,16,11,2,176499,58532,Mature,
2026-01-13,C064,Google,Law Firm - Mid-Market,US,Webinar,ROI,CR002,7,1068.39,33909,1177,3.473,22,12,2,113603,32612,Mature,
2026-01-14,C064,Google,Law Firm - Mid-Market,US,Webinar,ROI,CR002,8,978.58,28943,975,3.369,13,10,1,35145,10461,Mature,
2026-01-15,C064,Google,Law Firm - Mid-Market,US,Webinar,ROI,CR002,9,923.62,27497,1149,4.182,21,16,3,212148,62741,Mature,
2026-01-16,C064,Google,Law Firm - Mid-Market,US,Webinar,ROI,CR002,10,1021.08,31667,1107,3.498,16,12,3,225206,70016,Mature,
2026-01-17,C064,Google,Law Firm - Mid-Market,US,Webinar,ROI,CR002,11,503.41,15164,477,3.151,8,6,1,46928,14626,Mature,
2026-01-18,C064,Google,Law Firm - Mid-Market,US,Webinar,ROI,CR002,12,485.67,15538,616,3.969,10,5,0,0,0,Mature,
2026-01-19,C064,Google,Law Firm - Mid-Market,US,Webinar,ROI,CR002,13,892.51,27474,875,3.188,17,13,2,72144,16146,Mature,
2026-01-20,C064,Google,Law Firm - Mid-Market,US,Webinar,ROI,CR002,14,1066.54,35569,1129,3.176,20,16,3,191101,62457,Mature,
2026-01-21,C064,Google,Law Firm - Mid-Market,US,Webinar,ROI,CR002,15,946.31,30389,994,3.273,14,11,2,156813,45557,Mature,
2026-01-22,C064,Google,Law Firm - Mid-Market,US,Webinar,ROI,CR002,16,842.32,25842,1030,3.989,19,11,2,59490,15034,Mature,
2026-01-23,C064,Google,Law Firm - Mid-Market,US,Webinar,ROI,CR002,17,866.72,25234,927,3.678,16,12,2,63409,19018,Mature,
2026-01-24,C064,Google,Law Firm - Mid-Market,US,Webinar,ROI,CR002,18,543.92,17697,643,3.635,11,8,2,193128,51513,Mature,
2026-01-25,C064,Google,Law Firm - Mid-Market,US,Webinar,ROI,CR002,19,550.58,15611,604,3.874,9,6,1,28799,7938,Mature,
2026-01-26,C064,Google,Law Firm - Mid-Market,US,Webinar,ROI,CR002,20,895.9,30476,1109,3.641,18,13,2,65487,19709,Mature,
2026-01-27,C064,Google,Law Firm - Mid-Market,US,Webinar,ROI,CR002,21,767.25,22761,807,3.548,17,10,2,150680,46929,Mature,
2026-01-28,C064,Google,Law Firm - Mid-Market,US,Webinar,ROI,CR002,22,1008.53,28674,1017,3.548,20,10,1,41661,10552,Mature,
2026-01-29,C064,Google,Law Firm - Mid-Market,US,Webinar,ROI,CR002,23,920.01,30205,1146,3.797,17,9,2,205377,56540,Mature,
2026-01-30,C064,Google,Law Firm - Mid-Market,US,Webinar,ROI,CR002,24,886.58,25513,873,3.422,13,10,2,126485,34180,Mature,
2026-01-31,C064,Google,Law Firm - Mid-Market,US,Webinar,ROI,CR002,25,488.43,16428,620,3.778,12,9,1,42537,10678,Mature,
2026-02-01,C064,Google,Law Firm - Mid-Market,US,Webinar,ROI,CR002,26,545.12,16164,498,3.084,9,5,1,80158,22234,Mature,
2026-02-02,C064,Google,Law Firm - Mid-Market,US,Webinar,ROI,CR002,27,764.69,25679,1066,4.152,16,9,2,190494,55794,Mature,
2026-02-03,C064,Google,Law Firm - Mid-Market,US,Webinar,ROI,CR002,28,1077.22,36380,1099,3.023,15,11,1,38940,12605,Mature,
2026-02-04,C064,Google,Law Firm - Mid-Market,US,Webinar,ROI,CR002,29,741.7,21572,813,3.773,17,11,2,127030,40217,Mature,
2026-02-05,C064,Google,Law Firm - Mid-Market,US,Webinar,ROI,CR002,30,775.48,23099,931,4.031,13,7,1,61714,17678,Mature,
2026-02-06,C064,Google,Law Firm - Mid-Market,US,Webinar,ROI,CR002,31,930.28,31691,1148,3.624,24,15,2,140231,45197,Mature,
2026-02-07,C064,Google,Law Firm - Mid-Market,US,Webinar,ROI,CR002,32,660.86,20699,772,3.734,16,10,2,125554,35581,Mature,
2026-02-08,C064,Google,Law Firm - Mid-Market,US,Webinar,ROI,CR002,33,494.39,16290,511,3.137,10,6,1,64304,20766,Mature,
2026-02-09,C064,Google,Law Firm - Mid-Market,US,Webinar,ROI,CR002,34,982.03,32945,981,2.979,19,12,2,78484,25209,Mature,
2026-02-10,C064,Google,Law Firm - Mid-Market,US,Webinar,ROI,CR002,35,985.26,30103,1227,4.077,18,12,1,59254,18895,Mature,
2026-02-11,C064,Google,Law Firm - Mid-Market,US,Webinar,ROI,CR002,36,742.53,22504,820,3.648,11,8,2,191326,48251,Mature,
2026-02-12,C064,Google,Law Firm - Mid-Market,US,Webinar,ROI,CR002,37,837.52,28490,908,3.19,15,10,1,63709,14381,Mature,
2026-02-13,C064,Google,Law Firm - Mid-Market,US,Webinar,ROI,CR002,38,915.31,25889,1070,4.136,17,8,1,75364,21223,Mature,
2026-02-14,C064,Google,Law Firm - Mid-Market,US,Webinar,ROI,CR002,39,533.84,17796,610,3.432,8,5,0,0,0,Mature,
2026-02-15,C064,Google,Law Firm - Mid-Market,US,Webinar,ROI,CR002,40,482.13,15499,635,4.097,10,8,1,34155,11290,Mature,
2026-02-16,C064,Google,Law Firm - Mid-Market,US,Webinar,ROI,CR002,41,1001.83,28945,1196,4.133,25,18,2,117676,37139,Mature,
2026-02-17,C064,Google,Law Firm - Mid-Market,US,Webinar,ROI,CR002,42,824.01,24649,1025,4.162,17,11,2,139316,32883,Mature,
2026-02-18,C064,Google,Law Firm - Mid-Market,US,Webinar,ROI,CR002,43,855.05,26655,866,3.25,15,8,1,65507,14483,Mature,
2026-02-19,C064,Google,Law Firm - Mid-Market,US,Webinar,ROI,CR002,44,982.72,32271,1126,3.49,21,11,2,187096,48236,Mature,
2026-02-20,C064,Google,Law Firm - Mid-Market,US,Webinar,ROI,CR002,45,928.39,29472,1012,3.434,15,8,1,86889,22184,Mature,
2026-02-21,C064,Google,Law Firm - Mid-Market,US,Webinar,ROI,CR002,46,625.35,18340,699,3.816,11,8,1,56824,17337,Mature,
2026-02-22,C064,Google,Law Firm - Mid-Market,US,Webinar,ROI,CR002,47,661.77,21274,633,2.979,12,7,1,96057,24165,Mature,
2026-02-23,C064,Google,Law Firm - Mid-Market,US,Webinar,ROI,CR002,48,853.96,27662,1084,3.919,21,11,2,197868,46941,Mature,
2026-02-24,C064,Google,Law Firm - Mid-Market,US,Webinar,ROI,CR002,49,989.05,33425,1061,3.176,14,7,1,50843,13918,Mature,
2026-02-25,C064,Google,Law Firm - Mid-Market,US,Webinar,ROI,CR002,50,940.4,32100,1135,3.537,23,17,3,99138,30541,Mature,
2026-02-26,C064,Google,Law Firm - Mid-Market,US,Webinar,ROI,CR002,51,917.87,29523,1085,3.677,19,15,3,137566,40823,Mature,
2026-02-27,C064,Google,Law Firm - Mid-Market,US,Webinar,ROI,CR002,52,986.51,33254,1198,3.603,23,14,2,88717,25308,Mature,
2026-04-18,C065,LinkedIn,In-House - Enterprise,DACH,Demo,AI Productivity,CR010,1,484.5,6704,65,0.982,0,0,0,0,0,Mature,
2026-04-19,C065,LinkedIn,In-House - Enterprise,DACH,Demo,AI Productivity,CR010,2,401.46,5654,57,1.025,0,0,0,0,0,Mature,
2026-04-20,C065,LinkedIn,In-House - Enterprise,DACH,Demo,AI Productivity,CR010,3,726.77,10384,127,1.223,0,0,0,0,0,Mature,
2026-04-21,C065,LinkedIn,In-House - Enterprise,DACH,Demo,AI Productivity,CR010,4,692.73,9221,118,1.288,0,0,0,0,0,Mature,
2026-04-22,C065,LinkedIn,In-House - Enterprise,DACH,Demo,AI Productivity,CR010,5,720.42,10336,120,1.167,0,0,0,0,0,Mature,
2026-04-23,C065,LinkedIn,In-House - Enterprise,DACH,Demo,AI Productivity,CR010,6,583.92,9440,110,1.172,0,0,0,0,0,Mature,
2026-04-24,C065,LinkedIn,In-House - Enterprise,DACH,Demo,AI Productivity,CR010,7,753.06,11651,148,1.276,0,0,0,0,0,Mature,
2026-04-25,C065,LinkedIn,In-House - Enterprise,DACH,Demo,AI Productivity,CR010,8,430.42,6780,86,1.277,0,0,0,0,0,Mature,
2026-04-26,C065,LinkedIn,In-House - Enterprise,DACH,Demo,AI Productivity,CR010,9,388.64,5751,79,1.382,0,0,0,0,0,Mature,
2026-04-27,C065,LinkedIn,In-House - Enterprise,DACH,Demo,AI Productivity,CR010,10,708.96,10178,140,1.378,0,0,0,0,0,Mature,
2026-04-28,C065,LinkedIn,In-House - Enterprise,DACH,Demo,AI Productivity,CR010,11,783.31,11997,122,1.022,0,0,0,0,0,Mature,
2026-04-29,C065,LinkedIn,In-House - Enterprise,DACH,Demo,AI Productivity,CR010,12,796.67,11780,140,1.191,0,0,0,0,0,Mature,
2026-04-30,C065,LinkedIn,In-House - Enterprise,DACH,Demo,AI Productivity,CR010,13,640.43,8607,111,1.292,0,0,0,0,0,Mature,
2026-05-01,C065,LinkedIn,In-House - Enterprise,DACH,Demo,AI Productivity,CR010,14,714.61,10395,103,0.993,0,0,0,0,0,Mature,
2026-05-02,C065,LinkedIn,In-House - Enterprise,DACH,Demo,AI Productivity,CR010,15,520.83,7839,85,1.092,0,0,0,0,0,Mature,
2026-05-03,C065,LinkedIn,In-House - Enterprise,DACH,Demo,AI Productivity,CR010,16,497.49,7612,97,1.287,0,0,0,0,0,Mature,
2026-05-04,C065,LinkedIn,In-House - Enterprise,DACH,Demo,AI Productivity,CR010,17,785.8,11279,142,1.268,1,0,0,0,0,Mature,
2026-05-05,C065,LinkedIn,In-House - Enterprise,DACH,Demo,AI Productivity,CR010,18,646.07,9841,131,1.337,0,0,0,0,0,Mature,
2026-05-06,C065,LinkedIn,In-House - Enterprise,DACH,Demo,AI Productivity,CR010,19,789.67,11990,164,1.375,0,0,0,0,0,Mature,
2026-05-07,C065,LinkedIn,In-House - Enterprise,DACH,Demo,AI Productivity,CR010,20,809.22,12259,141,1.158,0,0,0,0,0,Mature,
2026-05-08,C065,LinkedIn,In-House - Enterprise,DACH,Demo,AI Productivity,CR010,21,558.79,7554,98,1.299,0,0,0,0,0,Mature,
2026-05-09,C065,LinkedIn,In-House - Enterprise,DACH,Demo,AI Productivity,CR010,22,497.91,6938,73,1.063,0,0,0,0,0,Mature,
2026-05-10,C065,LinkedIn,In-House - Enterprise,DACH,Demo,AI Productivity,CR010,23,462.82,7177,80,1.126,0,0,0,0,0,Mature,
2026-05-11,C065,LinkedIn,In-House - Enterprise,DACH,Demo,AI Productivity,CR010,24,571.16,8147,102,1.254,0,0,0,0,0,Mature,
2026-05-12,C065,LinkedIn,In-House - Enterprise,DACH,Demo,AI Productivity,CR010,25,761.58,10892,146,1.346,0,0,0,0,0,Mature,
2026-05-13,C065,LinkedIn,In-House - Enterprise,DACH,Demo,AI Productivity,CR010,26,680.59,10716,135,1.263,0,0,0,0,0,Mature,
2026-05-14,C065,LinkedIn,In-House - Enterprise,DACH,Demo,AI Productivity,CR010,27,678.46,10596,116,1.101,0,0,0,0,0,Mature,
2026-05-15,C065,LinkedIn,In-House - Enterprise,DACH,Demo,AI Productivity,CR010,28,621.47,8907,115,1.298,0,0,0,0,0,Mature,
2026-05-16,C065,LinkedIn,In-House - Enterprise,DACH,Demo,AI Productivity,CR010,29,458.38,6329,84,1.334,0,0,0,0,0,Mature,
2026-05-17,C065,LinkedIn,In-House - Enterprise,DACH,Demo,AI Productivity,CR010,30,360.18,5534,58,1.064,0,0,0,0,0,Mature,
2026-05-18,C065,LinkedIn,In-House - Enterprise,DACH,Demo,AI Productivity,CR010,31,774.09,10505,145,1.384,0,0,0,0,0,Mature,
2026-05-19,C065,LinkedIn,In-House - Enterprise,DACH,Demo,AI Productivity,CR010,32,729.23,11160,122,1.096,0,0,0,0,0,Mature,
2026-05-20,C065,LinkedIn,In-House - Enterprise,DACH,Demo,AI Productivity,CR010,33,605.41,9533,123,1.296,0,0,0,0,0,Mature,
2026-05-21,C065,LinkedIn,In-House - Enterprise,DACH,Demo,AI Productivity,CR010,34,612.26,9150,110,1.204,0,0,0,0,0,Mature,
2026-05-22,C065,LinkedIn,In-House - Enterprise,DACH,Demo,AI Productivity,CR010,35,763.21,11638,114,0.982,0,0,0,0,0,Mature,
2026-05-23,C065,LinkedIn,In-House - Enterprise,DACH,Demo,AI Productivity,CR010,36,505.22,7220,86,1.2,0,0,0,0,0,Mature,
2026-05-24,C065,LinkedIn,In-House - Enterprise,DACH,Demo,AI Productivity,CR010,37,409.25,6146,65,1.058,0,0,0,0,0,Mature,
2026-05-25,C065,LinkedIn,In-House - Enterprise,DACH,Demo,AI Productivity,CR010,38,552.11,8881,117,1.328,0,0,0,0,0,Mature,
2026-05-26,C065,LinkedIn,In-House - Enterprise,DACH,Demo,AI Productivity,CR010,39,678.35,10538,130,1.236,0,0,0,0,0,Mature,
2026-05-27,C065,LinkedIn,In-House - Enterprise,DACH,Demo,AI Productivity,CR010,40,685.77,9901,111,1.127,0,0,0,0,0,Mature,
2026-05-28,C065,LinkedIn,In-House - Enterprise,DACH,Demo,AI Productivity,CR010,41,639.22,9923,132,1.335,0,0,0,0,0,Mature,
2026-05-29,C065,LinkedIn,In-House - Enterprise,DACH,Demo,AI Productivity,CR010,42,707.31,10071,102,1.02,0,0,0,0,0,Mature,
2026-05-30,C065,LinkedIn,In-House - Enterprise,DACH,Demo,AI Productivity,CR010,43,369.52,5724,76,1.339,0,0,0,0,0,Mature,
2026-05-31,C065,LinkedIn,In-House - Enterprise,DACH,Demo,AI Productivity,CR010,44,428.35,5912,61,1.047,0,0,0,0,0,Mature,
2026-06-01,C065,LinkedIn,In-House - Enterprise,DACH,Demo,AI Productivity,CR010,45,733.28,10196,99,0.971,0,0,0,0,0,Mature,
2026-06-02,C065,LinkedIn,In-House - Enterprise,DACH,Demo,AI Productivity,CR010,46,800.26,11041,128,1.167,0,0,0,0,0,Mature,
2026-06-03,C065,LinkedIn,In-House - Enterprise,DACH,Demo,AI Productivity,CR010,47,712.93,9447,87,0.923,0,0,0,0,0,Mature,
2026-06-04,C065,LinkedIn,In-House - Enterprise,DACH,Demo,AI Productivity,CR010,48,672.85,10456,105,1.011,0,0,0,0,0,Mature,
2026-06-05,C065,LinkedIn,In-House - Enterprise,DACH,Demo,AI Productivity,CR010,49,739.04,11811,107,0.91,0,0,0,0,0,Mature,
2026-06-06,C065,LinkedIn,In-House - Enterprise,DACH,Demo,AI Productivity,CR010,50,362.27,4899,55,1.137,0,0,0,0,0,Mature,
2026-06-07,C065,LinkedIn,In-House - Enterprise,DACH,Demo,AI Productivity,CR010,51,374.93,5070,56,1.115,0,0,0,0,0,Mature,
2026-06-08,C065,LinkedIn,In-House - Enterprise,DACH,Demo,AI Productivity,CR010,52,567.41,7931,83,1.05,0,0,0,0,0,Mature,
2026-06-09,C065,LinkedIn,In-House - Enterprise,DACH,Demo,AI Productivity,CR010,53,662.92,10083,96,0.956,0,0,0,0,0,Mature,
2026-06-10,C065,LinkedIn,In-House - Enterprise,DACH,Demo,AI Productivity,CR010,54,622.57,8691,90,1.043,0,0,0,0,0,Mature,
2026-06-11,C065,LinkedIn,In-House - Enterprise,DACH,Demo,AI Productivity,CR010,55,559.2,8346,80,0.959,0,0,0,0,0,Mature,
2026-06-12,C065,LinkedIn,In-House - Enterprise,DACH,Demo,AI Productivity,CR010,56,763.2,10665,89,0.842,0,0,0,0,0,Mature,
2026-06-13,C065,LinkedIn,In-House - Enterprise,DACH,Demo,AI Productivity,CR010,57,375.84,5664,45,0.8,0,0,0,0,0,Mature,
2026-06-14,C065,LinkedIn,In-House - Enterprise,DACH,Demo,AI Productivity,CR010,58,427.32,6610,61,0.929,0,0,0,0,0,Mature,
2026-06-15,C065,LinkedIn,In-House - Enterprise,DACH,Demo,AI Productivity,CR010,59,700.2,10468,111,1.068,0,0,0,0,0,Mature,
2026-06-16,C065,LinkedIn,In-House - Enterprise,DACH,Demo,AI Productivity,CR010,60,809.32,10805,89,0.827,0,0,0,0,0,Mature,
2026-03-01,C066,Meta,In-House - Enterprise,US,Content Download,Security,CR026,1,285.31,14398,200,1.391,5,1,0,0,0,Mature,
2026-03-02,C066,Meta,In-House - Enterprise,US,Content Download,Security,CR026,2,449.06,23336,312,1.339,12,2,0,0,0,Mature,
2026-03-03,C066,Meta,In-House - Enterprise,US,Content Download,Security,CR026,3,360.56,19114,289,1.516,11,4,0,0,0,Mature,
2026-03-04,C066,Meta,In-House - Enterprise,US,Content Download,Security,CR026,4,385.72,19118,329,1.722,11,3,0,0,0,Mature,
2026-03-05,C066,Meta,In-House - Enterprise,US,Content Download,Security,CR026,5,536.84,28472,461,1.622,18,4,0,0,0,Mature,
2026-03-06,C066,Meta,In-House - Enterprise,US,Content Download,Security,CR026,6,511.99,28862,366,1.269,13,3,0,0,0,Mature,
2026-03-07,C066,Meta,In-House - Enterprise,US,Content Download,Security,CR026,7,281.77,15424,267,1.734,7,1,0,0,0,Mature,
2026-03-08,C066,Meta,In-House - Enterprise,US,Content Download,Security,CR026,8,335.5,16596,266,1.607,9,3,0,0,0,Mature,
2026-03-09,C066,Meta,In-House - Enterprise,US,Content Download,Security,CR026,9,411.43,21587,341,1.581,12,3,0,0,0,Mature,
2026-03-10,C066,Meta,In-House - Enterprise,US,Content Download,Security,CR026,10,439.82,24475,353,1.446,14,4,0,0,0,Mature,
2026-03-11,C066,Meta,In-House - Enterprise,US,Content Download,Security,CR026,11,371.83,20108,296,1.475,9,2,0,0,0,Mature,
2026-03-12,C066,Meta,In-House - Enterprise,US,Content Download,Security,CR026,12,497.8,25041,420,1.68,17,3,0,0,0,Mature,
2026-03-13,C066,Meta,In-House - Enterprise,US,Content Download,Security,CR026,13,360.65,19356,275,1.425,8,2,0,0,0,Mature,
2026-03-14,C066,Meta,In-House - Enterprise,US,Content Download,Security,CR026,14,323.0,18062,318,1.764,9,2,0,,,Mature,Missing CRM attribution
2026-03-15,C066,Meta,In-House - Enterprise,US,Content Download,Security,CR026,15,319.41,16258,256,1.578,7,2,0,0,0,Mature,
2026-03-16,C066,Meta,In-House - Enterprise,US,Content Download,Security,CR026,16,489.28,24318,349,1.439,13,3,0,0,0,Mature,
2026-03-17,C066,Meta,In-House - Enterprise,US,Content Download,Security,CR026,17,458.35,23382,399,1.708,15,5,0,0,0,Mature,
2026-03-18,C066,Meta,In-House - Enterprise,US,Content Download,Security,CR026,18,495.55,28469,398,1.4,15,3,0,0,0,Mature,
2026-03-19,C066,Meta,In-House - Enterprise,US,Content Download,Security,CR026,19,512.82,25229,407,1.616,14,5,0,0,0,Mature,
2026-03-20,C066,Meta,In-House - Enterprise,US,Content Download,Security,CR026,20,464.75,22642,346,1.532,14,3,0,0,0,Mature,
2026-03-21,C066,Meta,In-House - Enterprise,US,Content Download,Security,CR026,21,319.6,16489,205,1.249,5,1,0,0,0,Mature,
2026-03-22,C066,Meta,In-House - Enterprise,US,Content Download,Security,CR026,22,345.77,17849,276,1.55,8,1,0,0,0,Mature,
2026-03-23,C066,Meta,In-House - Enterprise,US,Content Download,Security,CR026,23,457.33,24467,381,1.561,11,2,0,0,0,Mature,
2026-03-24,C066,Meta,In-House - Enterprise,US,Content Download,Security,CR026,24,424.47,21898,311,1.423,11,3,0,0,0,Mature,
2026-03-25,C066,Meta,In-House - Enterprise,US,Content Download,Security,CR026,25,502.69,25976,390,1.504,11,3,0,0,0,Mature,
2026-03-26,C066,Meta,In-House - Enterprise,US,Content Download,Security,CR026,26,375.69,18154,260,1.437,8,1,0,0,0,Mature,
2026-03-27,C066,Meta,In-House - Enterprise,US,Content Download,Security,CR026,27,539.78,29486,519,1.763,17,4,0,0,0,Mature,
2026-03-28,C066,Meta,In-House - Enterprise,US,Content Download,Security,CR026,28,308.7,14775,202,1.368,6,2,0,0,0,Mature,
2026-03-29,C066,Meta,In-House - Enterprise,US,Content Download,Security,CR026,29,299.35,16989,234,1.379,7,1,0,0,0,Mature,
2026-03-30,C066,Meta,In-House - Enterprise,US,Content Download,Security,CR026,30,461.61,25407,422,1.661,13,3,0,0,0,Mature,
2026-03-31,C066,Meta,In-House - Enterprise,US,Content Download,Security,CR026,31,400.8,19692,243,1.235,8,2,0,0,0,Mature,
2026-04-01,C066,Meta,In-House - Enterprise,US,Content Download,Security,CR026,32,391.56,18555,290,1.568,12,2,0,0,0,Mature,
2026-04-02,C066,Meta,In-House - Enterprise,US,Content Download,Security,CR026,33,441.74,24244,371,1.53,13,3,0,0,0,Mature,
2026-04-03,C066,Meta,In-House - Enterprise,US,Content Download,Security,CR026,34,425.56,23721,331,1.399,11,2,0,0,0,Mature,
2026-04-04,C066,Meta,In-House - Enterprise,US,Content Download,Security,CR026,35,284.25,14795,208,1.407,8,1,0,0,0,Mature,
2026-04-05,C066,Meta,In-House - Enterprise,US,Content Download,Security,CR026,36,340.18,18384,324,1.764,11,3,0,0,0,Mature,
2026-04-06,C066,Meta,In-House - Enterprise,US,Content Download,Security,CR026,37,487.17,27137,424,1.564,16,4,0,0,0,Mature,
2026-04-07,C066,Meta,In-House - Enterprise,US,Content Download,Security,CR026,38,469.54,22680,346,1.529,14,4,0,0,0,Mature,
2026-04-08,C066,Meta,In-House - Enterprise,US,Content Download,Security,CR026,39,420.43,24183,403,1.668,16,5,0,0,0,Mature,
2026-04-09,C066,Meta,In-House - Enterprise,US,Content Download,Security,CR026,40,446.93,22331,362,1.623,15,4,0,0,0,Mature,
2026-04-10,C066,Meta,In-House - Enterprise,US,Content Download,Security,CR026,41,457.8,21706,323,1.491,12,2,0,0,0,Mature,
2026-04-11,C066,Meta,In-House - Enterprise,US,Content Download,Security,CR026,42,293.23,15378,194,1.266,8,1,0,0,0,Mature,
2026-04-12,C066,Meta,In-House - Enterprise,US,Content Download,Security,CR026,43,237.9,13593,204,1.505,6,2,0,0,0,Mature,
2026-04-13,C066,Meta,In-House - Enterprise,US,Content Download,Security,CR026,44,388.42,22334,368,1.649,14,4,0,0,0,Mature,
2026-04-14,C066,Meta,In-House - Enterprise,US,Content Download,Security,CR026,45,490.95,24073,309,1.285,9,2,0,0,0,Mature,
2026-04-15,C066,Meta,In-House - Enterprise,US,Content Download,Security,CR026,46,474.79,25585,376,1.471,15,4,0,0,0,Mature,
2026-04-16,C066,Meta,In-House - Enterprise,US,Content Download,Security,CR026,47,379.02,20658,292,1.416,10,3,0,0,0,Mature,
2026-04-17,C066,Meta,In-House - Enterprise,US,Content Download,Security,CR026,48,459.99,24961,389,1.559,11,3,0,0,0,Mature,
2026-04-18,C066,Meta,In-House - Enterprise,US,Content Download,Security,CR026,49,335.94,18500,256,1.389,9,3,0,0,0,Mature,
2026-04-19,C066,Meta,In-House - Enterprise,US,Content Download,Security,CR026,50,265.05,13274,164,1.24,4,1,0,0,0,Mature,
2026-04-20,C066,Meta,In-House - Enterprise,US,Content Download,Security,CR026,51,415.6,23800,261,1.098,8,2,0,0,0,Mature,
2026-04-21,C066,Meta,In-House - Enterprise,US,Content Download,Security,CR026,52,477.52,27094,365,1.347,15,5,0,0,0,Mature,
2026-04-22,C066,Meta,In-House - Enterprise,US,Content Download,Security,CR026,53,533.2,28381,351,1.237,10,3,0,0,0,Mature,
2026-04-23,C066,Meta,In-House - Enterprise,US,Content Download,Security,CR026,54,435.56,21802,256,1.177,8,2,0,0,0,Mature,
2026-04-24,C066,Meta,In-House - Enterprise,US,Content Download,Security,CR026,55,415.89,21009,282,1.345,7,1,0,0,0,Mature,
2026-04-25,C066,Meta,In-House - Enterprise,US,Content Download,Security,CR026,56,273.97,14487,170,1.175,4,0,0,0,0,Mature,
2026-04-26,C066,Meta,In-House - Enterprise,US,Content Download,Security,CR026,57,348.16,19204,253,1.32,9,3,0,0,0,Mature,
2026-04-27,C066,Meta,In-House - Enterprise,US,Content Download,Security,CR026,58,379.1,21206,241,1.137,10,3,0,0,0,Mature,
2026-04-28,C066,Meta,In-House - Enterprise,US,Content Download,Security,CR026,59,536.88,29246,286,0.98,9,2,0,0,0,Mature,
2026-04-29,C066,Meta,In-House - Enterprise,US,Content Download,Security,CR026,60,515.26,27929,368,1.319,10,3,0,0,0,Mature,
2026-04-30,C066,Meta,In-House - Enterprise,US,Content Download,Security,CR026,61,399.85,22415,258,1.155,7,2,0,0,0,Mature,
2026-05-01,C066,Meta,In-House - Enterprise,US,Content Download,Security,CR026,62,444.38,23486,260,1.109,9,2,0,0,0,Mature,
2026-05-02,C066,Meta,In-House - Enterprise,US,Content Download,Security,CR026,63,267.51,13566,154,1.14,4,1,0,0,0,Mature,
2026-05-03,C066,Meta,In-House - Enterprise,US,Content Download,Security,CR026,64,306.35,16990,210,1.237,6,2,0,0,0,Mature,
2026-05-15,C067,Google,Law Firm - Enterprise,US,Demo,Customer Proof,CR015,1,538.31,17723,670,3.785,3,1,0,0,0,Mature,
2026-05-16,C067,Google,Law Firm - Enterprise,US,Demo,Customer Proof,CR015,2,277.89,9539,376,3.944,2,1,0,0,0,Mature,
2026-05-17,C067,Google,Law Firm - Enterprise,US,Demo,Customer Proof,CR015,3,344.91,10165,313,3.084,1,0,0,0,0,Mature,
2026-05-18,C067,Google,Law Firm - Enterprise,US,Demo,Customer Proof,CR015,4,454.04,14780,499,3.381,3,2,0,0,0,Mature,
2026-05-19,C067,Google,Law Firm - Enterprise,US,Demo,Customer Proof,CR015,5,422.59,13217,462,3.498,3,2,0,0,0,Mature,
2026-05-20,C067,Google,Law Firm - Enterprise,US,Demo,Customer Proof,CR015,6,422.4,13469,382,2.839,2,1,0,0,0,Mature,
2026-05-21,C067,Google,Law Firm - Enterprise,US,Demo,Customer Proof,CR015,7,379.82,11250,343,3.054,2,1,0,0,0,Mature,
2026-05-22,C067,Google,Law Firm - Enterprise,US,Demo,Customer Proof,CR015,8,485.36,15933,473,2.972,3,1,0,0,0,Mature,
2026-05-23,C067,Google,Law Firm - Enterprise,US,Demo,Customer Proof,CR015,9,261.08,7394,244,3.307,1,0,0,0,0,Mature,
2026-05-24,C067,Google,Law Firm - Enterprise,US,Demo,Customer Proof,CR015,10,257.53,8548,261,3.058,1,0,0,,,Mature,Missing CRM attribution
2026-05-25,C067,Google,Law Firm - Enterprise,US,Demo,Customer Proof,CR015,11,464.8,14551,477,3.28,3,2,0,0,0,Mature,
2026-05-26,C067,Google,Law Firm - Enterprise,US,Demo,Customer Proof,CR015,12,444.95,13686,427,3.122,3,1,0,0,0,Mature,
2026-05-27,C067,Google,Law Firm - Enterprise,US,Demo,Customer Proof,CR015,13,473.71,13674,532,3.895,2,1,0,0,0,Mature,
2026-05-28,C067,Google,Law Firm - Enterprise,US,Demo,Customer Proof,CR015,14,361.4,12143,336,2.773,1,0,0,0,0,Mature,
2026-05-29,C067,Google,Law Firm - Enterprise,US,Demo,Customer Proof,CR015,15,510.35,15147,513,3.388,3,1,0,0,0,Mature,
2026-05-30,C067,Google,Law Firm - Enterprise,US,Demo,Customer Proof,CR015,16,281.54,9220,320,3.471,1,0,0,0,0,Mature,
2026-05-31,C067,Google,Law Firm - Enterprise,US,Demo,Customer Proof,CR015,17,342.37,10157,289,2.849,1,0,0,0,0,Mature,
2026-06-01,C067,Google,Law Firm - Enterprise,US,Demo,Customer Proof,CR015,18,525.05,16975,491,2.897,3,1,0,0,0,Mature,
2026-06-02,C067,Google,Law Firm - Enterprise,US,Demo,Customer Proof,CR015,19,441.81,13782,463,3.365,2,1,0,0,0,Mature,
2026-06-03,C067,Google,Law Firm - Enterprise,US,Demo,Customer Proof,CR015,20,510.52,14647,406,2.776,2,1,0,0,0,Mature,
2026-06-04,C067,Google,Law Firm - Enterprise,US,Demo,Customer Proof,CR015,21,433.51,13172,425,3.232,2,1,0,0,0,Mature,
2026-06-05,C067,Google,Law Firm - Enterprise,US,Demo,Customer Proof,CR015,22,476.34,14089,454,3.223,2,1,0,0,0,Mature,
2026-06-06,C067,Google,Law Firm - Enterprise,US,Demo,Customer Proof,CR015,23,276.52,8872,263,2.971,1,0,0,0,0,Mature,
2026-06-07,C067,Google,Law Firm - Enterprise,US,Demo,Customer Proof,CR015,24,347.29,11561,457,3.956,2,1,0,0,0,Mature,
2026-06-08,C067,Google,Law Firm - Enterprise,US,Demo,Customer Proof,CR015,25,472.89,15774,523,3.316,2,1,0,0,0,Mature,
2026-06-09,C067,Google,Law Firm - Enterprise,US,Demo,Customer Proof,CR015,26,485.21,13847,469,3.393,2,1,0,0,0,Mature,
2026-06-10,C067,Google,Law Firm - Enterprise,US,Demo,Customer Proof,CR015,27,491.54,15663,434,2.776,2,1,0,0,0,Mature,
2026-06-11,C067,Google,Law Firm - Enterprise,US,Demo,Customer Proof,CR015,28,423.83,13798,446,3.238,2,1,0,0,0,Mature,
2026-06-12,C067,Google,Law Firm - Enterprise,US,Demo,Customer Proof,CR015,29,536.66,16470,611,3.715,3,2,0,0,0,Mature,
2026-06-13,C067,Google,Law Firm - Enterprise,US,Demo,Customer Proof,CR015,30,240.96,7954,230,2.895,1,0,0,0,0,Mature,
2026-06-14,C067,Google,Law Firm - Enterprise,US,Demo,Customer Proof,CR015,31,247.51,7266,205,2.822,1,0,0,0,0,Mature,
2026-06-15,C067,Google,Law Firm - Enterprise,US,Demo,Customer Proof,CR015,32,520.18,15992,499,3.125,2,1,0,0,0,Mature,
2026-06-16,C067,Google,Law Firm - Enterprise,US,Demo,Customer Proof,CR015,33,405.14,13522,524,3.88,3,2,0,0,0,Mature,
2026-06-17,C067,Google,Law Firm - Enterprise,US,Demo,Customer Proof,CR015,34,475.23,13684,520,3.801,3,0,0,0,0,Immature,
2026-06-18,C067,Google,Law Firm - Enterprise,US,Demo,Customer Proof,CR015,35,468.33,15048,563,3.743,3,0,0,0,0,Immature,
2026-06-19,C067,Google,Law Firm - Enterprise,US,Demo,Customer Proof,CR015,36,436.83,14877,573,3.856,4,0,0,0,0,Immature,
2026-06-20,C067,Google,Law Firm - Enterprise,US,Demo,Customer Proof,CR015,37,245.18,8168,248,3.045,1,0,0,0,0,Immature,
2026-06-21,C067,Google,Law Firm - Enterprise,US,Demo,Customer Proof,CR015,38,250.18,7410,292,3.945,1,0,0,0,0,Immature,
2026-06-22,C067,Google,Law Firm - Enterprise,US,Demo,Customer Proof,CR015,39,442.34,14436,399,2.77,2,1,0,0,0,Immature,
2026-06-23,C067,Google,Law Firm - Enterprise,US,Demo,Customer Proof,CR015,40,429.23,13176,518,3.934,2,0,0,0,0,Immature,
2026-06-24,C067,Google,Law Firm - Enterprise,US,Demo,Customer Proof,CR015,41,495.53,16820,518,3.085,3,0,0,0,0,Immature,
2026-06-25,C067,Google,Law Firm - Enterprise,US,Demo,Customer Proof,CR015,42,458.33,13070,470,3.598,3,0,0,0,0,Immature,
2026-06-26,C067,Google,Law Firm - Enterprise,US,Demo,Customer Proof,CR015,43,452.9,14111,410,2.907,2,0,0,0,0,Immature,
2026-06-27,C067,Google,Law Firm - Enterprise,US,Demo,Customer Proof,CR015,44,268.72,8062,225,2.802,1,0,0,0,0,Immature,
2026-06-28,C067,Google,Law Firm - Enterprise,US,Demo,Customer Proof,CR015,45,327.07,9661,276,2.866,1,0,0,0,0,Immature,
2026-06-29,C067,Google,Law Firm - Enterprise,US,Demo,Customer Proof,CR015,46,370.54,12730,429,3.374,3,0,0,0,0,Immature,
2026-06-30,C067,Google,Law Firm - Enterprise,US,Demo,Customer Proof,CR015,47,370.5,11188,335,3.001,1,0,0,0,0,Immature,
2026-01-25,C068,LinkedIn,Law Firm - Enterprise,US,Content Download,Workflow Automation,CR020,1,514.54,7241,73,1.016,2,0,0,0,0,Mature,
2026-01-26,C068,LinkedIn,Law Firm - Enterprise,US,Content Download,Workflow Automation,CR020,2,761.46,11837,139,1.176,4,2,0,0,0,Mature,
2026-01-27,C068,LinkedIn,Law Firm - Enterprise,US,Content Download,Workflow Automation,CR020,3,721.04,10808,105,0.972,3,1,0,0,0,Mature,
2026-01-28,C068,LinkedIn,Law Firm - Enterprise,US,Content Download,Workflow Automation,CR020,4,745.8,11471,106,0.93,3,1,0,0,0,Mature,
2026-01-29,C068,LinkedIn,Law Firm - Enterprise,US,Content Download,Workflow Automation,CR020,5,680.74,10547,111,1.053,3,1,0,0,0,Mature,
2026-01-30,C068,LinkedIn,Law Firm - Enterprise,US,Content Download,Workflow Automation,CR020,6,799.9,12669,133,1.057,3,1,0,0,0,Mature,
2026-01-31,C068,LinkedIn,Law Firm - Enterprise,US,Content Download,Workflow Automation,CR020,7,429.6,6249,70,1.123,2,1,0,0,0,Mature,
2026-02-01,C068,LinkedIn,Law Firm - Enterprise,US,Content Download,Workflow Automation,CR020,8,392.77,5787,67,1.174,1,0,0,0,0,Mature,
2026-02-02,C068,LinkedIn,Law Firm - Enterprise,US,Content Download,Workflow Automation,CR020,9,597.0,8331,102,1.232,3,1,0,0,0,Mature,
2026-02-03,C068,LinkedIn,Law Firm - Enterprise,US,Content Download,Workflow Automation,CR020,10,586.84,9290,83,0.898,2,1,0,0,0,Mature,
2026-02-04,C068,LinkedIn,Law Firm - Enterprise,US,Content Download,Workflow Automation,CR020,11,541.47,7516,79,1.056,2,0,0,0,0,Mature,
2026-02-05,C068,LinkedIn,Law Firm - Enterprise,US,Content Download,Workflow Automation,CR020,12,599.56,9135,91,0.998,2,0,0,0,0,Mature,
2026-02-06,C068,LinkedIn,Law Firm - Enterprise,US,Content Download,Workflow Automation,CR020,13,540.54,8647,82,0.96,1,0,0,0,0,Mature,
2026-02-07,C068,LinkedIn,Law Firm - Enterprise,US,Content Download,Workflow Automation,CR020,14,449.44,6372,63,0.989,2,0,0,0,0,Mature,
2026-02-08,C068,LinkedIn,Law Firm - Enterprise,US,Content Download,Workflow Automation,CR020,15,480.58,7455,87,1.169,2,1,0,0,0,Mature,
2026-02-09,C068,LinkedIn,Law Firm - Enterprise,US,Content Download,Workflow Automation,CR020,16,682.47,9105,87,0.965,2,1,0,0,0,Mature,
2026-02-10,C068,LinkedIn,Law Firm - Enterprise,US,Content Download,Workflow Automation,CR020,17,776.81,12083,121,1.005,3,1,0,0,0,Mature,
2026-02-11,C068,LinkedIn,Law Firm - Enterprise,US,Content Download,Workflow Automation,CR020,18,775.38,11892,130,1.098,4,2,0,0,0,Mature,
2026-02-12,C068,LinkedIn,Law Firm - Enterprise,US,Content Download,Workflow Automation,CR020,19,607.08,8179,71,0.874,1,0,0,0,0,Mature,
2026-02-13,C068,LinkedIn,Law Firm - Enterprise,US,Content Download,Workflow Automation,CR020,20,559.77,8322,90,1.088,2,1,0,0,0,Mature,
2026-02-14,C068,LinkedIn,Law Firm - Enterprise,US,Content Download,Workflow Automation,CR020,21,442.98,6898,76,1.112,1,0,0,0,0,Mature,
2026-02-15,C068,LinkedIn,Law Firm - Enterprise,US,Content Download,Workflow Automation,CR020,22,419.58,6305,70,1.114,2,1,0,0,0,Mature,
2026-02-16,C068,LinkedIn,Law Firm - Enterprise,US,Content Download,Workflow Automation,CR020,23,687.4,9410,107,1.142,3,1,0,0,0,Mature,
2026-02-17,C068,LinkedIn,Law Firm - Enterprise,US,Content Download,Workflow Automation,CR020,24,767.26,10476,94,0.9,3,1,0,0,0,Mature,
2026-02-10,C069,Meta,Law Firm - Enterprise,US,Webinar,AI Productivity,CR007,1,1284.69,66090,1475,2.233,35,8,1,88441,29682,Mature,
2026-02-11,C069,Meta,Law Firm - Enterprise,US,Webinar,AI Productivity,CR007,2,1297.0,72601,1588,2.188,41,12,1,113375,38405,Mature,
2026-02-12,C069,Meta,Law Firm - Enterprise,US,Webinar,AI Productivity,CR007,3,1211.21,69242,1509,2.18,29,9,1,91020,22514,Mature,
2026-02-13,C069,Meta,Law Firm - Enterprise,US,Webinar,AI Productivity,CR007,4,1135.15,62857,990,1.576,20,6,1,41289,11217,Mature,
2026-02-14,C069,Meta,Law Firm - Enterprise,US,Webinar,AI Productivity,CR007,5,1019.9,54089,902,1.668,15,5,0,0,0,Mature,
2026-02-15,C069,Meta,Law Firm - Enterprise,US,Webinar,AI Productivity,CR007,6,993.71,53500,1151,2.152,23,7,1,119044,39669,Mature,
2026-02-16,C069,Meta,Law Firm - Enterprise,US,Webinar,AI Productivity,CR007,7,1381.91,68522,1100,1.606,24,8,0,0,0,Mature,
2026-02-17,C069,Meta,Law Firm - Enterprise,US,Webinar,AI Productivity,CR007,8,1559.2,77226,1698,2.2,41,13,1,91639,26451,Mature,
2026-02-18,C069,Meta,Law Firm - Enterprise,US,Webinar,AI Productivity,CR007,9,1112.3,61622,1308,2.123,24,7,0,0,0,Mature,
2026-02-19,C069,Meta,Law Firm - Enterprise,US,Webinar,AI Productivity,CR007,10,1500.71,76869,1648,2.145,29,7,0,0,0,Mature,
2026-02-20,C069,Meta,Law Firm - Enterprise,US,Webinar,AI Productivity,CR007,11,1510.58,86205,1479,1.717,29,8,0,0,0,Mature,
2026-02-21,C069,Meta,Law Firm - Enterprise,US,Webinar,AI Productivity,CR007,12,1001.89,49816,1054,2.118,20,5,0,0,0,Mature,
2026-02-22,C069,Meta,Law Firm - Enterprise,US,Webinar,AI Productivity,CR007,13,1043.61,53501,1169,2.185,24,6,1,102648,27905,Mature,
2026-02-23,C069,Meta,Law Firm - Enterprise,US,Webinar,AI Productivity,CR007,14,1588.13,87926,1919,2.183,50,13,2,121253,39007,Mature,
2026-02-24,C069,Meta,Law Firm - Enterprise,US,Webinar,AI Productivity,CR007,15,1485.1,75266,1550,2.06,34,9,1,64216,16649,Mature,
2026-02-25,C069,Meta,Law Firm - Enterprise,US,Webinar,AI Productivity,CR007,16,1344.3,67225,1416,2.108,27,7,1,88192,29835,Mature,
2026-02-26,C069,Meta,Law Firm - Enterprise,US,Webinar,AI Productivity,CR007,17,1173.39,61150,956,1.564,17,5,0,0,0,Mature,
2026-02-27,C069,Meta,Law Firm - Enterprise,US,Webinar,AI Productivity,CR007,18,1358.72,67773,1392,2.055,34,8,1,41815,11457,Mature,
2026-02-28,C069,Meta,Law Firm - Enterprise,US,Webinar,AI Productivity,CR007,19,853.95,43879,759,1.73,14,4,0,0,0,Mature,
2026-03-01,C069,Meta,Law Firm - Enterprise,US,Webinar,AI Productivity,CR007,20,880.5,45874,887,1.934,18,6,1,85806,23014,Mature,
2026-03-02,C069,Meta,Law Firm - Enterprise,US,Webinar,AI Productivity,CR007,21,1107.4,63923,1170,1.831,32,8,1,57226,18364,Mature,
2026-03-03,C069,Meta,Law Firm - Enterprise,US,Webinar,AI Productivity,CR007,22,1553.24,80911,1718,2.124,31,7,1,103691,22973,Mature,
2026-03-04,C069,Meta,Law Firm - Enterprise,US,Webinar,AI Productivity,CR007,23,1330.94,73864,1353,1.832,31,8,1,71854,16350,Mature,
2026-03-05,C069,Meta,Law Firm - Enterprise,US,Webinar,AI Productivity,CR007,24,1608.41,80331,1292,1.609,29,10,1,55416,14757,Mature,
2026-03-06,C069,Meta,Law Firm - Enterprise,US,Webinar,AI Productivity,CR007,25,1564.97,89102,1593,1.788,28,9,1,72827,23534,Mature,
2026-03-07,C069,Meta,Law Firm - Enterprise,US,Webinar,AI Productivity,CR007,26,1035.95,57725,1051,1.821,24,6,0,0,0,Mature,
2026-03-08,C069,Meta,Law Firm - Enterprise,US,Webinar,AI Productivity,CR007,27,926.71,45448,766,1.686,21,5,0,0,0,Mature,
2026-03-09,C069,Meta,Law Firm - Enterprise,US,Webinar,AI Productivity,CR007,28,1093.32,56939,929,1.632,19,5,0,0,0,Mature,
2026-03-10,C069,Meta,Law Firm - Enterprise,US,Webinar,AI Productivity,CR007,29,1568.35,79659,1409,1.769,24,7,0,0,0,Mature,
2026-03-11,C069,Meta,Law Firm - Enterprise,US,Webinar,AI Productivity,CR007,30,1586.87,87880,1432,1.63,31,9,1,152726,38293,Mature,
2026-03-12,C069,Meta,Law Firm - Enterprise,US,Webinar,AI Productivity,CR007,31,1343.52,66563,1418,2.131,36,8,0,0,0,Mature,
2026-03-13,C069,Meta,Law Firm - Enterprise,US,Webinar,AI Productivity,CR007,32,1229.74,64158,1143,1.782,28,9,1,121492,34422,Mature,
2026-03-14,C069,Meta,Law Firm - Enterprise,US,Webinar,AI Productivity,CR007,33,921.29,49267,825,1.675,21,6,0,0,0,Mature,
2026-03-15,C069,Meta,Law Firm - Enterprise,US,Webinar,AI Productivity,CR007,34,905.04,45986,843,1.833,14,4,0,0,0,Mature,
2026-03-16,C069,Meta,Law Firm - Enterprise,US,Webinar,AI Productivity,CR007,35,1613.51,90756,1691,1.864,35,8,1,57854,15115,Mature,
2026-03-17,C069,Meta,Law Firm - Enterprise,US,Webinar,AI Productivity,CR007,36,1348.18,72542,1445,1.992,31,10,1,61303,18057,Mature,
2026-03-18,C069,Meta,Law Firm - Enterprise,US,Webinar,AI Productivity,CR007,37,1116.24,63265,1340,2.119,23,6,0,0,0,Mature,
2026-03-19,C069,Meta,Law Firm - Enterprise,US,Webinar,AI Productivity,CR007,38,1286.55,62341,1036,1.663,25,6,1,48037,15999,Mature,
2026-03-20,C069,Meta,Law Firm - Enterprise,US,Webinar,AI Productivity,CR007,39,1126.07,59578,1201,2.016,30,8,1,140298,40846,Mature,
2026-03-21,C069,Meta,Law Firm - Enterprise,US,Webinar,AI Productivity,CR007,40,878.82,43356,765,1.766,16,4,0,0,0,Mature,
2026-03-22,C069,Meta,Law Firm - Enterprise,US,Webinar,AI Productivity,CR007,41,767.33,40016,840,2.101,19,6,1,93290,23902,Mature,
2026-03-23,C069,Meta,Law Firm - Enterprise,US,Webinar,AI Productivity,CR007,42,1332.55,71648,1498,2.091,28,8,1,112076,25294,Mature,
2026-03-24,C069,Meta,Law Firm - Enterprise,US,Webinar,AI Productivity,CR007,43,1101.18,59617,1119,1.878,23,8,1,143475,32109,Mature,
2026-03-25,C069,Meta,Law Firm - Enterprise,US,Webinar,AI Productivity,CR007,44,1096.16,62401,1328,2.129,25,7,0,0,0,Mature,
2026-03-26,C069,Meta,Law Firm - Enterprise,US,Webinar,AI Productivity,CR007,45,1240.62,61169,1243,2.034,30,6,1,114982,28608,Mature,
2026-03-27,C069,Meta,Law Firm - Enterprise,US,Webinar,AI Productivity,CR007,46,1398.98,78846,1490,1.891,34,12,2,104192,27931,Mature,
2026-03-28,C069,Meta,Law Firm - Enterprise,US,Webinar,AI Productivity,CR007,47,786.77,38793,707,1.823,17,5,0,0,0,Mature,
2026-03-29,C069,Meta,Law Firm - Enterprise,US,Webinar,AI Productivity,CR007,48,790.05,45350,769,1.696,14,5,0,0,0,Mature,
2026-03-30,C069,Meta,Law Firm - Enterprise,US,Webinar,AI Productivity,CR007,49,1313.39,67385,1088,1.616,27,9,1,,,Mature,Missing CRM attribution
2026-03-31,C069,Meta,Law Firm - Enterprise,US,Webinar,AI Productivity,CR007,50,1305.72,63679,901,1.416,17,3,0,0,0,Mature,
2026-04-01,C069,Meta,Law Firm - Enterprise,US,Webinar,AI Productivity,CR007,51,1130.02,61376,978,1.594,20,4,0,0,0,Mature,
2026-04-02,C069,Meta,Law Firm - Enterprise,US,Webinar,AI Productivity,CR007,52,1577.72,83195,1539,1.851,36,11,1,148755,37003,Mature,
2026-04-03,C069,Meta,Law Firm - Enterprise,US,Webinar,AI Productivity,CR007,53,1240.03,70095,1040,1.485,22,5,0,,,Mature,Missing CRM attribution
2026-04-04,C069,Meta,Law Firm - Enterprise,US,Webinar,AI Productivity,CR007,54,873.43,41562,752,1.81,16,4,0,0,0,Mature,
2026-04-05,C069,Meta,Law Firm - Enterprise,US,Webinar,AI Productivity,CR007,55,975.03,50337,904,1.797,23,8,0,0,0,Mature,
2026-04-06,C069,Meta,Law Firm - Enterprise,US,Webinar,AI Productivity,CR007,56,1297.97,63083,1102,1.747,23,5,0,0,0,Mature,
2026-04-07,C069,Meta,Law Firm - Enterprise,US,Webinar,AI Productivity,CR007,57,1226.29,60663,1019,1.68,27,8,1,44916,15220,Mature,
2026-04-08,C069,Meta,Law Firm - Enterprise,US,Webinar,AI Productivity,CR007,58,1549.43,79990,1344,1.681,32,9,1,111560,33673,Mature,
2026-04-09,C069,Meta,Law Firm - Enterprise,US,Webinar,AI Productivity,CR007,59,1585.76,79835,1383,1.733,26,6,0,0,0,Mature,
2026-04-10,C069,Meta,Law Firm - Enterprise,US,Webinar,AI Productivity,CR007,60,1423.22,80222,1394,1.738,28,6,1,65180,16642,Mature,
2026-04-11,C069,Meta,Law Firm - Enterprise,US,Webinar,AI Productivity,CR007,61,841.8,40689,684,1.683,15,5,0,0,0,Mature,
2026-04-12,C069,Meta,Law Firm - Enterprise,US,Webinar,AI Productivity,CR007,62,762.17,40809,685,1.681,14,3,0,0,0,Mature,
2026-04-13,C069,Meta,Law Firm - Enterprise,US,Webinar,AI Productivity,CR007,63,1248.53,69971,1100,1.573,20,4,0,0,0,Mature,
2026-04-10,C070,Google,In-House - Mid-Market,DACH,Demo,Workflow Automation,CR023,1,410.38,12407,356,2.874,2,1,0,0,0,Mature,
2026-04-11,C070,Google,In-House - Mid-Market,DACH,Demo,Workflow Automation,CR023,2,259.32,7540,217,2.888,1,0,0,0,0,Mature,
2026-04-12,C070,Google,In-House - Mid-Market,DACH,Demo,Workflow Automation,CR023,3,312.88,10255,413,4.03,2,0,0,0,0,Mature,
2026-04-13,C070,Google,In-House - Mid-Market,DACH,Demo,Workflow Automation,CR023,4,488.38,15184,497,3.276,3,1,0,0,0,Mature,
2026-04-14,C070,Google,In-House - Mid-Market,DACH,Demo,Workflow Automation,CR023,5,531.88,15823,468,2.958,2,1,0,0,0,Mature,
2026-04-15,C070,Google,In-House - Mid-Market,DACH,Demo,Workflow Automation,CR023,6,387.22,12258,396,3.233,2,1,0,0,0,Mature,
2026-04-16,C070,Google,In-House - Mid-Market,DACH,Demo,Workflow Automation,CR023,7,491.6,16332,657,4.028,3,1,0,0,0,Mature,
2026-04-17,C070,Google,In-House - Mid-Market,DACH,Demo,Workflow Automation,CR023,8,462.23,13230,432,3.273,2,1,0,0,0,Mature,
2026-04-18,C070,Google,In-House - Mid-Market,DACH,Demo,Workflow Automation,CR023,9,318.96,10195,408,4.005,2,1,0,0,0,Mature,
2026-04-19,C070,Google,In-House - Mid-Market,DACH,Demo,Workflow Automation,CR023,10,327.49,10779,401,3.729,2,1,0,0,0,Mature,
2026-04-20,C070,Google,In-House - Mid-Market,DACH,Demo,Workflow Automation,CR023,11,421.97,12446,476,3.828,3,1,0,0,0,Mature,
2026-04-21,C070,Google,In-House - Mid-Market,DACH,Demo,Workflow Automation,CR023,12,471.67,14675,592,4.037,3,1,0,0,0,Mature,
2026-04-22,C070,Google,In-House - Mid-Market,DACH,Demo,Workflow Automation,CR023,13,439.0,13042,471,3.615,3,1,0,0,0,Mature,
2026-04-23,C070,Google,In-House - Mid-Market,DACH,Demo,Workflow Automation,CR023,14,530.12,17934,525,2.93,3,2,0,0,0,Mature,
2026-04-24,C070,Google,In-House - Mid-Market,DACH,Demo,Workflow Automation,CR023,15,449.41,13582,452,3.331,2,1,0,0,0,Mature,
2026-04-25,C070,Google,In-House - Mid-Market,DACH,Demo,Workflow Automation,CR023,16,243.0,8149,316,3.887,1,0,0,0,0,Mature,
2026-04-26,C070,Google,In-House - Mid-Market,DACH,Demo,Workflow Automation,CR023,17,312.9,10283,339,3.301,1,0,0,0,0,Mature,
2026-04-27,C070,Google,In-House - Mid-Market,DACH,Demo,Workflow Automation,CR023,18,387.0,10924,434,3.979,2,1,0,0,0,Mature,
2026-04-28,C070,Google,In-House - Mid-Market,DACH,Demo,Workflow Automation,CR023,19,439.95,14240,524,3.684,2,1,0,0,0,Mature,
2026-04-29,C070,Google,In-House - Mid-Market,DACH,Demo,Workflow Automation,CR023,20,452.0,15166,599,3.952,3,2,0,0,0,Mature,
2026-04-30,C070,Google,In-House - Mid-Market,DACH,Demo,Workflow Automation,CR023,21,392.84,11206,322,2.875,2,1,0,0,0,Mature,
2026-05-01,C070,Google,In-House - Mid-Market,DACH,Demo,Workflow Automation,CR023,22,367.97,12066,373,3.092,2,1,0,0,0,Mature,
2026-05-02,C070,Google,In-House - Mid-Market,DACH,Demo,Workflow Automation,CR023,23,259.35,8053,289,3.601,1,0,0,0,0,Mature,
2026-05-03,C070,Google,In-House - Mid-Market,DACH,Demo,Workflow Automation,CR023,24,330.2,9535,367,3.85,2,1,0,0,0,Mature,
2026-05-04,C070,Google,In-House - Mid-Market,DACH,Demo,Workflow Automation,CR023,25,470.11,13701,470,3.436,3,1,0,0,0,Mature,
2026-05-05,C070,Google,In-House - Mid-Market,DACH,Demo,Workflow Automation,CR023,26,479.98,15491,532,3.436,3,1,0,0,0,Mature,
2026-05-06,C070,Google,In-House - Mid-Market,DACH,Demo,Workflow Automation,CR023,27,495.46,14245,570,4.006,3,1,0,0,0,Mature,
2026-05-07,C070,Google,In-House - Mid-Market,DACH,Demo,Workflow Automation,CR023,28,394.62,11830,443,3.751,2,1,0,0,0,Mature,
2026-05-08,C070,Google,In-House - Mid-Market,DACH,Demo,Workflow Automation,CR023,29,367.69,11103,380,3.43,2,1,0,0,0,Mature,
2026-05-09,C070,Google,In-House - Mid-Market,DACH,Demo,Workflow Automation,CR023,30,254.47,8356,256,3.069,1,0,0,0,0,Mature,
2026-05-10,C070,Google,In-House - Mid-Market,DACH,Demo,Workflow Automation,CR023,31,280.37,8884,311,3.511,2,1,0,0,0,Mature,
2026-05-11,C070,Google,In-House - Mid-Market,DACH,Demo,Workflow Automation,CR023,32,441.06,13353,515,3.859,2,1,0,0,0,Mature,
2026-05-12,C070,Google,In-House - Mid-Market,DACH,Demo,Workflow Automation,CR023,33,513.88,17067,581,3.406,3,1,0,0,0,Mature,
2026-05-13,C070,Google,In-House - Mid-Market,DACH,Demo,Workflow Automation,CR023,34,442.41,12545,375,2.991,1,0,0,0,0,Mature,
2026-05-14,C070,Google,In-House - Mid-Market,DACH,Demo,Workflow Automation,CR023,35,478.55,14667,431,2.941,2,1,0,0,0,Mature,
2026-05-15,C070,Google,In-House - Mid-Market,DACH,Demo,Workflow Automation,CR023,36,422.58,13985,523,3.744,2,1,0,0,0,Mature,
2026-05-16,C070,Google,In-House - Mid-Market,DACH,Demo,Workflow Automation,CR023,37,251.6,8573,322,3.757,2,1,0,0,0,Mature,
2026-05-17,C070,Google,In-House - Mid-Market,DACH,Demo,Workflow Automation,CR023,38,313.36,9991,335,3.361,1,0,0,0,0,Mature,
2026-05-18,C070,Google,In-House - Mid-Market,DACH,Demo,Workflow Automation,CR023,39,387.04,11234,428,3.814,2,1,0,0,0,Mature,
2026-05-19,C070,Google,In-House - Mid-Market,DACH,Demo,Workflow Automation,CR023,40,395.05,12124,463,3.823,3,1,0,0,0,Mature,
2026-05-20,C070,Google,In-House - Mid-Market,DACH,Demo,Workflow Automation,CR023,41,414.03,12573,430,3.422,2,1,0,0,0,Mature,
2026-05-21,C070,Google,In-House - Mid-Market,DACH,Demo,Workflow Automation,CR023,42,465.88,15584,572,3.672,3,1,0,0,0,Mature,
2026-05-22,C070,Google,In-House - Mid-Market,DACH,Demo,Workflow Automation,CR023,43,520.73,17200,691,4.021,4,2,0,0,0,Mature,
2026-05-23,C070,Google,In-House - Mid-Market,DACH,Demo,Workflow Automation,CR023,44,347.15,10401,397,3.822,2,1,0,0,0,Mature,
2026-05-24,C070,Google,In-House - Mid-Market,DACH,Demo,Workflow Automation,CR023,45,287.87,9609,351,3.658,2,0,0,0,0,Mature,
2026-02-06,C071,LinkedIn,In-House - Mid-Market,US,Webinar,AI Productivity,CR011,1,1034.95,16682,172,1.036,2,1,0,0,0,Mature,
2026-02-07,C071,LinkedIn,In-House - Mid-Market,US,Webinar,AI Productivity,CR011,2,557.99,7495,83,1.115,1,0,0,0,0,Mature,
2026-02-08,C071,LinkedIn,In-House - Mid-Market,US,Webinar,AI Productivity,CR011,3,508.5,8040,96,1.197,1,0,0,0,0,Mature,
2026-02-09,C071,LinkedIn,In-House - Mid-Market,US,Webinar,AI Productivity,CR011,4,919.36,13887,169,1.224,2,1,0,0,0,Mature,
2026-02-10,C071,LinkedIn,In-House - Mid-Market,US,Webinar,AI Productivity,CR011,5,930.19,14549,173,1.191,3,1,0,0,0,Mature,
2026-02-11,C071,LinkedIn,In-House - Mid-Market,US,Webinar,AI Productivity,CR011,6,1075.13,17039,194,1.14,3,1,0,0,0,Mature,
2026-02-12,C071,LinkedIn,In-House - Mid-Market,US,Webinar,AI Productivity,CR011,7,758.3,10742,133,1.239,2,1,0,0,0,Mature,
2026-02-13,C071,LinkedIn,In-House - Mid-Market,US,Webinar,AI Productivity,CR011,8,942.87,13433,136,1.015,2,1,0,0,0,Mature,
2026-02-14,C071,LinkedIn,In-House - Mid-Market,US,Webinar,AI Productivity,CR011,9,501.55,6891,72,1.055,1,0,0,0,0,Mature,
2026-02-15,C071,LinkedIn,In-House - Mid-Market,US,Webinar,AI Productivity,CR011,10,601.54,8349,103,1.241,2,0,0,0,0,Mature,
2026-02-16,C071,LinkedIn,In-House - Mid-Market,US,Webinar,AI Productivity,CR011,11,779.76,10982,146,1.333,2,1,0,0,0,Mature,
2026-02-17,C071,LinkedIn,In-House - Mid-Market,US,Webinar,AI Productivity,CR011,12,1038.27,16429,178,1.084,3,1,0,0,0,Mature,
2026-02-18,C071,LinkedIn,In-House - Mid-Market,US,Webinar,AI Productivity,CR011,13,882.0,13615,154,1.137,2,0,0,0,0,Mature,
2026-02-19,C071,LinkedIn,In-House - Mid-Market,US,Webinar,AI Productivity,CR011,14,967.71,12985,143,1.107,2,0,0,0,0,Mature,
2026-02-20,C071,LinkedIn,In-House - Mid-Market,US,Webinar,AI Productivity,CR011,15,755.34,12172,168,1.385,2,1,0,0,0,Mature,
2026-02-21,C071,LinkedIn,In-House - Mid-Market,US,Webinar,AI Productivity,CR011,16,473.54,6341,73,1.155,0,0,0,0,0,Mature,
2026-02-22,C071,LinkedIn,In-House - Mid-Market,US,Webinar,AI Productivity,CR011,17,493.15,7571,83,1.107,1,0,0,0,0,Mature,
2026-02-23,C071,LinkedIn,In-House - Mid-Market,US,Webinar,AI Productivity,CR011,18,1055.3,14127,138,0.978,1,0,0,0,0,Mature,
2026-02-24,C071,LinkedIn,In-House - Mid-Market,US,Webinar,AI Productivity,CR011,19,740.55,11278,125,1.113,2,0,0,0,0,Mature,
2026-02-25,C071,LinkedIn,In-House - Mid-Market,US,Webinar,AI Productivity,CR011,20,1043.1,15390,166,1.08,2,0,0,0,0,Mature,
2026-02-26,C071,LinkedIn,In-House - Mid-Market,US,Webinar,AI Productivity,CR011,21,900.04,12250,127,1.04,2,1,0,0,0,Mature,
2026-02-27,C071,LinkedIn,In-House - Mid-Market,US,Webinar,AI Productivity,CR011,22,736.77,10748,140,1.31,2,1,0,0,0,Mature,
2026-02-28,C071,LinkedIn,In-House - Mid-Market,US,Webinar,AI Productivity,CR011,23,678.2,9951,108,1.093,2,1,0,0,0,Mature,
2026-03-01,C071,LinkedIn,In-House - Mid-Market,US,Webinar,AI Productivity,CR011,24,491.71,7173,91,1.275,1,0,0,0,0,Mature,
2026-03-02,C071,LinkedIn,In-House - Mid-Market,US,Webinar,AI Productivity,CR011,25,755.57,10301,99,0.97,2,0,0,0,0,Mature,
2026-03-03,C071,LinkedIn,In-House - Mid-Market,US,Webinar,AI Productivity,CR011,26,848.75,12235,149,1.222,2,1,0,0,0,Mature,
2026-03-04,C071,LinkedIn,In-House - Mid-Market,US,Webinar,AI Productivity,CR011,27,877.89,12092,165,1.366,3,1,0,0,0,Mature,
2026-03-05,C071,LinkedIn,In-House - Mid-Market,US,Webinar,AI Productivity,CR011,28,1061.69,14144,156,1.105,2,1,0,0,0,Mature,
2026-03-06,C071,LinkedIn,In-House - Mid-Market,US,Webinar,AI Productivity,CR011,29,959.13,15057,194,1.295,3,1,0,0,0,Mature,
2026-05-03,C072,Meta,Law Firm - Mid-Market,UK,Content Download,ROI,CR003,1,215.0,11124,196,1.763,8,2,0,0,0,Mature,
2026-05-04,C072,Meta,Law Firm - Mid-Market,UK,Content Download,ROI,CR003,2,322.41,17051,322,1.893,9,3,0,0,0,Mature,
2026-05-05,C072,Meta,Law Firm - Mid-Market,UK,Content Download,ROI,CR003,3,257.12,13337,206,1.55,7,2,0,0,0,Mature,
2026-05-06,C072,Meta,Law Firm - Mid-Market,UK,Content Download,ROI,CR003,4,324.84,17586,318,1.813,8,1,0,0,0,Mature,
2026-05-07,C072,Meta,Law Firm - Mid-Market,UK,Content Download,ROI,CR003,5,290.47,14458,256,1.775,11,3,0,0,0,Mature,
2026-05-08,C072,Meta,Law Firm - Mid-Market,UK,Content Download,ROI,CR003,6,252.68,13910,244,1.757,9,3,0,0,0,Mature,
2026-05-09,C072,Meta,Law Firm - Mid-Market,UK,Content Download,ROI,CR003,7,174.31,8313,168,2.023,4,1,0,0,0,Mature,
2026-05-10,C072,Meta,Law Firm - Mid-Market,UK,Content Download,ROI,CR003,8,193.44,10419,198,1.905,6,1,0,0,0,Mature,
2026-05-11,C072,Meta,Law Firm - Mid-Market,UK,Content Download,ROI,CR003,9,282.26,13901,242,1.747,10,2,0,0,0,Mature,
2026-05-12,C072,Meta,Law Firm - Mid-Market,UK,Content Download,ROI,CR003,10,349.88,20199,339,1.68,11,3,0,0,0,Mature,
2026-05-13,C072,Meta,Law Firm - Mid-Market,UK,Content Download,ROI,CR003,11,333.96,16947,308,1.819,12,4,0,0,0,Mature,
2026-05-14,C072,Meta,Law Firm - Mid-Market,UK,Content Download,ROI,CR003,12,296.62,16181,249,1.542,7,2,0,0,0,Mature,
2026-05-15,C072,Meta,Law Firm - Mid-Market,UK,Content Download,ROI,CR003,13,294.25,16169,290,1.798,10,3,0,0,0,Mature,
2026-05-16,C072,Meta,Law Firm - Mid-Market,UK,Content Download,ROI,CR003,14,239.38,11617,166,1.437,5,1,0,0,0,Mature,
2026-05-17,C072,Meta,Law Firm - Mid-Market,UK,Content Download,ROI,CR003,15,208.3,11381,177,1.556,7,2,0,0,0,Mature,
2026-05-18,C072,Meta,Law Firm - Mid-Market,UK,Content Download,ROI,CR003,16,367.49,20630,370,1.798,12,4,0,0,0,Mature,
2026-05-19,C072,Meta,Law Firm - Mid-Market,UK,Content Download,ROI,CR003,17,356.58,17905,312,1.743,10,3,0,0,0,Mature,
2026-05-20,C072,Meta,Law Firm - Mid-Market,UK,Content Download,ROI,CR003,18,349.77,17012,324,1.908,12,3,0,0,0,Mature,
2026-05-21,C072,Meta,Law Firm - Mid-Market,UK,Content Download,ROI,CR003,19,285.33,15818,310,1.962,10,3,0,0,0,Mature,
2026-05-22,C072,Meta,Law Firm - Mid-Market,UK,Content Download,ROI,CR003,20,333.96,18846,376,1.997,14,5,0,0,0,Mature,
2026-05-23,C072,Meta,Law Firm - Mid-Market,UK,Content Download,ROI,CR003,21,231.59,12364,251,2.034,8,2,0,0,0,Mature,
2026-05-24,C072,Meta,Law Firm - Mid-Market,UK,Content Download,ROI,CR003,22,242.42,11562,183,1.588,5,1,0,0,0,Mature,
2026-05-25,C072,Meta,Law Firm - Mid-Market,UK,Content Download,ROI,CR003,23,293.15,16580,310,1.874,10,3,0,0,0,Mature,
2026-05-26,C072,Meta,Law Firm - Mid-Market,UK,Content Download,ROI,CR003,24,263.5,14143,260,1.843,9,3,0,0,0,Mature,
2026-05-27,C072,Meta,Law Firm - Mid-Market,UK,Content Download,ROI,CR003,25,343.91,16994,294,1.735,7,2,0,0,0,Mature,
2026-05-28,C072,Meta,Law Firm - Mid-Market,UK,Content Download,ROI,CR003,26,263.42,14468,216,1.498,8,3,0,0,0,Mature,
2026-05-29,C072,Meta,Law Firm - Mid-Market,UK,Content Download,ROI,CR003,27,287.21,13839,233,1.689,7,2,0,0,0,Mature,
2026-05-30,C072,Meta,Law Firm - Mid-Market,UK,Content Download,ROI,CR003,28,196.95,10760,192,1.793,7,2,0,0,0,Mature,
2026-05-31,C072,Meta,Law Firm - Mid-Market,UK,Content Download,ROI,CR003,29,238.49,13189,213,1.618,7,2,0,0,0,Mature,
2026-06-01,C072,Meta,Law Firm - Mid-Market,UK,Content Download,ROI,CR003,30,266.41,13959,241,1.733,9,3,0,0,0,Mature,
2026-06-02,C072,Meta,Law Firm - Mid-Market,UK,Content Download,ROI,CR003,31,268.18,13009,199,1.534,6,2,0,0,0,Mature,
2026-06-03,C072,Meta,Law Firm - Mid-Market,UK,Content Download,ROI,CR003,32,293.87,16006,292,1.828,10,2,0,0,0,Mature,
2026-06-04,C072,Meta,Law Firm - Mid-Market,UK,Content Download,ROI,CR003,33,299.7,17159,272,1.586,11,4,0,0,0,Mature,
2026-06-05,C072,Meta,Law Firm - Mid-Market,UK,Content Download,ROI,CR003,34,257.82,14158,242,1.715,9,2,0,0,0,Mature,
2026-06-06,C072,Meta,Law Firm - Mid-Market,UK,Content Download,ROI,CR003,35,244.8,13847,223,1.611,6,1,0,0,0,Mature,
2026-06-07,C072,Meta,Law Firm - Mid-Market,UK,Content Download,ROI,CR003,36,211.73,11485,177,1.543,7,1,0,0,0,Mature,
2026-06-08,C072,Meta,Law Firm - Mid-Market,UK,Content Download,ROI,CR003,37,330.99,16467,258,1.572,10,3,0,0,0,Mature,
2026-06-09,C072,Meta,Law Firm - Mid-Market,UK,Content Download,ROI,CR003,38,301.5,14666,289,1.973,9,3,0,0,0,Mature,
2026-06-10,C072,Meta,Law Firm - Mid-Market,UK,Content Download,ROI,CR003,39,348.9,16942,345,2.037,11,4,0,0,0,Mature,
2026-06-11,C072,Meta,Law Firm - Mid-Market,UK,Content Download,ROI,CR003,40,263.42,14013,204,1.46,7,1,0,0,0,Mature,
2026-06-12,C072,Meta,Law Firm - Mid-Market,UK,Content Download,ROI,CR003,41,358.45,17437,358,2.055,15,5,0,0,0,Mature,
2026-06-13,C072,Meta,Law Firm - Mid-Market,UK,Content Download,ROI,CR003,42,196.98,10410,214,2.056,8,1,0,0,0,Mature,
2026-06-14,C072,Meta,Law Firm - Mid-Market,UK,Content Download,ROI,CR003,43,198.32,9664,192,1.995,7,2,0,0,0,Mature,
2026-06-15,C072,Meta,Law Firm - Mid-Market,UK,Content Download,ROI,CR003,44,261.17,13979,269,1.927,8,3,0,0,0,Mature,
2026-03-02,C073,Google,Law Firm - Mid-Market,UK,Demo,AI Productivity,CR008,1,451.55,13153,466,3.549,3,2,0,0,0,Mature,
2026-03-03,C073,Google,Law Firm - Mid-Market,UK,Demo,AI Productivity,CR008,2,373.2,11532,449,3.898,2,0,0,0,0,Mature,
2026-03-04,C073,Google,Law Firm - Mid-Market,UK,Demo,AI Productivity,CR008,3,442.39,12910,495,3.841,3,1,0,0,0,Mature,
2026-03-05,C073,Google,Law Firm - Mid-Market,UK,Demo,AI Productivity,CR008,4,481.71,13595,442,3.256,2,0,0,0,0,Mature,
2026-03-06,C073,Google,Law Firm - Mid-Market,UK,Demo,AI Productivity,CR008,5,476.41,15672,554,3.541,3,1,0,0,0,Mature,
2026-03-07,C073,Google,Law Firm - Mid-Market,UK,Demo,AI Productivity,CR008,6,304.8,9891,438,4.434,2,1,0,0,0,Mature,
2026-03-08,C073,Google,Law Firm - Mid-Market,UK,Demo,AI Productivity,CR008,7,237.57,6786,238,3.515,1,0,0,0,0,Mature,
2026-03-09,C073,Google,Law Firm - Mid-Market,UK,Demo,AI Productivity,CR008,8,523.35,15034,618,4.116,3,1,0,0,0,Mature,
2026-03-10,C073,Google,Law Firm - Mid-Market,UK,Demo,AI Productivity,CR008,9,425.57,12331,517,4.195,2,1,0,0,0,Mature,
2026-03-11,C073,Google,Law Firm - Mid-Market,UK,Demo,AI Productivity,CR008,10,400.09,13417,605,4.51,4,1,0,0,0,Mature,
2026-03-12,C073,Google,Law Firm - Mid-Market,UK,Demo,AI Productivity,CR008,11,508.6,16547,611,3.693,3,1,0,0,0,Mature,
2026-03-13,C073,Google,Law Firm - Mid-Market,UK,Demo,AI Productivity,CR008,12,509.7,17125,622,3.634,3,1,0,0,0,Mature,
2026-03-14,C073,Google,Law Firm - Mid-Market,UK,Demo,AI Productivity,CR008,13,313.99,10008,322,3.222,2,1,0,0,0,Mature,
2026-03-15,C073,Google,Law Firm - Mid-Market,UK,Demo,AI Productivity,CR008,14,276.53,9211,313,3.4,2,1,0,0,0,Mature,
2026-03-16,C073,Google,Law Firm - Mid-Market,UK,Demo,AI Productivity,CR008,15,396.68,12956,517,3.998,2,1,0,0,0,Mature,
2026-03-17,C073,Google,Law Firm - Mid-Market,UK,Demo,AI Productivity,CR008,16,528.69,16674,712,4.272,4,2,0,0,0,Mature,
2026-03-18,C073,Google,Law Firm - Mid-Market,UK,Demo,AI Productivity,CR008,17,437.61,14000,626,4.476,3,1,0,0,0,Mature,
2026-03-19,C073,Google,Law Firm - Mid-Market,UK,Demo,AI Productivity,CR008,18,527.44,15428,579,3.758,2,0,0,0,0,Mature,
2026-03-20,C073,Google,Law Firm - Mid-Market,UK,Demo,AI Productivity,CR008,19,533.74,16549,601,3.632,3,1,0,0,0,Mature,
2026-03-21,C073,Google,Law Firm - Mid-Market,UK,Demo,AI Productivity,CR008,20,250.19,7350,327,4.461,1,0,0,0,0,Mature,
2026-03-22,C073,Google,Law Firm - Mid-Market,UK,Demo,AI Productivity,CR008,21,305.75,8816,366,4.158,2,1,0,0,0,Mature,
2026-03-23,C073,Google,Law Firm - Mid-Market,UK,Demo,AI Productivity,CR008,22,511.84,15824,646,4.085,4,2,0,0,0,Mature,
2026-03-24,C073,Google,Law Firm - Mid-Market,UK,Demo,AI Productivity,CR008,23,527.92,17044,566,3.321,4,1,0,0,0,Mature,
2026-03-25,C073,Google,Law Firm - Mid-Market,UK,Demo,AI Productivity,CR008,24,384.54,11825,383,3.241,2,1,0,0,0,Mature,
2026-03-26,C073,Google,Law Firm - Mid-Market,UK,Demo,AI Productivity,CR008,25,414.8,13963,553,3.965,3,1,0,0,0,Mature,
2026-03-27,C073,Google,Law Firm - Mid-Market,UK,Demo,AI Productivity,CR008,26,440.73,13501,486,3.601,3,1,0,0,0,Mature,
2026-03-28,C073,Google,Law Firm - Mid-Market,UK,Demo,AI Productivity,CR008,27,243.99,7726,311,4.029,2,1,0,0,0,Mature,
2026-03-29,C073,Google,Law Firm - Mid-Market,UK,Demo,AI Productivity,CR008,28,262.46,8253,350,4.245,2,1,0,0,0,Mature,
2026-01-13,C074,LinkedIn,Law Firm - Enterprise,DACH,Webinar,Speed,CR027,1,371.28,5692,74,1.317,1,0,0,0,0,Mature,
2026-01-14,C074,LinkedIn,Law Firm - Enterprise,DACH,Webinar,Speed,CR027,2,295.72,4461,53,1.191,1,0,0,0,0,Mature,
2026-01-15,C074,LinkedIn,Law Firm - Enterprise,DACH,Webinar,Speed,CR027,3,332.22,4547,56,1.249,0,0,0,0,0,Mature,
2026-01-16,C074,LinkedIn,Law Firm - Enterprise,DACH,Webinar,Speed,CR027,4,323.62,4918,52,1.07,0,0,0,0,0,Mature,
2026-01-17,C074,LinkedIn,Law Firm - Enterprise,DACH,Webinar,Speed,CR027,5,233.84,3637,37,1.04,0,0,0,0,0,Mature,
2026-01-18,C074,LinkedIn,Law Firm - Enterprise,DACH,Webinar,Speed,CR027,6,200.22,3161,42,1.338,0,0,0,0,0,Mature,
2026-01-19,C074,LinkedIn,Law Firm - Enterprise,DACH,Webinar,Speed,CR027,7,370.8,5888,77,1.316,1,0,0,0,0,Mature,
2026-01-20,C074,LinkedIn,Law Firm - Enterprise,DACH,Webinar,Speed,CR027,8,260.57,3985,51,1.302,0,0,0,0,0,Mature,
2026-01-21,C074,LinkedIn,Law Firm - Enterprise,DACH,Webinar,Speed,CR027,9,276.2,3891,44,1.136,0,0,0,0,0,Mature,
2026-01-22,C074,LinkedIn,Law Firm - Enterprise,DACH,Webinar,Speed,CR027,10,370.4,5568,71,1.281,1,0,0,0,0,Mature,
2026-01-23,C074,LinkedIn,Law Firm - Enterprise,DACH,Webinar,Speed,CR027,11,279.57,3933,51,1.321,1,0,0,,,Mature,Missing CRM attribution
2026-01-24,C074,LinkedIn,Law Firm - Enterprise,DACH,Webinar,Speed,CR027,12,171.36,2345,23,1.023,0,0,0,0,0,Mature,
2026-01-25,C074,LinkedIn,Law Firm - Enterprise,DACH,Webinar,Speed,CR027,13,233.95,3264,36,1.118,0,0,0,0,0,Mature,
2026-01-26,C074,LinkedIn,Law Firm - Enterprise,DACH,Webinar,Speed,CR027,14,325.58,5118,53,1.036,1,0,0,0,0,Mature,
2026-01-27,C074,LinkedIn,Law Firm - Enterprise,DACH,Webinar,Speed,CR027,15,302.51,4163,44,1.064,0,0,0,0,0,Mature,
2026-01-28,C074,LinkedIn,Law Firm - Enterprise,DACH,Webinar,Speed,CR027,16,322.06,4765,53,1.132,0,0,0,0,0,Mature,
2026-01-29,C074,LinkedIn,Law Firm - Enterprise,DACH,Webinar,Speed,CR027,17,354.41,5203,63,1.221,1,0,0,0,0,Mature,
2026-01-30,C074,LinkedIn,Law Firm - Enterprise,DACH,Webinar,Speed,CR027,18,278.86,4183,53,1.279,1,0,0,0,0,Mature,
2026-01-31,C074,LinkedIn,Law Firm - Enterprise,DACH,Webinar,Speed,CR027,19,200.99,3100,31,1.023,0,0,0,0,0,Mature,
2026-02-01,C074,LinkedIn,Law Firm - Enterprise,DACH,Webinar,Speed,CR027,20,213.65,3238,39,1.234,0,0,0,0,0,Mature,
2026-02-02,C074,LinkedIn,Law Firm - Enterprise,DACH,Webinar,Speed,CR027,21,271.67,3889,45,1.164,1,0,0,0,0,Mature,
2026-02-03,C074,LinkedIn,Law Firm - Enterprise,DACH,Webinar,Speed,CR027,22,366.53,5402,62,1.149,1,0,0,0,0,Mature,
2026-02-04,C074,LinkedIn,Law Firm - Enterprise,DACH,Webinar,Speed,CR027,23,258.33,4106,39,0.964,0,0,0,0,0,Mature,
2026-02-05,C074,LinkedIn,Law Firm - Enterprise,DACH,Webinar,Speed,CR027,24,301.87,4150,53,1.288,0,0,0,0,0,Mature,
2026-02-06,C074,LinkedIn,Law Firm - Enterprise,DACH,Webinar,Speed,CR027,25,263.46,4100,44,1.077,0,0,0,0,0,Mature,
2026-02-07,C074,LinkedIn,Law Firm - Enterprise,DACH,Webinar,Speed,CR027,26,191.69,2877,35,1.244,0,0,0,0,0,Mature,
2026-02-08,C074,LinkedIn,Law Firm - Enterprise,DACH,Webinar,Speed,CR027,27,181.77,2845,27,0.957,0,0,0,0,0,Mature,
2026-02-09,C074,LinkedIn,Law Firm - Enterprise,DACH,Webinar,Speed,CR027,28,281.27,4495,51,1.15,0,0,0,0,0,Mature,
2026-02-10,C074,LinkedIn,Law Firm - Enterprise,DACH,Webinar,Speed,CR027,29,313.35,4901,46,0.939,0,0,0,0,0,Mature,
2026-02-11,C074,LinkedIn,Law Firm - Enterprise,DACH,Webinar,Speed,CR027,30,370.9,5807,77,1.335,1,0,0,0,0,Mature,
2026-02-12,C074,LinkedIn,Law Firm - Enterprise,DACH,Webinar,Speed,CR027,31,372.59,5847,66,1.133,1,0,0,0,0,Mature,
2026-02-13,C074,LinkedIn,Law Firm - Enterprise,DACH,Webinar,Speed,CR027,32,371.61,5840,70,1.207,0,0,0,0,0,Mature,
2026-02-14,C074,LinkedIn,Law Firm - Enterprise,DACH,Webinar,Speed,CR027,33,188.65,2718,30,1.124,0,0,0,0,0,Mature,
2026-02-15,C074,LinkedIn,Law Firm - Enterprise,DACH,Webinar,Speed,CR027,34,188.02,2896,34,1.179,0,0,0,0,0,Mature,
2026-02-16,C074,LinkedIn,Law Firm - Enterprise,DACH,Webinar,Speed,CR027,35,364.46,5749,58,1.017,0,0,0,0,0,Mature,
2026-02-17,C074,LinkedIn,Law Firm - Enterprise,DACH,Webinar,Speed,CR027,36,294.54,4194,42,1.018,0,0,0,0,0,Mature,
2026-02-18,C074,LinkedIn,Law Firm - Enterprise,DACH,Webinar,Speed,CR027,37,291.65,4190,55,1.328,0,0,0,0,0,Mature,
2026-02-19,C074,LinkedIn,Law Firm - Enterprise,DACH,Webinar,Speed,CR027,38,264.42,4004,42,1.062,0,0,0,0,0,Mature,
2026-02-20,C074,LinkedIn,Law Firm - Enterprise,DACH,Webinar,Speed,CR027,39,340.44,5439,52,0.962,0,0,0,0,0,Mature,
2026-02-21,C074,LinkedIn,Law Firm - Enterprise,DACH,Webinar,Speed,CR027,40,200.33,2874,31,1.095,0,0,0,0,0,Mature,
2026-02-22,C074,LinkedIn,Law Firm - Enterprise,DACH,Webinar,Speed,CR027,41,168.75,2522,23,0.934,0,0,0,0,0,Mature,
2026-02-23,C074,LinkedIn,Law Firm - Enterprise,DACH,Webinar,Speed,CR027,42,260.73,3572,44,1.245,0,0,0,0,0,Mature,
2026-02-24,C074,LinkedIn,Law Firm - Enterprise,DACH,Webinar,Speed,CR027,43,342.36,4978,55,1.118,1,0,0,0,0,Mature,
2026-02-25,C074,LinkedIn,Law Firm - Enterprise,DACH,Webinar,Speed,CR027,44,358.26,5605,56,1.01,0,0,0,0,0,Mature,
2026-02-26,C074,LinkedIn,Law Firm - Enterprise,DACH,Webinar,Speed,CR027,45,366.12,5175,54,1.053,0,0,0,0,0,Mature,
2026-02-27,C074,LinkedIn,Law Firm - Enterprise,DACH,Webinar,Speed,CR027,46,278.66,4372,50,1.15,0,0,0,0,0,Mature,
2026-02-28,C074,LinkedIn,Law Firm - Enterprise,DACH,Webinar,Speed,CR027,47,230.5,3485,43,1.256,0,0,0,0,0,Mature,
2026-03-01,C074,LinkedIn,Law Firm - Enterprise,DACH,Webinar,Speed,CR027,48,192.75,2888,25,0.895,0,0,0,0,0,Mature,
2026-03-02,C074,LinkedIn,Law Firm - Enterprise,DACH,Webinar,Speed,CR027,49,283.13,4491,42,0.956,0,0,0,0,0,Mature,
2026-03-03,C074,LinkedIn,Law Firm - Enterprise,DACH,Webinar,Speed,CR027,50,303.99,4087,39,0.958,0,0,0,0,0,Mature,
2026-03-04,C074,LinkedIn,Law Firm - Enterprise,DACH,Webinar,Speed,CR027,51,264.76,3619,36,1.02,0,0,0,0,0,Mature,
2026-03-05,C074,LinkedIn,Law Firm - Enterprise,DACH,Webinar,Speed,CR027,52,271.82,4020,42,1.06,0,0,0,0,0,Mature,
2026-03-06,C074,LinkedIn,Law Firm - Enterprise,DACH,Webinar,Speed,CR027,53,280.62,3749,34,0.909,0,0,0,0,0,Mature,
2026-03-07,C074,LinkedIn,Law Firm - Enterprise,DACH,Webinar,Speed,CR027,54,194.01,2985,31,1.042,0,0,0,0,0,Mature,
2026-03-08,C074,LinkedIn,Law Firm - Enterprise,DACH,Webinar,Speed,CR027,55,171.03,2450,26,1.069,0,0,0,0,0,Mature,
2026-03-09,C074,LinkedIn,Law Firm - Enterprise,DACH,Webinar,Speed,CR027,56,290.92,4128,34,0.828,0,0,0,0,0,Mature,
2026-03-10,C074,LinkedIn,Law Firm - Enterprise,DACH,Webinar,Speed,CR027,57,302.26,4647,50,1.093,0,0,0,0,0,Mature,
2026-03-11,C074,LinkedIn,Law Firm - Enterprise,DACH,Webinar,Speed,CR027,58,314.38,4755,50,1.065,1,0,0,0,0,Mature,
2026-04-17,C075,Meta,In-House - Mid-Market,UK,Webinar,AI Productivity,CR011,1,1431.39,70339,1305,1.856,32,6,0,0,0,Mature,
2026-04-18,C075,Meta,In-House - Mid-Market,UK,Webinar,AI Productivity,CR011,2,966.75,46255,763,1.65,15,4,0,0,0,Mature,
2026-04-19,C075,Meta,In-House - Mid-Market,UK,Webinar,AI Productivity,CR011,3,812.12,41055,890,2.169,17,3,0,0,0,Mature,
2026-04-20,C075,Meta,In-House - Mid-Market,UK,Webinar,AI Productivity,CR011,4,1103.36,60843,1144,1.881,22,6,1,72185,17980,Mature,
2026-04-21,C075,Meta,In-House - Mid-Market,UK,Webinar,AI Productivity,CR011,5,1177.8,58179,1114,1.915,30,7,0,0,0,Mature,
2026-04-22,C075,Meta,In-House - Mid-Market,UK,Webinar,AI Productivity,CR011,6,1116.08,54642,1156,2.116,21,6,0,0,0,Mature,
2026-04-23,C075,Meta,In-House - Mid-Market,UK,Webinar,AI Productivity,CR011,7,1500.92,82497,1716,2.081,34,7,0,0,0,Mature,
2026-04-24,C075,Meta,In-House - Mid-Market,UK,Webinar,AI Productivity,CR011,8,1155.35,55585,1216,2.189,23,7,1,98801,27839,Mature,
2026-04-25,C075,Meta,In-House - Mid-Market,UK,Webinar,AI Productivity,CR011,9,973.69,54907,923,1.682,20,6,1,41042,12753,Mature,
2026-04-26,C075,Meta,In-House - Mid-Market,UK,Webinar,AI Productivity,CR011,10,1024.74,51284,1032,2.014,25,7,1,43488,11643,Mature,
2026-04-27,C075,Meta,In-House - Mid-Market,UK,Webinar,AI Productivity,CR011,11,1082.44,57063,1270,2.227,35,8,0,0,0,Mature,
2026-04-28,C075,Meta,In-House - Mid-Market,UK,Webinar,AI Productivity,CR011,12,1159.73,61037,1311,2.149,32,8,1,42142,13448,Mature,
2026-04-29,C075,Meta,In-House - Mid-Market,UK,Webinar,AI Productivity,CR011,13,1121.89,56265,955,1.698,25,7,1,82664,23485,Mature,
2026-04-30,C075,Meta,In-House - Mid-Market,UK,Webinar,AI Productivity,CR011,14,1471.1,81033,1732,2.138,29,9,0,0,0,Mature,
2026-05-01,C075,Meta,In-House - Mid-Market,UK,Webinar,AI Productivity,CR011,15,1083.57,53155,1010,1.901,22,5,0,0,0,Mature,
2026-05-02,C075,Meta,In-House - Mid-Market,UK,Webinar,AI Productivity,CR011,16,721.09,39769,891,2.242,20,6,0,0,0,Mature,
2026-05-03,C075,Meta,In-House - Mid-Market,UK,Webinar,AI Productivity,CR011,17,815.0,43166,809,1.876,22,7,1,69263,18205,Mature,
2026-05-04,C075,Meta,In-House - Mid-Market,UK,Webinar,AI Productivity,CR011,18,1109.68,59235,1278,2.159,33,9,1,58388,13753,Mature,
2026-05-05,C075,Meta,In-House - Mid-Market,UK,Webinar,AI Productivity,CR011,19,1604.54,92610,2028,2.19,47,10,1,32139,8949,Mature,
2026-05-06,C075,Meta,In-House - Mid-Market,UK,Webinar,AI Productivity,CR011,20,1145.14,59132,1053,1.782,18,5,0,0,0,Mature,
2026-05-07,C075,Meta,In-House - Mid-Market,UK,Webinar,AI Productivity,CR011,21,1610.15,82381,1720,2.089,34,7,1,37680,11511,Mature,
2026-05-08,C075,Meta,In-House - Mid-Market,UK,Webinar,AI Productivity,CR011,22,1435.12,82711,1316,1.592,29,9,1,54526,13920,Mature,
2026-05-09,C075,Meta,In-House - Mid-Market,UK,Webinar,AI Productivity,CR011,23,872.04,42910,739,1.722,17,5,0,0,0,Mature,
2026-05-10,C075,Meta,In-House - Mid-Market,UK,Webinar,AI Productivity,CR011,24,984.79,56137,934,1.664,21,4,0,0,0,Mature,
2026-05-11,C075,Meta,In-House - Mid-Market,UK,Webinar,AI Productivity,CR011,25,1134.45,59675,1312,2.199,33,7,0,0,0,Mature,
2026-05-12,C075,Meta,In-House - Mid-Market,UK,Webinar,AI Productivity,CR011,26,1579.93,81674,1827,2.237,46,11,1,52710,14215,Mature,
2026-05-13,C075,Meta,In-House - Mid-Market,UK,Webinar,AI Productivity,CR011,27,1192.43,67672,1479,2.187,27,8,0,0,0,Mature,
2026-05-14,C075,Meta,In-House - Mid-Market,UK,Webinar,AI Productivity,CR011,28,1225.48,65689,1467,2.234,38,8,1,56840,16700,Mature,
2026-05-15,C075,Meta,In-House - Mid-Market,UK,Webinar,AI Productivity,CR011,29,1452.32,76641,1307,1.707,27,8,1,32137,9562,Mature,
2026-05-16,C075,Meta,In-House - Mid-Market,UK,Webinar,AI Productivity,CR011,30,1006.02,56521,1211,2.144,30,7,1,68699,17861,Mature,
2026-05-17,C075,Meta,In-House - Mid-Market,UK,Webinar,AI Productivity,CR011,31,759.5,37788,707,1.873,15,3,0,0,0,Mature,
2026-05-18,C075,Meta,In-House - Mid-Market,UK,Webinar,AI Productivity,CR011,32,1591.52,86899,1414,1.627,30,6,0,0,0,Mature,
2026-05-19,C075,Meta,In-House - Mid-Market,UK,Webinar,AI Productivity,CR011,33,1086.79,53452,1105,2.068,23,7,1,40095,9411,Mature,
2026-05-20,C075,Meta,In-House - Mid-Market,UK,Webinar,AI Productivity,CR011,34,1498.34,79136,1610,2.036,43,13,1,31168,7179,Mature,
2026-05-21,C075,Meta,In-House - Mid-Market,UK,Webinar,AI Productivity,CR011,35,1251.77,69480,1504,2.166,42,11,1,48096,13433,Mature,
2026-05-22,C075,Meta,In-House - Mid-Market,UK,Webinar,AI Productivity,CR011,36,1477.09,79392,1421,1.791,26,7,0,0,0,Mature,
2026-05-23,C075,Meta,In-House - Mid-Market,UK,Webinar,AI Productivity,CR011,37,759.4,36879,700,1.9,12,2,0,0,0,Mature,
2026-05-24,C075,Meta,In-House - Mid-Market,UK,Webinar,AI Productivity,CR011,38,711.66,35968,662,1.842,11,3,0,0,0,Mature,
2026-05-25,C075,Meta,In-House - Mid-Market,UK,Webinar,AI Productivity,CR011,39,1582.12,78734,1668,2.119,45,9,1,35166,8382,Mature,
2026-05-26,C075,Meta,In-House - Mid-Market,UK,Webinar,AI Productivity,CR011,40,1104.42,58116,1042,1.795,26,8,1,63342,20294,Mature,
2026-05-27,C075,Meta,In-House - Mid-Market,UK,Webinar,AI Productivity,CR011,41,1243.21,69995,1098,1.569,29,7,1,92562,23508,Mature,
2026-05-28,C075,Meta,In-House - Mid-Market,UK,Webinar,AI Productivity,CR011,42,1597.98,84900,1647,1.94,31,8,1,33385,7364,Mature,
2026-05-29,C075,Meta,In-House - Mid-Market,UK,Webinar,AI Productivity,CR011,43,1343.03,65032,1172,1.803,32,8,0,0,0,Mature,
2026-05-30,C075,Meta,In-House - Mid-Market,UK,Webinar,AI Productivity,CR011,44,767.56,36863,732,1.988,20,6,0,0,0,Mature,
2026-05-31,C075,Meta,In-House - Mid-Market,UK,Webinar,AI Productivity,CR011,45,743.19,41549,834,2.01,21,4,0,0,0,Mature,
2026-06-01,C075,Meta,In-House - Mid-Market,UK,Webinar,AI Productivity,CR011,46,1401.29,79256,1436,1.812,29,7,1,64061,19752,Mature,
2026-06-02,C075,Meta,In-House - Mid-Market,UK,Webinar,AI Productivity,CR011,47,1101.58,61698,1092,1.77,27,8,1,86587,28583,Mature,
2026-06-03,C075,Meta,In-House - Mid-Market,UK,Webinar,AI Productivity,CR011,48,1261.33,65570,1280,1.952,32,10,1,39938,12885,Mature,
2026-06-04,C075,Meta,In-House - Mid-Market,UK,Webinar,AI Productivity,CR011,49,1462.99,69742,1017,1.459,27,9,1,87140,20158,Mature,
2026-06-05,C075,Meta,In-House - Mid-Market,UK,Webinar,AI Productivity,CR011,50,1364.06,71085,1060,1.492,29,7,0,0,0,Mature,
2026-06-06,C075,Meta,In-House - Mid-Market,UK,Webinar,AI Productivity,CR011,51,918.67,43763,827,1.892,19,4,0,0,0,Mature,
2026-06-07,C075,Meta,In-House - Mid-Market,UK,Webinar,AI Productivity,CR011,52,1012.34,53409,738,1.382,17,4,0,0,0,Mature,
2026-06-08,C075,Meta,In-House - Mid-Market,UK,Webinar,AI Productivity,CR011,53,1330.91,64264,1066,1.66,25,5,0,0,0,Mature,
2026-06-09,C075,Meta,In-House - Mid-Market,UK,Webinar,AI Productivity,CR011,54,1230.97,63984,876,1.37,20,5,0,0,0,Mature,
2026-06-10,C075,Meta,In-House - Mid-Market,UK,Webinar,AI Productivity,CR011,55,1147.36,64479,1192,1.849,29,10,1,77275,20316,Mature,
2026-06-11,C075,Meta,In-House - Mid-Market,UK,Webinar,AI Productivity,CR011,56,1111.15,54121,753,1.393,20,4,0,0,0,Mature,
2026-06-12,C075,Meta,In-House - Mid-Market,UK,Webinar,AI Productivity,CR011,57,1562.28,81510,1278,1.569,31,10,1,46127,14938,Mature,
2026-06-13,C075,Meta,In-House - Mid-Market,UK,Webinar,AI Productivity,CR011,58,755.83,43394,627,1.446,13,3,0,0,0,Mature,
2026-06-14,C075,Meta,In-House - Mid-Market,UK,Webinar,AI Productivity,CR011,59,1020.37,55212,866,1.569,15,3,0,0,0,Mature,
2026-06-15,C075,Meta,In-House - Mid-Market,UK,Webinar,AI Productivity,CR011,60,1423.1,76136,1281,1.683,30,7,1,50537,12912,Mature,
2026-06-16,C075,Meta,In-House - Mid-Market,UK,Webinar,AI Productivity,CR011,61,1268.93,62884,1005,1.6,21,6,0,0,0,Mature,
2026-03-31,C076,Google,In-House - Enterprise,US,Webinar,AI Productivity,CR012,1,294.02,9086,376,4.147,6,3,0,0,0,Mature,
2026-04-01,C076,Google,In-House - Enterprise,US,Webinar,AI Productivity,CR012,2,299.5,8520,380,4.468,5,3,0,0,0,Mature,
2026-04-02,C076,Google,In-House - Enterprise,US,Webinar,AI Productivity,CR012,3,279.72,8129,263,3.242,5,3,0,0,0,Mature,
2026-04-03,C076,Google,In-House - Enterprise,US,Webinar,AI Productivity,CR012,4,327.31,9307,331,3.559,4,2,0,0,0,Mature,
2026-04-04,C076,Google,In-House - Enterprise,US,Webinar,AI Productivity,CR012,5,243.93,7543,314,4.175,5,3,0,0,0,Mature,
2026-04-05,C076,Google,In-House - Enterprise,US,Webinar,AI Productivity,CR012,6,187.71,5370,188,3.515,3,1,0,0,0,Mature,
2026-04-06,C076,Google,In-House - Enterprise,US,Webinar,AI Productivity,CR012,7,318.46,9689,347,3.585,4,2,0,0,0,Mature,
2026-04-07,C076,Google,In-House - Enterprise,US,Webinar,AI Productivity,CR012,8,309.24,9165,376,4.109,6,3,0,0,0,Mature,
2026-04-08,C076,Google,In-House - Enterprise,US,Webinar,AI Productivity,CR012,9,301.05,8877,368,4.153,7,3,0,0,0,Mature,
2026-04-09,C076,Google,In-House - Enterprise,US,Webinar,AI Productivity,CR012,10,365.07,11992,446,3.723,8,6,1,81746,25870,Mature,
2026-04-10,C076,Google,In-House - Enterprise,US,Webinar,AI Productivity,CR012,11,327.57,10291,376,3.655,5,3,0,0,0,Mature,
2026-04-11,C076,Google,In-House - Enterprise,US,Webinar,AI Productivity,CR012,12,233.81,6625,226,3.42,3,2,0,0,0,Mature,
2026-04-12,C076,Google,In-House - Enterprise,US,Webinar,AI Productivity,CR012,13,222.71,6436,275,4.28,4,2,0,,,Mature,Missing CRM attribution
2026-04-13,C076,Google,In-House - Enterprise,US,Webinar,AI Productivity,CR012,14,258.55,7808,279,3.574,4,2,0,0,0,Mature,
2026-04-14,C076,Google,In-House - Enterprise,US,Webinar,AI Productivity,CR012,15,296.19,9074,318,3.514,4,3,0,0,0,Mature,
2026-04-15,C076,Google,In-House - Enterprise,US,Webinar,AI Productivity,CR012,16,345.36,10184,439,4.317,7,5,1,64072,14130,Mature,
2026-04-16,C076,Google,In-House - Enterprise,US,Webinar,AI Productivity,CR012,17,266.98,8243,315,3.83,6,4,0,0,0,Mature,
2026-04-17,C076,Google,In-House - Enterprise,US,Webinar,AI Productivity,CR012,18,275.91,8067,271,3.368,4,3,0,0,0,Mature,
2026-04-18,C076,Google,In-House - Enterprise,US,Webinar,AI Productivity,CR012,19,186.32,5470,185,3.398,3,1,0,0,0,Mature,
2026-04-19,C076,Google,In-House - Enterprise,US,Webinar,AI Productivity,CR012,20,245.4,7000,242,3.47,4,2,0,0,0,Mature,
2026-04-20,C076,Google,In-House - Enterprise,US,Webinar,AI Productivity,CR012,21,376.39,11878,544,4.584,7,5,0,0,0,Mature,
2026-04-21,C076,Google,In-House - Enterprise,US,Webinar,AI Productivity,CR012,22,264.82,8492,312,3.684,6,3,0,0,0,Mature,
2026-04-22,C076,Google,In-House - Enterprise,US,Webinar,AI Productivity,CR012,23,277.64,8342,323,3.883,6,4,0,0,0,Mature,
2026-04-23,C076,Google,In-House - Enterprise,US,Webinar,AI Productivity,CR012,24,356.16,11033,391,3.546,6,3,0,0,0,Mature,
2026-04-24,C076,Google,In-House - Enterprise,US,Webinar,AI Productivity,CR012,25,334.36,11459,512,4.476,10,6,1,90074,20231,Mature,
2026-04-25,C076,Google,In-House - Enterprise,US,Webinar,AI Productivity,CR012,26,189.68,5744,207,3.604,3,1,0,0,0,Mature,
2026-04-26,C076,Google,In-House - Enterprise,US,Webinar,AI Productivity,CR012,27,230.13,7345,313,4.265,4,2,0,0,0,Mature,
2026-04-27,C076,Google,In-House - Enterprise,US,Webinar,AI Productivity,CR012,28,360.47,11654,499,4.286,10,6,1,125379,33958,Mature,
2026-04-28,C076,Google,In-House - Enterprise,US,Webinar,AI Productivity,CR012,29,277.27,8330,368,4.419,7,3,0,0,0,Mature,
2026-04-29,C076,Google,In-House - Enterprise,US,Webinar,AI Productivity,CR012,30,313.95,9989,389,3.899,5,2,0,0,0,Mature,
2026-04-30,C076,Google,In-House - Enterprise,US,Webinar,AI Productivity,CR012,31,325.96,9674,381,3.945,6,3,0,0,0,Mature,
2026-05-01,C076,Google,In-House - Enterprise,US,Webinar,AI Productivity,CR012,32,296.21,9947,321,3.231,7,5,0,0,0,Mature,
2026-05-02,C076,Google,In-House - Enterprise,US,Webinar,AI Productivity,CR012,33,244.48,7912,324,4.096,4,2,0,0,0,Mature,
2026-05-03,C076,Google,In-House - Enterprise,US,Webinar,AI Productivity,CR012,34,227.85,6510,269,4.147,4,2,0,0,0,Mature,
2026-05-04,C076,Google,In-House - Enterprise,US,Webinar,AI Productivity,CR012,35,315.12,10376,418,4.038,6,3,0,0,0,Mature,
2026-05-05,C076,Google,In-House - Enterprise,US,Webinar,AI Productivity,CR012,36,319.21,10030,393,3.922,7,3,0,0,0,Mature,
2026-05-06,C076,Google,In-House - Enterprise,US,Webinar,AI Productivity,CR012,37,261.67,8962,361,4.037,4,2,0,0,0,Mature,
2026-05-07,C076,Google,In-House - Enterprise,US,Webinar,AI Productivity,CR012,38,287.91,8235,279,3.395,5,2,0,0,0,Mature,
2026-05-08,C076,Google,In-House - Enterprise,US,Webinar,AI Productivity,CR012,39,273.86,9290,411,4.428,7,3,0,0,0,Mature,
2026-05-09,C076,Google,In-House - Enterprise,US,Webinar,AI Productivity,CR012,40,174.04,5566,206,3.713,2,1,0,0,0,Mature,
2026-05-10,C076,Google,In-House - Enterprise,US,Webinar,AI Productivity,CR012,41,200.1,6127,274,4.481,4,2,0,0,0,Mature,
2026-05-11,C076,Google,In-House - Enterprise,US,Webinar,AI Productivity,CR012,42,376.35,12548,538,4.288,11,5,1,104199,32764,Mature,
2026-05-12,C076,Google,In-House - Enterprise,US,Webinar,AI Productivity,CR012,43,260.48,8749,309,3.541,5,3,0,0,0,Mature,
2026-05-13,C076,Google,In-House - Enterprise,US,Webinar,AI Productivity,CR012,44,305.62,9339,318,3.41,5,2,0,0,0,Mature,
2026-05-14,C076,Google,In-House - Enterprise,US,Webinar,AI Productivity,CR012,45,299.68,8464,301,3.557,4,3,0,0,0,Mature,
2026-05-15,C076,Google,In-House - Enterprise,US,Webinar,AI Productivity,CR012,46,366.99,10761,381,3.546,6,3,0,0,0,Mature,
2026-05-16,C076,Google,In-House - Enterprise,US,Webinar,AI Productivity,CR012,47,232.55,7877,351,4.462,5,2,0,0,0,Mature,
2026-05-17,C076,Google,In-House - Enterprise,US,Webinar,AI Productivity,CR012,48,198.67,5803,265,4.583,3,2,0,0,0,Mature,
2026-05-18,C076,Google,In-House - Enterprise,US,Webinar,AI Productivity,CR012,49,258.37,7851,343,4.38,7,3,0,0,0,Mature,
2026-05-19,C076,Google,In-House - Enterprise,US,Webinar,AI Productivity,CR012,50,373.59,11991,430,3.591,6,4,0,0,0,Mature,
2026-05-20,C076,Google,In-House - Enterprise,US,Webinar,AI Productivity,CR012,51,260.86,7441,249,3.348,4,1,0,0,0,Mature,
2026-05-21,C076,Google,In-House - Enterprise,US,Webinar,AI Productivity,CR012,52,299.72,9732,357,3.671,4,2,0,0,0,Mature,
2026-05-22,C076,Google,In-House - Enterprise,US,Webinar,AI Productivity,CR012,53,283.63,8646,385,4.463,7,3,0,0,0,Mature,
2026-05-23,C076,Google,In-House - Enterprise,US,Webinar,AI Productivity,CR012,54,244.53,7143,238,3.333,5,3,0,0,0,Mature,
2026-02-22,C077,LinkedIn,Law Firm - Enterprise,US,Webinar,Security,CR025,1,245.68,3438,27,0.789,0,0,0,0,0,Mature,
2026-02-23,C077,LinkedIn,Law Firm - Enterprise,US,Webinar,Security,CR025,2,496.1,7679,66,0.864,1,0,0,0,0,Mature,
2026-02-24,C077,LinkedIn,Law Firm - Enterprise,US,Webinar,Security,CR025,3,485.04,6801,68,1.005,1,0,0,0,0,Mature,
2026-02-25,C077,LinkedIn,Law Firm - Enterprise,US,Webinar,Security,CR025,4,485.24,6814,67,0.992,1,0,0,0,0,Mature,
2026-02-26,C077,LinkedIn,Law Firm - Enterprise,US,Webinar,Security,CR025,5,414.63,5926,59,1.006,0,0,0,0,0,Mature,
2026-02-27,C077,LinkedIn,Law Firm - Enterprise,US,Webinar,Security,CR025,6,430.23,6081,47,0.776,0,0,0,0,0,Mature,
2026-02-28,C077,LinkedIn,Law Firm - Enterprise,US,Webinar,Security,CR025,7,295.3,4169,31,0.767,0,0,0,0,0,Mature,
2026-03-01,C077,LinkedIn,Law Firm - Enterprise,US,Webinar,Security,CR025,8,256.08,3741,33,0.899,0,0,0,0,0,Mature,
2026-03-02,C077,LinkedIn,Law Firm - Enterprise,US,Webinar,Security,CR025,9,489.57,6932,72,1.04,1,0,0,0,0,Mature,
2026-03-03,C077,LinkedIn,Law Firm - Enterprise,US,Webinar,Security,CR025,10,483.58,6750,51,0.762,0,0,0,0,0,Mature,
2026-03-04,C077,LinkedIn,Law Firm - Enterprise,US,Webinar,Security,CR025,11,418.78,6415,63,0.988,1,0,0,0,0,Mature,
2026-03-05,C077,LinkedIn,Law Firm - Enterprise,US,Webinar,Security,CR025,12,434.58,5763,46,0.812,0,0,0,0,0,Mature,
2026-03-06,C077,LinkedIn,Law Firm - Enterprise,US,Webinar,Security,CR025,13,518.03,7703,76,0.99,1,0,0,0,0,Mature,
2026-03-07,C077,LinkedIn,Law Firm - Enterprise,US,Webinar,Security,CR025,14,331.82,5341,57,1.071,1,0,0,0,0,Mature,
2026-03-08,C077,LinkedIn,Law Firm - Enterprise,US,Webinar,Security,CR025,15,269.02,4226,46,1.089,1,0,0,0,0,Mature,
2026-03-09,C077,LinkedIn,Law Firm - Enterprise,US,Webinar,Security,CR025,16,461.87,6865,54,0.789,0,0,0,0,0,Mature,
2026-03-10,C077,LinkedIn,Law Firm - Enterprise,US,Webinar,Security,CR025,17,506.23,8021,86,1.074,1,0,0,0,0,Mature,
2026-03-11,C077,LinkedIn,Law Firm - Enterprise,US,Webinar,Security,CR025,18,489.49,6962,75,1.09,1,0,0,0,0,Mature,
2026-03-12,C077,LinkedIn,Law Firm - Enterprise,US,Webinar,Security,CR025,19,498.44,7465,72,0.968,1,0,0,0,0,Mature,
2026-03-13,C077,LinkedIn,Law Firm - Enterprise,US,Webinar,Security,CR025,20,493.81,7961,80,1.007,1,0,0,0,0,Mature,
2026-03-14,C077,LinkedIn,Law Firm - Enterprise,US,Webinar,Security,CR025,21,326.62,4468,39,0.893,0,0,0,0,0,Mature,
2026-03-29,C078,Meta,In-House - Enterprise,US,Content Download,Workflow Automation,CR022,1,294.78,14654,292,1.995,10,2,0,0,0,Mature,
2026-03-30,C078,Meta,In-House - Enterprise,US,Content Download,Workflow Automation,CR022,2,376.97,18972,352,1.86,11,2,0,0,0,Mature,
2026-03-31,C078,Meta,In-House - Enterprise,US,Content Download,Workflow Automation,CR022,3,430.89,22555,317,1.409,9,2,0,0,0,Mature,
2026-04-01,C078,Meta,In-House - Enterprise,US,Content Download,Workflow Automation,CR022,4,426.66,21156,312,1.478,12,4,0,0,0,Mature,
2026-04-02,C078,Meta,In-House - Enterprise,US,Content Download,Workflow Automation,CR022,5,396.54,19397,375,1.935,14,3,0,0,0,Mature,
2026-04-03,C078,Meta,In-House - Enterprise,US,Content Download,Workflow Automation,CR022,6,452.3,25745,435,1.693,14,3,0,0,0,Mature,
2026-04-04,C078,Meta,In-House - Enterprise,US,Content Download,Workflow Automation,CR022,7,306.04,17284,276,1.598,7,2,0,0,0,Mature,
2026-04-05,C078,Meta,In-House - Enterprise,US,Content Download,Workflow Automation,CR022,8,289.65,15849,315,1.991,8,2,0,0,0,Mature,
2026-04-06,C078,Meta,In-House - Enterprise,US,Content Download,Workflow Automation,CR022,9,485.33,24023,465,1.94,18,5,0,0,0,Mature,
2026-04-07,C078,Meta,In-House - Enterprise,US,Content Download,Workflow Automation,CR022,10,527.42,27951,421,1.508,13,4,0,0,0,Mature,
2026-04-08,C078,Meta,In-House - Enterprise,US,Content Download,Workflow Automation,CR022,11,466.14,22283,349,1.57,9,2,0,0,0,Mature,
2026-04-09,C078,Meta,In-House - Enterprise,US,Content Download,Workflow Automation,CR022,12,391.11,19034,311,1.635,13,4,0,0,0,Mature,
2026-04-10,C078,Meta,In-House - Enterprise,US,Content Download,Workflow Automation,CR022,13,404.67,20225,302,1.498,10,3,0,0,0,Mature,
2026-04-11,C078,Meta,In-House - Enterprise,US,Content Download,Workflow Automation,CR022,14,298.61,16823,255,1.516,9,2,0,0,0,Mature,
2026-04-12,C078,Meta,In-House - Enterprise,US,Content Download,Workflow Automation,CR022,15,272.67,13344,190,1.43,6,1,0,0,0,Mature,
2026-04-13,C078,Meta,In-House - Enterprise,US,Content Download,Workflow Automation,CR022,16,394.72,18707,272,1.457,11,3,0,0,0,Mature,
2026-04-14,C078,Meta,In-House - Enterprise,US,Content Download,Workflow Automation,CR022,17,369.65,19696,319,1.623,12,3,0,0,0,Mature,
2026-04-15,C078,Meta,In-House - Enterprise,US,Content Download,Workflow Automation,CR022,18,419.18,20959,321,1.534,13,4,0,0,0,Mature,
2026-04-16,C078,Meta,In-House - Enterprise,US,Content Download,Workflow Automation,CR022,19,409.47,23532,374,1.591,13,3,0,0,0,Mature,
2026-04-17,C078,Meta,In-House - Enterprise,US,Content Download,Workflow Automation,CR022,20,526.19,25001,363,1.454,10,2,0,0,0,Mature,
2026-04-18,C078,Meta,In-House - Enterprise,US,Content Download,Workflow Automation,CR022,21,316.43,16958,283,1.67,8,2,0,0,0,Mature,
2026-04-19,C078,Meta,In-House - Enterprise,US,Content Download,Workflow Automation,CR022,22,325.45,17814,344,1.932,9,2,0,0,0,Mature,
2026-04-20,C078,Meta,In-House - Enterprise,US,Content Download,Workflow Automation,CR022,23,495.77,27592,425,1.542,14,4,0,0,0,Mature,
2026-04-21,C078,Meta,In-House - Enterprise,US,Content Download,Workflow Automation,CR022,24,398.78,20256,381,1.885,10,3,0,0,0,Mature,
2026-04-22,C078,Meta,In-House - Enterprise,US,Content Download,Workflow Automation,CR022,25,459.55,22859,454,1.989,15,3,0,0,0,Mature,
2026-04-23,C078,Meta,In-House - Enterprise,US,Content Download,Workflow Automation,CR022,26,477.24,25109,406,1.618,16,4,0,0,0,Mature,
2026-04-24,C078,Meta,In-House - Enterprise,US,Content Download,Workflow Automation,CR022,27,515.97,27713,405,1.463,12,4,0,0,0,Mature,
2026-04-25,C078,Meta,In-House - Enterprise,US,Content Download,Workflow Automation,CR022,28,345.56,16747,305,1.822,9,2,0,0,0,Mature,
2026-04-26,C078,Meta,In-House - Enterprise,US,Content Download,Workflow Automation,CR022,29,336.97,16103,267,1.664,10,3,0,0,0,Mature,
2026-05-08,C079,Google,Law Firm - Mid-Market,US,Demo,Customer Proof,CR014,1,627.04,21248,723,3.405,5,3,0,0,0,Mature,
2026-05-09,C079,Google,Law Firm - Mid-Market,US,Demo,Customer Proof,CR014,2,404.19,11636,372,3.201,1,0,0,0,0,Mature,
2026-05-10,C079,Google,Law Firm - Mid-Market,US,Demo,Customer Proof,CR014,3,425.21,12302,375,3.053,2,1,0,0,0,Mature,
2026-05-11,C079,Google,Law Firm - Mid-Market,US,Demo,Customer Proof,CR014,4,612.07,18001,693,3.85,3,1,0,0,0,Mature,
2026-05-12,C079,Google,Law Firm - Mid-Market,US,Demo,Customer Proof,CR014,5,585.43,19254,531,2.759,3,1,0,0,0,Mature,
2026-05-13,C079,Google,Law Firm - Mid-Market,US,Demo,Customer Proof,CR014,6,707.18,24075,693,2.881,3,1,0,0,0,Mature,
2026-05-14,C079,Google,Law Firm - Mid-Market,US,Demo,Customer Proof,CR014,7,649.6,18391,675,3.673,4,2,0,0,0,Mature,
2026-05-15,C079,Google,Law Firm - Mid-Market,US,Demo,Customer Proof,CR014,8,626.5,21429,673,3.144,3,2,0,0,0,Mature,
2026-05-16,C079,Google,Law Firm - Mid-Market,US,Demo,Customer Proof,CR014,9,425.4,13528,517,3.826,3,2,0,0,0,Mature,
2026-05-17,C079,Google,Law Firm - Mid-Market,US,Demo,Customer Proof,CR014,10,445.67,13532,456,3.377,2,1,0,0,0,Mature,
2026-05-18,C079,Google,Law Firm - Mid-Market,US,Demo,Customer Proof,CR014,11,728.8,24250,895,3.691,5,2,0,0,0,Mature,
2026-05-19,C079,Google,Law Firm - Mid-Market,US,Demo,Customer Proof,CR014,12,545.9,18169,707,3.896,4,2,0,0,0,Mature,
2026-05-20,C079,Google,Law Firm - Mid-Market,US,Demo,Customer Proof,CR014,13,685.71,22836,904,3.962,5,3,0,0,0,Mature,
2026-05-21,C079,Google,Law Firm - Mid-Market,US,Demo,Customer Proof,CR014,14,809.55,27385,936,3.42,6,4,0,0,0,Mature,
2026-05-22,C079,Google,Law Firm - Mid-Market,US,Demo,Customer Proof,CR014,15,735.21,22838,637,2.791,5,3,0,0,0,Mature,
2026-05-23,C079,Google,Law Firm - Mid-Market,US,Demo,Customer Proof,CR014,16,369.0,12268,370,3.019,1,0,0,0,0,Mature,
2026-05-24,C079,Google,Law Firm - Mid-Market,US,Demo,Customer Proof,CR014,17,481.41,13705,459,3.352,3,1,0,0,0,Mature,
2026-05-25,C079,Google,Law Firm - Mid-Market,US,Demo,Customer Proof,CR014,18,628.67,21017,779,3.708,4,2,0,0,0,Mature,
2026-05-26,C079,Google,Law Firm - Mid-Market,US,Demo,Customer Proof,CR014,19,772.41,21745,817,3.761,5,3,0,0,0,Mature,
2026-05-27,C079,Google,Law Firm - Mid-Market,US,Demo,Customer Proof,CR014,20,807.77,25949,871,3.357,5,3,0,0,0,Mature,
2026-05-28,C079,Google,Law Firm - Mid-Market,US,Demo,Customer Proof,CR014,21,645.52,20843,705,3.386,5,3,0,0,0,Mature,
2026-05-29,C079,Google,Law Firm - Mid-Market,US,Demo,Customer Proof,CR014,22,601.5,19773,549,2.78,4,2,0,0,0,Mature,
2026-05-30,C079,Google,Law Firm - Mid-Market,US,Demo,Customer Proof,CR014,23,408.23,14009,416,2.974,2,1,0,0,0,Mature,
2026-05-31,C079,Google,Law Firm - Mid-Market,US,Demo,Customer Proof,CR014,24,426.0,12484,387,3.106,2,1,0,0,0,Mature,
2026-06-01,C079,Google,Law Firm - Mid-Market,US,Demo,Customer Proof,CR014,25,663.61,22297,695,3.119,3,2,0,0,0,Mature,
2026-06-02,C079,Google,Law Firm - Mid-Market,US,Demo,Customer Proof,CR014,26,790.3,22791,719,3.156,3,1,0,0,0,Mature,
2026-06-03,C079,Google,Law Firm - Mid-Market,US,Demo,Customer Proof,CR014,27,559.14,17811,660,3.71,4,2,0,0,0,Mature,
2026-06-04,C079,Google,Law Firm - Mid-Market,US,Demo,Customer Proof,CR014,28,753.9,22116,701,3.17,4,2,0,0,0,Mature,
2026-06-05,C079,Google,Law Firm - Mid-Market,US,Demo,Customer Proof,CR014,29,737.46,21585,685,3.178,3,2,0,0,0,Mature,
2026-06-06,C079,Google,Law Firm - Mid-Market,US,Demo,Customer Proof,CR014,30,411.4,12445,353,2.838,2,1,0,0,0,Mature,
2026-06-07,C079,Google,Law Firm - Mid-Market,US,Demo,Customer Proof,CR014,31,468.71,14003,458,3.273,3,1,0,0,0,Mature,
2026-06-08,C079,Google,Law Firm - Mid-Market,US,Demo,Customer Proof,CR014,32,730.94,21584,645,2.99,4,2,0,0,0,Mature,
2026-06-09,C079,Google,Law Firm - Mid-Market,US,Demo,Customer Proof,CR014,33,751.02,23102,783,3.391,5,3,0,0,0,Mature,
2026-06-10,C079,Google,Law Firm - Mid-Market,US,Demo,Customer Proof,CR014,34,809.75,25751,935,3.631,6,3,0,0,0,Mature,
2026-06-11,C079,Google,Law Firm - Mid-Market,US,Demo,Customer Proof,CR014,35,616.18,17648,565,3.204,2,1,0,0,0,Mature,
2026-06-12,C079,Google,Law Firm - Mid-Market,US,Demo,Customer Proof,CR014,36,584.54,17992,553,3.075,3,2,0,0,0,Mature,
2026-06-13,C079,Google,Law Firm - Mid-Market,US,Demo,Customer Proof,CR014,37,387.57,11890,395,3.323,2,1,0,0,0,Mature,
2026-06-14,C079,Google,Law Firm - Mid-Market,US,Demo,Customer Proof,CR014,38,388.98,11139,359,3.223,2,1,0,0,0,Mature,
2026-06-15,C079,Google,Law Firm - Mid-Market,US,Demo,Customer Proof,CR014,39,722.46,20338,777,3.822,4,2,0,0,0,Mature,
2026-06-16,C079,Google,Law Firm - Mid-Market,US,Demo,Customer Proof,CR014,40,573.92,17597,631,3.588,3,1,0,0,0,Mature,
2026-06-17,C079,Google,Law Firm - Mid-Market,US,Demo,Customer Proof,CR014,41,629.88,19606,589,3.005,4,0,0,0,0,Immature,
2026-06-18,C079,Google,Law Firm - Mid-Market,US,Demo,Customer Proof,CR014,42,567.94,19233,608,3.163,4,0,0,0,0,Immature,
2026-06-19,C079,Google,Law Firm - Mid-Market,US,Demo,Customer Proof,CR014,43,611.45,17784,671,3.777,4,0,0,0,0,Immature,
2026-06-20,C079,Google,Law Firm - Mid-Market,US,Demo,Customer Proof,CR014,44,369.44,12256,354,2.889,1,0,0,0,0,Immature,
2026-06-21,C079,Google,Law Firm - Mid-Market,US,Demo,Customer Proof,CR014,45,392.92,13501,392,2.906,2,0,0,0,0,Immature,
2026-06-22,C079,Google,Law Firm - Mid-Market,US,Demo,Customer Proof,CR014,46,662.2,21495,613,2.856,3,0,0,0,0,Immature,
2026-06-23,C079,Google,Law Firm - Mid-Market,US,Demo,Customer Proof,CR014,47,654.46,21123,608,2.88,4,0,0,0,0,Immature,
2026-03-24,C080,LinkedIn,Law Firm - Mid-Market,UK,Demo,ROI,CR002,1,216.89,3337,34,1.039,0,0,0,0,0,Mature,
2026-03-25,C080,LinkedIn,Law Firm - Mid-Market,UK,Demo,ROI,CR002,2,206.55,2828,32,1.152,0,0,0,0,0,Mature,
2026-03-26,C080,LinkedIn,Law Firm - Mid-Market,UK,Demo,ROI,CR002,3,203.42,3173,40,1.266,0,0,0,0,0,Mature,
2026-03-27,C080,LinkedIn,Law Firm - Mid-Market,UK,Demo,ROI,CR002,4,199.54,2687,31,1.171,0,0,0,0,0,Mature,
2026-03-28,C080,LinkedIn,Law Firm - Mid-Market,UK,Demo,ROI,CR002,5,139.47,2153,23,1.079,0,0,0,0,0,Mature,
2026-03-29,C080,LinkedIn,Law Firm - Mid-Market,UK,Demo,ROI,CR002,6,142.76,2059,24,1.172,0,0,0,0,0,Mature,
2026-03-30,C080,LinkedIn,Law Firm - Mid-Market,UK,Demo,ROI,CR002,7,189.16,2677,26,0.974,0,0,0,0,0,Mature,
2026-03-31,C080,LinkedIn,Law Firm - Mid-Market,UK,Demo,ROI,CR002,8,199.85,2649,29,1.104,0,0,0,0,0,Mature,
2026-04-01,C080,LinkedIn,Law Firm - Mid-Market,UK,Demo,ROI,CR002,9,236.16,3321,32,0.968,0,0,0,0,0,Mature,
2026-04-02,C080,LinkedIn,Law Firm - Mid-Market,UK,Demo,ROI,CR002,10,246.16,3715,45,1.221,0,0,0,0,0,Mature,
2026-04-03,C080,LinkedIn,Law Firm - Mid-Market,UK,Demo,ROI,CR002,11,189.04,2976,29,0.98,0,0,0,0,0,Mature,
2026-04-04,C080,LinkedIn,Law Firm - Mid-Market,UK,Demo,ROI,CR002,12,152.52,2322,23,1.02,0,0,0,0,0,Mature,
2026-04-05,C080,LinkedIn,Law Firm - Mid-Market,UK,Demo,ROI,CR002,13,156.24,2243,27,1.204,0,0,0,0,0,Mature,
2026-04-06,C080,LinkedIn,Law Firm - Mid-Market,UK,Demo,ROI,CR002,14,243.55,3886,42,1.101,0,0,0,0,0,Mature,
2026-04-07,C080,LinkedIn,Law Firm - Mid-Market,UK,Demo,ROI,CR002,15,245.12,3955,45,1.154,0,0,0,0,0,Mature,
2026-04-08,C080,LinkedIn,Law Firm - Mid-Market,UK,Demo,ROI,CR002,16,210.28,3043,29,0.968,0,0,0,0,0,Mature,
2026-04-09,C080,LinkedIn,Law Firm - Mid-Market,UK,Demo,ROI,CR002,17,262.23,3492,33,0.948,0,0,0,0,0,Mature,
2026-04-10,C080,LinkedIn,Law Firm - Mid-Market,UK,Demo,ROI,CR002,18,224.44,3248,30,0.932,0,0,0,0,0,Mature,
2026-04-11,C080,LinkedIn,Law Firm - Mid-Market,UK,Demo,ROI,CR002,19,153.43,2155,19,0.891,0,0,0,0,0,Mature,
2026-04-12,C080,LinkedIn,Law Firm - Mid-Market,UK,Demo,ROI,CR002,20,117.05,1635,17,1.046,0,0,0,0,0,Mature,
2026-04-13,C080,LinkedIn,Law Firm - Mid-Market,UK,Demo,ROI,CR002,21,232.64,3755,43,1.168,0,0,0,0,0,Mature,
2026-04-14,C080,LinkedIn,Law Firm - Mid-Market,UK,Demo,ROI,CR002,22,267.28,3736,45,1.23,0,0,0,0,0,Mature,
2026-04-15,C080,LinkedIn,Law Firm - Mid-Market,UK,Demo,ROI,CR002,23,189.58,2864,27,0.944,0,0,0,0,0,Mature,
2026-04-16,C080,LinkedIn,Law Firm - Mid-Market,UK,Demo,ROI,CR002,24,216.53,3061,31,1.014,0,0,0,0,0,Mature,
2026-04-17,C080,LinkedIn,Law Firm - Mid-Market,UK,Demo,ROI,CR002,25,255.83,3779,43,1.164,0,0,0,0,0,Mature,
2026-04-18,C080,LinkedIn,Law Firm - Mid-Market,UK,Demo,ROI,CR002,26,147.08,2158,24,1.124,0,0,0,0,0,Mature,
2026-04-19,C080,LinkedIn,Law Firm - Mid-Market,UK,Demo,ROI,CR002,27,155.35,2250,27,1.233,0,0,0,0,0,Mature,
2026-04-20,C080,LinkedIn,Law Firm - Mid-Market,UK,Demo,ROI,CR002,28,227.93,3042,29,0.968,0,0,0,0,0,Mature,
2026-04-21,C080,LinkedIn,Law Firm - Mid-Market,UK,Demo,ROI,CR002,29,184.27,2594,31,1.204,0,0,0,0,0,Mature,
2026-02-04,C081,Meta,In-House - Mid-Market,US,Demo,Security,CR026,1,686.1,39312,693,1.764,6,1,0,0,0,Mature,
2026-02-05,C081,Meta,In-House - Mid-Market,US,Demo,Security,CR026,2,682.84,37373,614,1.645,3,0,0,0,0,Mature,
2026-02-06,C081,Meta,In-House - Mid-Market,US,Demo,Security,CR026,3,618.88,34468,576,1.673,4,0,0,0,0,Mature,
2026-02-07,C081,Meta,In-House - Mid-Market,US,Demo,Security,CR026,4,371.27,20807,297,1.429,2,0,0,0,0,Mature,
2026-02-08,C081,Meta,In-House - Mid-Market,US,Demo,Security,CR026,5,436.81,23416,288,1.232,2,0,0,0,0,Mature,
2026-02-09,C081,Meta,In-House - Mid-Market,US,Demo,Security,CR026,6,787.34,38966,527,1.354,4,1,0,0,0,Mature,
2026-02-10,C081,Meta,In-House - Mid-Market,US,Demo,Security,CR026,7,706.15,33527,529,1.581,4,0,0,0,0,Mature,
2026-02-11,C081,Meta,In-House - Mid-Market,US,Demo,Security,CR026,8,676.34,32150,538,1.676,3,0,0,0,0,Mature,
2026-02-12,C081,Meta,In-House - Mid-Market,US,Demo,Security,CR026,9,765.64,38517,648,1.684,5,1,0,0,0,Mature,
2026-02-13,C081,Meta,In-House - Mid-Market,US,Demo,Security,CR026,10,720.92,35570,466,1.313,3,0,0,0,0,Mature,
2026-02-14,C081,Meta,In-House - Mid-Market,US,Demo,Security,CR026,11,400.26,22666,289,1.278,1,0,0,0,0,Mature,
2026-02-15,C081,Meta,In-House - Mid-Market,US,Demo,Security,CR026,12,371.98,21232,358,1.69,2,0,0,0,0,Mature,
2026-02-16,C081,Meta,In-House - Mid-Market,US,Demo,Security,CR026,13,735.15,40307,555,1.379,4,1,0,0,0,Mature,
2026-02-17,C081,Meta,In-House - Mid-Market,US,Demo,Security,CR026,14,656.56,36564,499,1.367,4,1,0,0,0,Mature,
2026-02-18,C081,Meta,In-House - Mid-Market,US,Demo,Security,CR026,15,622.42,33799,453,1.341,3,0,0,0,0,Mature,
2026-02-19,C081,Meta,In-House - Mid-Market,US,Demo,Security,CR026,16,622.07,32204,421,1.31,3,0,0,0,0,Mature,
2026-02-20,C081,Meta,In-House - Mid-Market,US,Demo,Security,CR026,17,782.5,42704,552,1.293,3,0,0,0,0,Mature,
2026-02-21,C081,Meta,In-House - Mid-Market,US,Demo,Security,CR026,18,480.39,23857,394,1.655,3,0,0,0,0,Mature,
2026-02-22,C081,Meta,In-House - Mid-Market,US,Demo,Security,CR026,19,416.1,21534,327,1.521,2,0,0,0,0,Mature,
2026-02-23,C081,Meta,In-House - Mid-Market,US,Demo,Security,CR026,20,544.6,29769,418,1.405,3,0,0,0,0,Mature,
2026-02-24,C081,Meta,In-House - Mid-Market,US,Demo,Security,CR026,21,725.83,35101,462,1.317,4,1,0,0,0,Mature,
2026-02-25,C081,Meta,In-House - Mid-Market,US,Demo,Security,CR026,22,793.79,39520,560,1.417,3,0,0,0,0,Mature,
2026-02-26,C081,Meta,In-House - Mid-Market,US,Demo,Security,CR026,23,578.25,29626,368,1.242,2,0,0,0,0,Mature,
2026-02-27,C081,Meta,In-House - Mid-Market,US,Demo,Security,CR026,24,678.31,35839,568,1.587,4,1,0,0,0,Mature,
2026-02-28,C081,Meta,In-House - Mid-Market,US,Demo,Security,CR026,25,368.01,20878,349,1.674,2,0,0,0,0,Mature,
2026-03-01,C081,Meta,In-House - Mid-Market,US,Demo,Security,CR026,26,423.16,20538,331,1.612,2,0,0,0,0,Mature,
2026-03-02,C081,Meta,In-House - Mid-Market,US,Demo,Security,CR026,27,674.95,36375,583,1.603,4,1,0,0,0,Mature,
2026-03-03,C081,Meta,In-House - Mid-Market,US,Demo,Security,CR026,28,796.64,39600,554,1.4,4,1,0,0,0,Mature,
2026-03-04,C081,Meta,In-House - Mid-Market,US,Demo,Security,CR026,29,550.81,27998,356,1.275,2,0,0,0,0,Mature,
2026-03-05,C081,Meta,In-House - Mid-Market,US,Demo,Security,CR026,30,777.16,40980,715,1.745,6,1,0,0,0,Mature,
2026-03-06,C081,Meta,In-House - Mid-Market,US,Demo,Security,CR026,31,600.75,34013,579,1.704,3,0,0,0,0,Mature,
2026-03-07,C081,Meta,In-House - Mid-Market,US,Demo,Security,CR026,32,470.76,23383,333,1.428,2,0,0,0,0,Mature,
2026-03-08,C081,Meta,In-House - Mid-Market,US,Demo,Security,CR026,33,398.03,19563,328,1.679,2,0,0,0,0,Mature,
2026-03-09,C081,Meta,In-House - Mid-Market,US,Demo,Security,CR026,34,760.28,38186,493,1.292,4,1,0,0,0,Mature,
2026-03-10,C081,Meta,In-House - Mid-Market,US,Demo,Security,CR026,35,601.11,29583,468,1.584,3,0,0,0,0,Mature,
2026-03-11,C081,Meta,In-House - Mid-Market,US,Demo,Security,CR026,36,688.96,32912,553,1.682,3,0,0,0,0,Mature,
2026-03-12,C081,Meta,In-House - Mid-Market,US,Demo,Security,CR026,37,662.92,36889,463,1.257,3,0,0,0,0,Mature,
2026-03-13,C081,Meta,In-House - Mid-Market,US,Demo,Security,CR026,38,544.82,26797,401,1.499,3,0,0,0,0,Mature,
2026-03-14,C081,Meta,In-House - Mid-Market,US,Demo,Security,CR026,39,477.98,22953,305,1.33,1,0,0,0,0,Mature,
2026-03-15,C081,Meta,In-House - Mid-Market,US,Demo,Security,CR026,40,446.32,24839,347,1.397,3,0,0,0,0,Mature,
2026-03-16,C081,Meta,In-House - Mid-Market,US,Demo,Security,CR026,41,716.93,38089,572,1.503,5,1,0,0,0,Mature,
2026-03-17,C081,Meta,In-House - Mid-Market,US,Demo,Security,CR026,42,636.24,33294,555,1.668,4,0,0,0,0,Mature,
2026-03-18,C081,Meta,In-House - Mid-Market,US,Demo,Security,CR026,43,669.36,32591,396,1.216,3,0,0,0,0,Mature,
2026-03-19,C081,Meta,In-House - Mid-Market,US,Demo,Security,CR026,44,550.01,27807,459,1.653,3,0,0,0,0,Mature,
2026-03-20,C081,Meta,In-House - Mid-Market,US,Demo,Security,CR026,45,590.55,32348,396,1.225,3,0,0,0,0,Mature,
2026-03-21,C081,Meta,In-House - Mid-Market,US,Demo,Security,CR026,46,471.33,24468,320,1.31,1,0,0,0,0,Mature,
2026-03-22,C081,Meta,In-House - Mid-Market,US,Demo,Security,CR026,47,387.2,19108,276,1.448,2,0,0,0,0,Mature,
2026-03-23,C081,Meta,In-House - Mid-Market,US,Demo,Security,CR026,48,665.19,34141,512,1.502,3,0,0,0,0,Mature,
2026-03-24,C081,Meta,In-House - Mid-Market,US,Demo,Security,CR026,49,697.67,39667,455,1.149,3,0,0,0,0,Mature,
2026-04-21,C082,Google,In-House - Mid-Market,US,Demo,Workflow Automation,CR023,1,846.73,26407,970,3.674,6,3,0,0,0,Mature,
2026-04-22,C082,Google,In-House - Mid-Market,US,Demo,Workflow Automation,CR023,2,946.83,29691,1184,3.989,6,3,0,0,0,Mature,
2026-04-23,C082,Google,In-House - Mid-Market,US,Demo,Workflow Automation,CR023,3,949.47,32079,1294,4.035,8,4,0,0,0,Mature,
2026-04-24,C082,Google,In-House - Mid-Market,US,Demo,Workflow Automation,CR023,4,1073.44,35222,1226,3.483,5,2,0,0,0,Mature,
2026-04-25,C082,Google,In-House - Mid-Market,US,Demo,Workflow Automation,CR023,5,659.9,21564,713,3.308,3,1,0,0,0,Mature,
2026-04-26,C082,Google,In-House - Mid-Market,US,Demo,Workflow Automation,CR023,6,487.02,14423,499,3.461,2,1,0,0,0,Mature,
2026-04-27,C082,Google,In-House - Mid-Market,US,Demo,Workflow Automation,CR023,7,963.11,30561,1222,4.001,8,5,0,0,0,Mature,
2026-04-28,C082,Google,In-House - Mid-Market,US,Demo,Workflow Automation,CR023,8,1006.91,33718,974,2.891,5,2,0,0,0,Mature,
2026-04-29,C082,Google,In-House - Mid-Market,US,Demo,Workflow Automation,CR023,9,863.36,24798,799,3.224,3,1,0,0,0,Mature,
2026-04-30,C082,Google,In-House - Mid-Market,US,Demo,Workflow Automation,CR023,10,912.22,26596,1040,3.913,5,3,0,0,0,Mature,
2026-05-01,C082,Google,In-House - Mid-Market,US,Demo,Workflow Automation,CR023,11,867.42,29032,1126,3.881,7,3,0,0,0,Mature,
2026-05-02,C082,Google,In-House - Mid-Market,US,Demo,Workflow Automation,CR023,12,557.07,17888,603,3.371,3,1,0,0,0,Mature,
2026-05-03,C082,Google,In-House - Mid-Market,US,Demo,Workflow Automation,CR023,13,670.05,22621,757,3.348,4,2,0,0,0,Mature,
2026-05-04,C082,Google,In-House - Mid-Market,US,Demo,Workflow Automation,CR023,14,835.51,27019,955,3.537,5,2,0,0,0,Mature,
2026-05-05,C082,Google,In-House - Mid-Market,US,Demo,Workflow Automation,CR023,15,1054.83,30671,923,3.01,4,1,0,0,0,Mature,
2026-05-06,C082,Google,In-House - Mid-Market,US,Demo,Workflow Automation,CR023,16,832.12,25461,881,3.463,4,1,0,0,0,Mature,
2026-05-07,C082,Google,In-House - Mid-Market,US,Demo,Workflow Automation,CR023,17,954.28,30316,1169,3.859,7,3,0,0,0,Mature,
2026-05-08,C082,Google,In-House - Mid-Market,US,Demo,Workflow Automation,CR023,18,1010.4,32517,1229,3.78,9,6,0,0,0,Mature,
2026-05-09,C082,Google,In-House - Mid-Market,US,Demo,Workflow Automation,CR023,19,517.92,14961,539,3.607,2,1,0,0,0,Mature,
2026-05-10,C082,Google,In-House - Mid-Market,US,Demo,Workflow Automation,CR023,20,501.1,15489,611,3.948,4,2,0,0,0,Mature,
2026-05-11,C082,Google,In-House - Mid-Market,US,Demo,Workflow Automation,CR023,21,1023.58,29933,889,2.97,4,2,0,0,0,Mature,
2026-05-12,C082,Google,In-House - Mid-Market,US,Demo,Workflow Automation,CR023,22,806.66,25497,745,2.924,4,2,0,0,0,Mature,
2026-05-13,C082,Google,In-House - Mid-Market,US,Demo,Workflow Automation,CR023,23,932.85,29472,1153,3.912,5,3,0,0,0,Mature,
2026-05-14,C082,Google,In-House - Mid-Market,US,Demo,Workflow Automation,CR023,24,728.65,23370,743,3.182,4,2,0,0,0,Mature,
2026-05-15,C082,Google,In-House - Mid-Market,US,Demo,Workflow Automation,CR023,25,922.08,26295,858,3.266,4,1,0,0,0,Mature,
2026-05-16,C082,Google,In-House - Mid-Market,US,Demo,Workflow Automation,CR023,26,694.27,22729,852,3.75,4,2,0,0,0,Mature,
2026-05-17,C082,Google,In-House - Mid-Market,US,Demo,Workflow Automation,CR023,27,641.94,18748,746,3.983,4,2,0,0,0,Mature,
2026-05-18,C082,Google,In-House - Mid-Market,US,Demo,Workflow Automation,CR023,28,797.19,25056,1008,4.025,4,2,0,0,0,Mature,
2026-05-19,C082,Google,In-House - Mid-Market,US,Demo,Workflow Automation,CR023,29,926.28,27915,1085,3.889,6,3,0,0,0,Mature,
2026-05-20,C082,Google,In-House - Mid-Market,US,Demo,Workflow Automation,CR023,30,836.93,27637,823,2.981,6,4,0,0,0,Mature,
2026-05-21,C082,Google,In-House - Mid-Market,US,Demo,Workflow Automation,CR023,31,1044.28,35018,1391,3.973,7,3,0,0,0,Mature,
2026-05-22,C082,Google,In-House - Mid-Market,US,Demo,Workflow Automation,CR023,32,919.56,27527,914,3.321,6,4,0,0,0,Mature,
2026-05-23,C082,Google,In-House - Mid-Market,US,Demo,Workflow Automation,CR023,33,546.74,15646,532,3.403,2,1,0,0,0,Mature,
2026-05-24,C082,Google,In-House - Mid-Market,US,Demo,Workflow Automation,CR023,34,697.79,20021,724,3.62,4,2,0,0,0,Mature,
2026-05-25,C082,Google,In-House - Mid-Market,US,Demo,Workflow Automation,CR023,35,984.98,32613,996,3.057,6,3,0,0,0,Mature,
2026-05-26,C082,Google,In-House - Mid-Market,US,Demo,Workflow Automation,CR023,36,824.94,24793,894,3.607,6,3,0,0,0,Mature,
2026-05-27,C082,Google,In-House - Mid-Market,US,Demo,Workflow Automation,CR023,37,1072.33,35705,1319,3.695,7,3,0,0,0,Mature,
2026-05-28,C082,Google,In-House - Mid-Market,US,Demo,Workflow Automation,CR023,38,850.73,28271,977,3.456,5,3,0,0,0,Mature,
2026-05-29,C082,Google,In-House - Mid-Market,US,Demo,Workflow Automation,CR023,39,978.38,31715,1003,3.164,5,3,0,0,0,Mature,
2026-05-30,C082,Google,In-House - Mid-Market,US,Demo,Workflow Automation,CR023,40,479.45,13941,476,3.418,2,1,0,0,0,Mature,
2026-05-31,C082,Google,In-House - Mid-Market,US,Demo,Workflow Automation,CR023,41,605.88,17774,660,3.716,4,2,0,0,0,Mature,
2026-06-01,C082,Google,In-House - Mid-Market,US,Demo,Workflow Automation,CR023,42,1029.76,32000,980,3.065,5,2,0,0,0,Mature,
2026-06-02,C082,Google,In-House - Mid-Market,US,Demo,Workflow Automation,CR023,43,1015.32,34431,1115,3.24,5,2,0,0,0,Mature,
2026-06-03,C082,Google,In-House - Mid-Market,US,Demo,Workflow Automation,CR023,44,880.79,28004,816,2.917,5,3,0,0,0,Mature,
2026-06-04,C082,Google,In-House - Mid-Market,US,Demo,Workflow Automation,CR023,45,1000.51,28962,1048,3.619,4,2,0,0,0,Mature,
2026-06-05,C082,Google,In-House - Mid-Market,US,Demo,Workflow Automation,CR023,46,814.26,27003,1045,3.873,6,4,0,0,0,Mature,
2026-06-06,C082,Google,In-House - Mid-Market,US,Demo,Workflow Automation,CR023,47,596.12,19178,770,4.018,3,2,0,0,0,Mature,
2026-06-07,C082,Google,In-House - Mid-Market,US,Demo,Workflow Automation,CR023,48,663.16,21180,835,3.943,4,2,0,0,0,Mature,
2026-06-08,C082,Google,In-House - Mid-Market,US,Demo,Workflow Automation,CR023,49,942.52,30670,1260,4.109,8,3,0,0,0,Mature,
2026-06-09,C082,Google,In-House - Mid-Market,US,Demo,Workflow Automation,CR023,50,951.04,29696,935,3.151,5,3,0,0,0,Mature,
2026-06-10,C082,Google,In-House - Mid-Market,US,Demo,Workflow Automation,CR023,51,866.81,27763,959,3.457,7,4,0,0,0,Mature,
2026-06-11,C082,Google,In-House - Mid-Market,US,Demo,Workflow Automation,CR023,52,746.53,23796,724,3.046,4,2,0,0,0,Mature,
2026-06-12,C082,Google,In-House - Mid-Market,US,Demo,Workflow Automation,CR023,53,798.9,22531,695,3.085,4,2,0,0,0,Mature,
2026-06-13,C082,Google,In-House - Mid-Market,US,Demo,Workflow Automation,CR023,54,613.73,20017,759,3.794,4,1,0,0,0,Mature,
2026-01-05,C083,LinkedIn,Law Firm - Mid-Market,DACH,Demo,ROI,CR002,1,410.15,6421,58,0.915,0,0,0,0,0,Mature,
2026-01-06,C083,LinkedIn,Law Firm - Mid-Market,DACH,Demo,ROI,CR002,2,424.71,6847,85,1.247,0,0,0,0,0,Mature,
2026-01-07,C083,LinkedIn,Law Firm - Mid-Market,DACH,Demo,ROI,CR002,3,500.52,7577,85,1.124,0,0,0,0,0,Mature,
2026-01-08,C083,LinkedIn,Law Firm - Mid-Market,DACH,Demo,ROI,CR002,4,371.87,5104,56,1.108,0,0,0,0,0,Mature,
2026-01-09,C083,LinkedIn,Law Firm - Mid-Market,DACH,Demo,ROI,CR002,5,420.98,5779,66,1.152,0,0,0,0,0,Mature,
2026-01-10,C083,LinkedIn,Law Firm - Mid-Market,DACH,Demo,ROI,CR002,6,317.03,4802,54,1.141,0,0,0,0,0,Mature,
2026-01-11,C083,LinkedIn,Law Firm - Mid-Market,DACH,Demo,ROI,CR002,7,316.64,4552,50,1.109,0,0,0,0,0,Mature,
2026-01-12,C083,LinkedIn,Law Firm - Mid-Market,DACH,Demo,ROI,CR002,8,365.74,5736,64,1.123,0,0,0,0,0,Mature,
2026-01-13,C083,LinkedIn,Law Firm - Mid-Market,DACH,Demo,ROI,CR002,9,379.71,5982,58,0.974,0,0,0,0,0,Mature,
2026-01-14,C083,LinkedIn,Law Firm - Mid-Market,DACH,Demo,ROI,CR002,10,438.86,6170,74,1.209,0,0,0,0,0,Mature,
2026-01-15,C083,LinkedIn,Law Firm - Mid-Market,DACH,Demo,ROI,CR002,11,506.72,6803,75,1.105,0,0,0,0,0,Mature,
2026-01-16,C083,LinkedIn,Law Firm - Mid-Market,DACH,Demo,ROI,CR002,12,519.08,7701,86,1.122,0,0,0,0,0,Mature,
2026-01-17,C083,LinkedIn,Law Firm - Mid-Market,DACH,Demo,ROI,CR002,13,349.39,5353,67,1.257,0,0,0,0,0,Mature,
2026-01-18,C083,LinkedIn,Law Firm - Mid-Market,DACH,Demo,ROI,CR002,14,298.1,4448,41,0.927,0,0,0,0,0,Mature,
2026-01-19,C083,LinkedIn,Law Firm - Mid-Market,DACH,Demo,ROI,CR002,15,488.52,6962,64,0.929,0,0,0,0,0,Mature,
2026-01-20,C083,LinkedIn,Law Firm - Mid-Market,DACH,Demo,ROI,CR002,16,475.88,6753,68,1.017,0,0,0,0,0,Mature,
2026-01-21,C083,LinkedIn,Law Firm - Mid-Market,DACH,Demo,ROI,CR002,17,376.53,5791,60,1.051,0,0,0,0,0,Mature,
2026-01-22,C083,LinkedIn,Law Firm - Mid-Market,DACH,Demo,ROI,CR002,18,506.84,7569,94,1.244,0,0,0,0,0,Mature,
2026-01-23,C083,LinkedIn,Law Firm - Mid-Market,DACH,Demo,ROI,CR002,19,488.7,7304,92,1.27,0,0,0,0,0,Mature,
2026-01-24,C083,LinkedIn,Law Firm - Mid-Market,DACH,Demo,ROI,CR002,20,319.02,4521,47,1.055,0,0,0,0,0,Mature,
2026-01-25,C083,LinkedIn,Law Firm - Mid-Market,DACH,Demo,ROI,CR002,21,310.01,4417,54,1.231,0,0,0,0,0,Mature,
2026-01-26,C083,LinkedIn,Law Firm - Mid-Market,DACH,Demo,ROI,CR002,22,452.81,6742,85,1.268,0,0,0,0,0,Mature,
2026-01-27,C083,LinkedIn,Law Firm - Mid-Market,DACH,Demo,ROI,CR002,23,518.75,8017,98,1.234,0,0,0,0,0,Mature,
2026-01-28,C083,LinkedIn,Law Firm - Mid-Market,DACH,Demo,ROI,CR002,24,380.99,5396,48,0.903,0,0,0,0,0,Mature,
2026-01-29,C083,LinkedIn,Law Firm - Mid-Market,DACH,Demo,ROI,CR002,25,445.4,6461,67,1.04,0,0,0,0,0,Mature,
2026-01-30,C083,LinkedIn,Law Firm - Mid-Market,DACH,Demo,ROI,CR002,26,430.07,6706,63,0.952,0,0,0,0,0,Mature,
2026-01-31,C083,LinkedIn,Law Firm - Mid-Market,DACH,Demo,ROI,CR002,27,305.98,4152,49,1.193,0,0,0,0,0,Mature,
2026-02-01,C083,LinkedIn,Law Firm - Mid-Market,DACH,Demo,ROI,CR002,28,271.24,4014,45,1.126,0,0,0,0,0,Mature,
2026-02-02,C083,LinkedIn,Law Firm - Mid-Market,DACH,Demo,ROI,CR002,29,447.81,6077,63,1.052,0,0,0,0,0,Mature,
2026-02-03,C083,LinkedIn,Law Firm - Mid-Market,DACH,Demo,ROI,CR002,30,441.92,6432,57,0.896,0,0,0,0,0,Mature,
2026-02-04,C083,LinkedIn,Law Firm - Mid-Market,DACH,Demo,ROI,CR002,31,532.9,8547,88,1.038,0,0,0,0,0,Mature,
2026-02-05,C083,LinkedIn,Law Firm - Mid-Market,DACH,Demo,ROI,CR002,32,436.94,5834,60,1.045,0,0,0,0,0,Mature,
2026-02-06,C083,LinkedIn,Law Firm - Mid-Market,DACH,Demo,ROI,CR002,33,524.31,7105,88,1.242,0,0,0,0,0,Mature,
2026-02-07,C083,LinkedIn,Law Firm - Mid-Market,DACH,Demo,ROI,CR002,34,274.21,3689,36,0.987,0,0,0,0,0,Mature,
2026-02-08,C083,LinkedIn,Law Firm - Mid-Market,DACH,Demo,ROI,CR002,35,330.9,5014,48,0.962,0,0,0,0,0,Mature,
2026-02-09,C083,LinkedIn,Law Firm - Mid-Market,DACH,Demo,ROI,CR002,36,475.4,7206,75,1.041,0,0,0,0,0,Mature,
2026-02-10,C083,LinkedIn,Law Firm - Mid-Market,DACH,Demo,ROI,CR002,37,482.05,6996,72,1.034,0,0,0,0,0,Mature,
2026-02-11,C083,LinkedIn,Law Firm - Mid-Market,DACH,Demo,ROI,CR002,38,443.8,6440,76,1.187,0,0,0,0,0,Mature,
2026-02-12,C083,LinkedIn,Law Firm - Mid-Market,DACH,Demo,ROI,CR002,39,507.06,7025,74,1.059,0,0,0,0,0,Mature,
2026-02-13,C083,LinkedIn,Law Firm - Mid-Market,DACH,Demo,ROI,CR002,40,529.31,8483,100,1.18,0,0,0,0,0,Mature,
2026-02-14,C083,LinkedIn,Law Firm - Mid-Market,DACH,Demo,ROI,CR002,41,289.44,4463,56,1.257,0,0,0,0,0,Mature,
2026-02-15,C083,LinkedIn,Law Firm - Mid-Market,DACH,Demo,ROI,CR002,42,290.24,4490,42,0.956,0,0,0,0,0,Mature,
2026-02-16,C083,LinkedIn,Law Firm - Mid-Market,DACH,Demo,ROI,CR002,43,366.69,5457,51,0.935,0,0,0,0,0,Mature,
2026-01-13,C084,Meta,In-House - Mid-Market,France,Webinar,ROI,CR004,1,466.45,24529,430,1.753,9,2,0,0,0,Mature,
2026-01-14,C084,Meta,In-House - Mid-Market,France,Webinar,ROI,CR004,2,388.99,18438,317,1.722,6,2,0,0,0,Mature,
2026-01-15,C084,Meta,In-House - Mid-Market,France,Webinar,ROI,CR004,3,453.76,21786,440,2.022,9,2,0,0,0,Mature,
2026-01-16,C084,Meta,In-House - Mid-Market,France,Webinar,ROI,CR004,4,524.04,29231,517,1.769,14,5,0,0,0,Mature,
2026-01-17,C084,Meta,In-House - Mid-Market,France,Webinar,ROI,CR004,5,284.21,14810,284,1.924,6,2,0,0,0,Mature,
2026-01-18,C084,Meta,In-House - Mid-Market,France,Webinar,ROI,CR004,6,239.7,13561,246,1.819,5,1,0,0,0,Mature,
2026-01-19,C084,Meta,In-House - Mid-Market,France,Webinar,ROI,CR004,7,499.89,28563,450,1.576,8,3,0,0,0,Mature,
2026-01-20,C084,Meta,In-House - Mid-Market,France,Webinar,ROI,CR004,8,530.66,25978,388,1.495,9,3,0,0,0,Mature,
2026-01-21,C084,Meta,In-House - Mid-Market,France,Webinar,ROI,CR004,9,446.19,22547,396,1.759,10,3,0,0,0,Mature,
2026-01-22,C084,Meta,In-House - Mid-Market,France,Webinar,ROI,CR004,10,498.52,27392,487,1.778,13,4,0,0,0,Mature,
2026-01-23,C084,Meta,In-House - Mid-Market,France,Webinar,ROI,CR004,11,514.4,24389,437,1.794,9,3,0,0,0,Mature,
2026-01-24,C084,Meta,In-House - Mid-Market,France,Webinar,ROI,CR004,12,256.41,12272,251,2.048,7,2,0,0,0,Mature,
2026-01-25,C084,Meta,In-House - Mid-Market,France,Webinar,ROI,CR004,13,275.33,15667,252,1.612,6,1,0,0,0,Mature,
2026-01-26,C084,Meta,In-House - Mid-Market,France,Webinar,ROI,CR004,14,473.14,23993,485,2.023,12,3,0,0,0,Mature,
2026-01-27,C084,Meta,In-House - Mid-Market,France,Webinar,ROI,CR004,15,469.21,25258,382,1.515,7,2,0,0,0,Mature,
2026-01-28,C084,Meta,In-House - Mid-Market,France,Webinar,ROI,CR004,16,500.7,24695,472,1.915,9,3,0,0,0,Mature,
2026-01-29,C084,Meta,In-House - Mid-Market,France,Webinar,ROI,CR004,17,535.35,28607,472,1.653,8,2,0,0,0,Mature,
2026-01-30,C084,Meta,In-House - Mid-Market,France,Webinar,ROI,CR004,18,503.38,26841,516,1.923,10,4,0,0,0,Mature,
2026-01-31,C084,Meta,In-House - Mid-Market,France,Webinar,ROI,CR004,19,275.92,13297,268,2.018,4,1,0,0,0,Mature,
2026-02-01,C084,Meta,In-House - Mid-Market,France,Webinar,ROI,CR004,20,327.38,18634,356,1.916,8,2,0,0,0,Mature,
2026-02-02,C084,Meta,In-House - Mid-Market,France,Webinar,ROI,CR004,21,494.76,27584,478,1.733,12,3,0,0,0,Mature,
2026-02-03,C084,Meta,In-House - Mid-Market,France,Webinar,ROI,CR004,22,363.84,18087,344,1.906,8,2,0,0,0,Mature,
2026-02-04,C084,Meta,In-House - Mid-Market,France,Webinar,ROI,CR004,23,400.35,21796,381,1.749,6,1,0,0,0,Mature,
2026-02-05,C084,Meta,In-House - Mid-Market,France,Webinar,ROI,CR004,24,465.47,23855,363,1.522,9,2,0,0,0,Mature,
2026-02-06,C084,Meta,In-House - Mid-Market,France,Webinar,ROI,CR004,25,394.06,20968,308,1.473,7,1,0,0,0,Mature,
2026-02-07,C084,Meta,In-House - Mid-Market,France,Webinar,ROI,CR004,26,238.68,13094,215,1.646,5,1,0,0,0,Mature,
2026-02-08,C084,Meta,In-House - Mid-Market,France,Webinar,ROI,CR004,27,301.11,15952,317,1.99,8,3,0,0,0,Mature,
2026-01-23,C085,Google,In-House - Enterprise,US,Demo,AI Productivity,CR011,1,517.39,14694,557,3.795,3,1,0,0,0,Mature,
2026-01-24,C085,Google,In-House - Enterprise,US,Demo,AI Productivity,CR011,2,325.85,10974,434,3.964,3,1,0,0,0,Mature,
2026-01-25,C085,Google,In-House - Enterprise,US,Demo,AI Productivity,CR011,3,285.44,9363,392,4.191,1,0,0,0,0,Mature,
2026-01-26,C085,Google,In-House - Enterprise,US,Demo,AI Productivity,CR011,4,510.31,16913,641,3.795,3,1,0,0,0,Mature,
2026-01-27,C085,Google,In-House - Enterprise,US,Demo,AI Productivity,CR011,5,474.75,15131,486,3.217,3,1,0,0,0,Mature,
2026-01-28,C085,Google,In-House - Enterprise,US,Demo,AI Productivity,CR011,6,429.32,13515,528,3.909,3,1,0,0,0,Mature,
2026-01-29,C085,Google,In-House - Enterprise,US,Demo,AI Productivity,CR011,7,398.9,13182,476,3.614,3,1,0,0,0,Mature,
2026-01-30,C085,Google,In-House - Enterprise,US,Demo,AI Productivity,CR011,8,464.91,15213,505,3.32,3,1,0,0,0,Mature,
2026-01-31,C085,Google,In-House - Enterprise,US,Demo,AI Productivity,CR011,9,298.7,9335,382,4.1,1,0,0,0,0,Mature,
2026-02-01,C085,Google,In-House - Enterprise,US,Demo,AI Productivity,CR011,10,325.11,9981,367,3.68,2,1,0,0,0,Mature,
2026-02-02,C085,Google,In-House - Enterprise,US,Demo,AI Productivity,CR011,11,384.49,11832,513,4.341,3,1,0,0,0,Mature,
2026-02-03,C085,Google,In-House - Enterprise,US,Demo,AI Productivity,CR011,12,487.61,13749,583,4.242,4,2,0,0,0,Mature,
2026-02-04,C085,Google,In-House - Enterprise,US,Demo,AI Productivity,CR011,13,522.72,16650,696,4.184,4,3,0,0,0,Mature,
2026-02-05,C085,Google,In-House - Enterprise,US,Demo,AI Productivity,CR011,14,452.36,13393,564,4.219,2,1,0,0,0,Mature,
2026-02-06,C085,Google,In-House - Enterprise,US,Demo,AI Productivity,CR011,15,454.52,15117,542,3.592,2,1,0,0,0,Mature,
2026-02-07,C085,Google,In-House - Enterprise,US,Demo,AI Productivity,CR011,16,262.74,8905,367,4.126,2,1,0,0,0,Mature,
2026-02-08,C085,Google,In-House - Enterprise,US,Demo,AI Productivity,CR011,17,262.65,7430,263,3.546,1,0,0,0,0,Mature,
2026-02-09,C085,Google,In-House - Enterprise,US,Demo,AI Productivity,CR011,18,363.24,11427,371,3.249,2,1,0,0,0,Mature,
2026-02-10,C085,Google,In-House - Enterprise,US,Demo,AI Productivity,CR011,19,498.02,16805,669,3.983,4,2,0,0,0,Mature,
2026-02-11,C085,Google,In-House - Enterprise,US,Demo,AI Productivity,CR011,20,424.3,12732,572,4.5,2,1,0,0,0,Mature,
2026-02-12,C085,Google,In-House - Enterprise,US,Demo,AI Productivity,CR011,21,435.91,13783,525,3.812,3,1,0,0,0,Mature,
2026-02-13,C085,Google,In-House - Enterprise,US,Demo,AI Productivity,CR011,22,462.24,14124,489,3.468,3,2,0,0,0,Mature,
2026-02-14,C085,Google,In-House - Enterprise,US,Demo,AI Productivity,CR011,23,326.22,10804,439,4.068,2,1,0,0,0,Mature,
2026-02-15,C085,Google,In-House - Enterprise,US,Demo,AI Productivity,CR011,24,328.24,11174,513,4.593,3,1,0,0,0,Mature,
2026-02-16,C085,Google,In-House - Enterprise,US,Demo,AI Productivity,CR011,25,432.97,12513,474,3.795,3,1,0,0,0,Mature,
2026-02-17,C085,Google,In-House - Enterprise,US,Demo,AI Productivity,CR011,26,365.48,11158,362,3.25,1,0,0,0,0,Mature,
2026-02-18,C085,Google,In-House - Enterprise,US,Demo,AI Productivity,CR011,27,399.22,11674,389,3.338,2,1,0,0,0,Mature,
2026-02-19,C085,Google,In-House - Enterprise,US,Demo,AI Productivity,CR011,28,506.55,14516,654,4.507,3,2,0,0,0,Mature,
2026-02-20,C085,Google,In-House - Enterprise,US,Demo,AI Productivity,CR011,29,484.35,16594,602,3.629,3,2,0,0,0,Mature,
2026-02-21,C085,Google,In-House - Enterprise,US,Demo,AI Productivity,CR011,30,259.76,8596,388,4.516,2,0,0,0,0,Mature,
2026-02-22,C085,Google,In-House - Enterprise,US,Demo,AI Productivity,CR011,31,334.6,11123,437,3.936,2,1,0,0,0,Mature,
2026-02-23,C085,Google,In-House - Enterprise,US,Demo,AI Productivity,CR011,32,466.2,15970,641,4.014,4,2,0,0,0,Mature,
2026-02-24,C085,Google,In-House - Enterprise,US,Demo,AI Productivity,CR011,33,468.09,14245,511,3.59,3,2,0,0,0,Mature,
2026-02-25,C085,Google,In-House - Enterprise,US,Demo,AI Productivity,CR011,34,534.56,15170,520,3.43,2,1,0,0,0,Mature,
2026-02-26,C085,Google,In-House - Enterprise,US,Demo,AI Productivity,CR011,35,524.03,16260,631,3.885,3,2,0,0,0,Mature,
2026-02-27,C085,Google,In-House - Enterprise,US,Demo,AI Productivity,CR011,36,457.57,13814,477,3.453,3,1,0,0,0,Mature,
2026-02-28,C085,Google,In-House - Enterprise,US,Demo,AI Productivity,CR011,37,242.59,7025,253,3.611,1,0,0,0,0,Mature,
2026-03-01,C085,Google,In-House - Enterprise,US,Demo,AI Productivity,CR011,38,337.65,10664,428,4.022,2,1,0,0,0,Mature,
2026-03-02,C085,Google,In-House - Enterprise,US,Demo,AI Productivity,CR011,39,369.32,10890,452,4.154,2,1,0,0,0,Mature,
2026-03-03,C085,Google,In-House - Enterprise,US,Demo,AI Productivity,CR011,40,504.13,16123,645,4.002,4,2,0,0,0,Mature,
2026-03-04,C085,Google,In-House - Enterprise,US,Demo,AI Productivity,CR011,41,514.97,16219,721,4.449,4,2,0,0,0,Mature,
2026-03-05,C085,Google,In-House - Enterprise,US,Demo,AI Productivity,CR011,42,536.32,17765,599,3.374,3,2,0,0,0,Mature,
2026-03-06,C085,Google,In-House - Enterprise,US,Demo,AI Productivity,CR011,43,483.4,15166,500,3.302,3,2,0,0,0,Mature,
2026-03-07,C085,Google,In-House - Enterprise,US,Demo,AI Productivity,CR011,44,270.18,7626,303,3.978,2,1,0,0,0,Mature,
2026-03-08,C085,Google,In-House - Enterprise,US,Demo,AI Productivity,CR011,45,311.26,9143,371,4.063,1,0,0,0,0,Mature,
2026-03-09,C085,Google,In-House - Enterprise,US,Demo,AI Productivity,CR011,46,450.31,15400,572,3.721,3,1,0,0,0,Mature,
2026-03-10,C085,Google,In-House - Enterprise,US,Demo,AI Productivity,CR011,47,506.44,14874,606,4.076,3,2,0,0,0,Mature,
2026-03-11,C085,Google,In-House - Enterprise,US,Demo,AI Productivity,CR011,48,520.6,15789,638,4.046,4,2,0,0,0,Mature,
2026-03-12,C085,Google,In-House - Enterprise,US,Demo,AI Productivity,CR011,49,399.52,12713,574,4.521,3,2,0,0,0,Mature,
2026-03-13,C085,Google,In-House - Enterprise,US,Demo,AI Productivity,CR011,50,430.16,12855,589,4.584,3,2,0,0,0,Mature,
2026-03-14,C085,Google,In-House - Enterprise,US,Demo,AI Productivity,CR011,51,338.91,11640,409,3.514,2,1,0,0,0,Mature,
2026-03-15,C085,Google,In-House - Enterprise,US,Demo,AI Productivity,CR011,52,284.46,9741,431,4.434,3,2,0,0,0,Mature,
2026-03-16,C085,Google,In-House - Enterprise,US,Demo,AI Productivity,CR011,53,425.24,12729,470,3.699,3,1,0,0,0,Mature,
2026-03-17,C085,Google,In-House - Enterprise,US,Demo,AI Productivity,CR011,54,393.79,13167,426,3.24,2,1,0,0,0,Mature,
2026-03-18,C085,Google,In-House - Enterprise,US,Demo,AI Productivity,CR011,55,417.51,12125,436,3.596,2,1,0,0,0,Mature,
2026-03-19,C085,Google,In-House - Enterprise,US,Demo,AI Productivity,CR011,56,510.52,17052,654,3.836,3,1,0,0,0,Mature,
2026-03-20,C085,Google,In-House - Enterprise,US,Demo,AI Productivity,CR011,57,383.03,12253,531,4.338,3,1,0,0,0,Mature,
2026-03-21,C085,Google,In-House - Enterprise,US,Demo,AI Productivity,CR011,58,319.82,10527,485,4.612,2,1,0,0,0,Mature,
2026-03-22,C085,Google,In-House - Enterprise,US,Demo,AI Productivity,CR011,59,250.46,7374,266,3.62,1,0,0,0,0,Mature,
2026-03-23,C085,Google,In-House - Enterprise,US,Demo,AI Productivity,CR011,60,405.42,13018,505,3.88,2,1,0,0,0,Mature,
2026-03-24,C085,Google,In-House - Enterprise,US,Demo,AI Productivity,CR011,61,513.33,15793,717,4.542,3,1,0,0,0,Mature,
2026-04-20,C086,LinkedIn,In-House - Mid-Market,US,Content Download,Customer Proof,CR016,1,255.76,3503,39,1.126,0,0,0,0,0,Mature,
2026-04-21,C086,LinkedIn,In-House - Mid-Market,US,Content Download,Customer Proof,CR016,2,190.88,2741,24,0.878,0,0,0,0,0,Mature,
2026-04-22,C086,LinkedIn,In-House - Mid-Market,US,Content Download,Customer Proof,CR016,3,223.28,3242,34,1.057,1,0,0,0,0,Mature,
2026-04-23,C086,LinkedIn,In-House - Mid-Market,US,Content Download,Customer Proof,CR016,4,241.07,3660,35,0.968,1,0,0,0,0,Mature,
2026-04-24,C086,LinkedIn,In-House - Mid-Market,US,Content Download,Customer Proof,CR016,5,247.15,3305,31,0.949,0,0,0,0,0,Mature,
2026-04-25,C086,LinkedIn,In-House - Mid-Market,US,Content Download,Customer Proof,CR016,6,145.81,2034,21,1.039,0,0,0,0,0,Mature,
2026-04-26,C086,LinkedIn,In-House - Mid-Market,US,Content Download,Customer Proof,CR016,7,142.44,2260,26,1.163,0,0,0,0,0,Mature,
2026-04-27,C086,LinkedIn,In-House - Mid-Market,US,Content Download,Customer Proof,CR016,8,199.41,3168,27,0.872,0,0,0,0,0,Mature,
2026-04-28,C086,LinkedIn,In-House - Mid-Market,US,Content Download,Customer Proof,CR016,9,226.28,3589,32,0.897,0,0,0,0,0,Mature,
2026-04-29,C086,LinkedIn,In-House - Mid-Market,US,Content Download,Customer Proof,CR016,10,240.09,3308,27,0.845,0,0,0,0,0,Mature,
2026-04-30,C086,LinkedIn,In-House - Mid-Market,US,Content Download,Customer Proof,CR016,11,203.86,3075,28,0.927,0,0,0,0,0,Mature,
2026-05-01,C086,LinkedIn,In-House - Mid-Market,US,Content Download,Customer Proof,CR016,12,189.91,2713,31,1.164,0,0,0,0,0,Mature,
2026-05-02,C086,LinkedIn,In-House - Mid-Market,US,Content Download,Customer Proof,CR016,13,159.78,2185,22,1.048,0,0,0,0,0,Mature,
2026-05-03,C086,LinkedIn,In-House - Mid-Market,US,Content Download,Customer Proof,CR016,14,134.25,2141,23,1.104,0,0,0,0,0,Mature,
2026-05-04,C086,LinkedIn,In-House - Mid-Market,US,Content Download,Customer Proof,CR016,15,258.07,3734,34,0.928,0,0,0,0,0,Mature,
2026-05-05,C086,LinkedIn,In-House - Mid-Market,US,Content Download,Customer Proof,CR016,16,207.85,2873,26,0.926,0,0,0,0,0,Mature,
2026-05-06,C086,LinkedIn,In-House - Mid-Market,US,Content Download,Customer Proof,CR016,17,239.96,3666,41,1.135,1,0,0,0,0,Mature,
2026-05-07,C086,LinkedIn,In-House - Mid-Market,US,Content Download,Customer Proof,CR016,18,247.29,3886,42,1.095,1,0,0,0,0,Mature,
2026-05-08,C086,LinkedIn,In-House - Mid-Market,US,Content Download,Customer Proof,CR016,19,221.78,3113,35,1.152,1,0,0,0,0,Mature,
2026-05-09,C086,LinkedIn,In-House - Mid-Market,US,Content Download,Customer Proof,CR016,20,138.29,2047,18,0.882,0,0,0,0,0,Mature,
2026-02-19,C087,Meta,Law Firm - Enterprise,UK,Demo,ROI,CR001,1,192.01,10353,208,2.014,1,0,0,0,0,Mature,
2026-02-20,C087,Meta,Law Firm - Enterprise,UK,Demo,ROI,CR001,2,210.97,10791,210,1.947,1,0,0,0,0,Mature,
2026-02-21,C087,Meta,Law Firm - Enterprise,UK,Demo,ROI,CR001,3,135.44,7364,110,1.501,0,0,0,0,0,Mature,
2026-02-22,C087,Meta,Law Firm - Enterprise,UK,Demo,ROI,CR001,4,154.45,7973,126,1.591,0,0,0,0,0,Mature,
2026-02-23,C087,Meta,Law Firm - Enterprise,UK,Demo,ROI,CR001,5,242.01,13974,203,1.459,1,0,0,0,0,Mature,
2026-02-24,C087,Meta,Law Firm - Enterprise,UK,Demo,ROI,CR001,6,202.78,11517,175,1.526,1,0,0,0,0,Mature,
2026-02-25,C087,Meta,Law Firm - Enterprise,UK,Demo,ROI,CR001,7,208.75,11606,230,1.988,1,0,0,0,0,Mature,
2026-02-26,C087,Meta,Law Firm - Enterprise,UK,Demo,ROI,CR001,8,203.85,10508,189,1.806,1,0,0,0,0,Mature,
2026-02-27,C087,Meta,Law Firm - Enterprise,UK,Demo,ROI,CR001,9,226.37,12141,183,1.509,1,0,0,0,0,Mature,
2026-02-28,C087,Meta,Law Firm - Enterprise,UK,Demo,ROI,CR001,10,130.82,7537,110,1.467,0,0,0,0,0,Mature,
2026-03-01,C087,Meta,Law Firm - Enterprise,UK,Demo,ROI,CR001,11,130.96,6652,120,1.807,1,0,0,0,0,Mature,
2026-03-02,C087,Meta,Law Firm - Enterprise,UK,Demo,ROI,CR001,12,240.47,13221,236,1.791,2,0,0,0,0,Mature,
2026-03-03,C087,Meta,Law Firm - Enterprise,UK,Demo,ROI,CR001,13,268.55,15521,247,1.597,1,0,0,0,0,Mature,
2026-03-04,C087,Meta,Law Firm - Enterprise,UK,Demo,ROI,CR001,14,241.94,13221,250,1.893,1,0,0,0,0,Mature,
2026-03-05,C087,Meta,Law Firm - Enterprise,UK,Demo,ROI,CR001,15,260.81,14095,217,1.542,1,0,0,0,0,Mature,
2026-03-06,C087,Meta,Law Firm - Enterprise,UK,Demo,ROI,CR001,16,199.95,9862,178,1.815,1,0,0,0,0,Mature,
2026-03-07,C087,Meta,Law Firm - Enterprise,UK,Demo,ROI,CR001,17,123.78,5902,92,1.565,0,0,0,0,0,Mature,
2026-03-08,C087,Meta,Law Firm - Enterprise,UK,Demo,ROI,CR001,18,161.7,8454,132,1.569,1,0,0,0,0,Mature,
2026-03-09,C087,Meta,Law Firm - Enterprise,UK,Demo,ROI,CR001,19,227.95,12609,221,1.754,1,0,0,0,0,Mature,
2026-03-10,C087,Meta,Law Firm - Enterprise,UK,Demo,ROI,CR001,20,202.68,9777,178,1.825,1,0,0,0,0,Mature,
2026-03-11,C087,Meta,Law Firm - Enterprise,UK,Demo,ROI,CR001,21,208.71,10612,167,1.576,1,0,0,0,0,Mature,
2026-03-12,C087,Meta,Law Firm - Enterprise,UK,Demo,ROI,CR001,22,205.83,10341,188,1.821,1,0,0,0,0,Mature,
2026-03-13,C087,Meta,Law Firm - Enterprise,UK,Demo,ROI,CR001,23,214.09,10541,200,1.901,1,0,0,0,0,Mature,
2026-03-14,C087,Meta,Law Firm - Enterprise,UK,Demo,ROI,CR001,24,154.74,8381,161,1.924,1,0,0,0,0,Mature,
2026-03-15,C087,Meta,Law Firm - Enterprise,UK,Demo,ROI,CR001,25,120.59,6650,133,2.008,1,0,0,0,0,Mature,
2026-03-16,C087,Meta,Law Firm - Enterprise,UK,Demo,ROI,CR001,26,211.01,10816,192,1.776,1,0,0,0,0,Mature,
2026-03-17,C087,Meta,Law Firm - Enterprise,UK,Demo,ROI,CR001,27,240.39,11902,244,2.056,1,0,0,0,0,Mature,
2026-03-18,C087,Meta,Law Firm - Enterprise,UK,Demo,ROI,CR001,28,241.7,12558,225,1.798,1,0,0,0,0,Mature,
2026-03-19,C087,Meta,Law Firm - Enterprise,UK,Demo,ROI,CR001,29,229.13,12215,207,1.698,1,0,0,0,0,Mature,
2026-03-20,C087,Meta,Law Firm - Enterprise,UK,Demo,ROI,CR001,30,229.78,12082,232,1.924,2,0,0,0,0,Mature,
2026-03-21,C087,Meta,Law Firm - Enterprise,UK,Demo,ROI,CR001,31,121.98,6007,101,1.684,0,0,0,0,0,Mature,
2026-03-22,C087,Meta,Law Firm - Enterprise,UK,Demo,ROI,CR001,32,170.04,8712,158,1.822,1,0,0,0,0,Mature,
2026-03-23,C087,Meta,Law Firm - Enterprise,UK,Demo,ROI,CR001,33,255.19,14513,213,1.473,1,0,0,0,0,Mature,
2026-03-24,C087,Meta,Law Firm - Enterprise,UK,Demo,ROI,CR001,34,211.28,11883,219,1.844,1,0,0,0,0,Mature,
2026-03-25,C087,Meta,Law Firm - Enterprise,UK,Demo,ROI,CR001,35,193.2,10164,198,1.951,1,0,0,0,0,Mature,
2026-03-26,C087,Meta,Law Firm - Enterprise,UK,Demo,ROI,CR001,36,228.38,12803,228,1.788,2,0,0,0,0,Mature,
2026-03-27,C087,Meta,Law Firm - Enterprise,UK,Demo,ROI,CR001,37,227.27,12039,247,2.06,2,0,0,0,0,Mature,
2026-03-28,C087,Meta,Law Firm - Enterprise,UK,Demo,ROI,CR001,38,157.19,8602,137,1.598,1,0,0,0,0,Mature,
2026-03-29,C087,Meta,Law Firm - Enterprise,UK,Demo,ROI,CR001,39,145.72,8040,138,1.728,0,0,0,0,0,Mature,
2026-03-30,C087,Meta,Law Firm - Enterprise,UK,Demo,ROI,CR001,40,230.83,12282,187,1.524,1,0,0,0,0,Mature,
2026-03-31,C087,Meta,Law Firm - Enterprise,UK,Demo,ROI,CR001,41,242.73,11753,224,1.914,1,0,0,0,0,Mature,
2026-04-01,C087,Meta,Law Firm - Enterprise,UK,Demo,ROI,CR001,42,252.35,13167,194,1.48,1,0,0,0,0,Mature,
2026-04-02,C087,Meta,Law Firm - Enterprise,UK,Demo,ROI,CR001,43,202.64,10213,161,1.586,1,0,0,0,0,Mature,
2026-04-03,C087,Meta,Law Firm - Enterprise,UK,Demo,ROI,CR001,44,239.07,11911,176,1.48,1,0,0,0,0,Mature,
2026-04-04,C087,Meta,Law Firm - Enterprise,UK,Demo,ROI,CR001,45,123.39,7143,99,1.398,0,0,0,0,0,Mature,
2026-04-05,C087,Meta,Law Firm - Enterprise,UK,Demo,ROI,CR001,46,166.62,8403,114,1.368,0,0,0,0,0,Mature,
2026-04-06,C087,Meta,Law Firm - Enterprise,UK,Demo,ROI,CR001,47,228.08,12688,246,1.941,1,0,0,0,0,Mature,
2026-04-07,C087,Meta,Law Firm - Enterprise,UK,Demo,ROI,CR001,48,260.42,14020,212,1.519,1,0,0,0,0,Mature,
2026-04-08,C087,Meta,Law Firm - Enterprise,UK,Demo,ROI,CR001,49,210.56,11844,163,1.377,1,0,0,0,0,Mature,
2026-04-09,C087,Meta,Law Firm - Enterprise,UK,Demo,ROI,CR001,50,226.75,11143,200,1.803,1,0,0,0,0,Mature,
2026-04-10,C087,Meta,Law Firm - Enterprise,UK,Demo,ROI,CR001,51,200.1,11139,202,1.821,1,0,0,0,0,Mature,
2026-04-11,C087,Meta,Law Firm - Enterprise,UK,Demo,ROI,CR001,52,170.98,8125,117,1.444,0,0,0,0,0,Mature,
2026-04-12,C087,Meta,Law Firm - Enterprise,UK,Demo,ROI,CR001,53,174.41,9992,157,1.573,1,0,0,0,0,Mature,
2026-01-05,C088,Google,In-House - Mid-Market,US,Demo,Workflow Automation,CR024,1,945.13,29371,1099,3.743,6,3,0,0,0,Mature,
2026-01-06,C088,Google,In-House - Mid-Market,US,Demo,Workflow Automation,CR024,2,976.93,29091,949,3.264,5,2,0,0,0,Mature,
2026-01-07,C088,Google,In-House - Mid-Market,US,Demo,Workflow Automation,CR024,3,819.77,26982,1030,3.82,7,4,0,0,0,Mature,
2026-01-08,C088,Google,In-House - Mid-Market,US,Demo,Workflow Automation,CR024,4,743.85,21390,851,3.979,4,2,0,0,0,Mature,
2026-01-09,C088,Google,In-House - Mid-Market,US,Demo,Workflow Automation,CR024,5,1053.38,34832,1208,3.471,9,4,0,0,0,Mature,
2026-01-10,C088,Google,In-House - Mid-Market,US,Demo,Workflow Automation,CR024,6,553.97,18597,582,3.133,3,1,0,0,0,Mature,
2026-01-11,C088,Google,In-House - Mid-Market,US,Demo,Workflow Automation,CR024,7,537.65,15548,593,3.819,4,2,0,0,0,Mature,
2026-01-12,C088,Google,In-House - Mid-Market,US,Demo,Workflow Automation,CR024,8,898.91,30030,945,3.15,4,1,0,0,0,Mature,
2026-01-13,C088,Google,In-House - Mid-Market,US,Demo,Workflow Automation,CR024,9,867.29,26555,802,3.021,5,3,0,0,0,Mature,
2026-01-14,C088,Google,In-House - Mid-Market,US,Demo,Workflow Automation,CR024,10,773.3,26457,1017,3.846,5,2,0,0,0,Mature,
2026-01-15,C088,Google,In-House - Mid-Market,US,Demo,Workflow Automation,CR024,11,979.98,31198,1233,3.954,8,4,0,0,0,Mature,
2026-01-16,C088,Google,In-House - Mid-Market,US,Demo,Workflow Automation,CR024,12,1037.97,34831,1063,3.055,7,4,0,0,0,Mature,
2026-01-17,C088,Google,In-House - Mid-Market,US,Demo,Workflow Automation,CR024,13,644.46,21718,754,3.474,4,2,0,0,0,Mature,
2026-01-18,C088,Google,In-House - Mid-Market,US,Demo,Workflow Automation,CR024,14,568.28,19190,713,3.716,4,2,0,0,0,Mature,
2026-01-19,C088,Google,In-House - Mid-Market,US,Demo,Workflow Automation,CR024,15,836.95,28096,1118,3.98,7,3,0,0,0,Mature,
2026-01-20,C088,Google,In-House - Mid-Market,US,Demo,Workflow Automation,CR024,16,1009.31,28873,1084,3.757,8,5,0,0,0,Mature,
2026-01-21,C088,Google,In-House - Mid-Market,US,Demo,Workflow Automation,CR024,17,799.12,27469,835,3.042,3,1,0,0,0,Mature,
2026-01-22,C088,Google,In-House - Mid-Market,US,Demo,Workflow Automation,CR024,18,936.67,31552,1036,3.285,6,3,0,0,0,Mature,
2026-01-23,C088,Google,In-House - Mid-Market,US,Demo,Workflow Automation,CR024,19,969.01,29691,981,3.307,5,2,0,0,0,Mature,
2026-01-24,C088,Google,In-House - Mid-Market,US,Demo,Workflow Automation,CR024,20,648.99,20811,664,3.193,4,2,0,0,0,Mature,
2026-01-25,C088,Google,In-House - Mid-Market,US,Demo,Workflow Automation,CR024,21,519.85,15527,497,3.205,3,1,0,0,0,Mature,
2026-01-26,C088,Google,In-House - Mid-Market,US,Demo,Workflow Automation,CR024,22,896.47,26627,864,3.248,5,2,0,0,0,Mature,
2026-01-27,C088,Google,In-House - Mid-Market,US,Demo,Workflow Automation,CR024,23,783.28,25524,1002,3.926,7,4,0,0,0,Mature,
2026-01-28,C088,Google,In-House - Mid-Market,US,Demo,Workflow Automation,CR024,24,1010.17,30378,1131,3.724,6,3,0,0,0,Mature,
2026-01-29,C088,Google,In-House - Mid-Market,US,Demo,Workflow Automation,CR024,25,994.71,33051,1114,3.373,6,3,0,0,0,Mature,
2026-01-30,C088,Google,In-House - Mid-Market,US,Demo,Workflow Automation,CR024,26,959.98,30953,1126,3.64,6,2,0,0,0,Mature,
2026-01-31,C088,Google,In-House - Mid-Market,US,Demo,Workflow Automation,CR024,27,556.89,16867,652,3.866,3,1,0,0,0,Mature,
2026-02-01,C088,Google,In-House - Mid-Market,US,Demo,Workflow Automation,CR024,28,514.31,15844,499,3.153,3,1,0,0,0,Mature,
2026-02-02,C088,Google,In-House - Mid-Market,US,Demo,Workflow Automation,CR024,29,891.87,27941,1048,3.753,7,4,0,0,0,Mature,
2026-02-03,C088,Google,In-House - Mid-Market,US,Demo,Workflow Automation,CR024,30,751.7,21735,685,3.153,3,1,0,0,0,Mature,
2026-02-04,C088,Google,In-House - Mid-Market,US,Demo,Workflow Automation,CR024,31,962.99,31435,1251,3.98,5,2,0,0,0,Mature,
2026-02-05,C088,Google,In-House - Mid-Market,US,Demo,Workflow Automation,CR024,32,1032.49,30334,1107,3.652,6,3,0,0,0,Mature,
2026-02-06,C088,Google,In-House - Mid-Market,US,Demo,Workflow Automation,CR024,33,789.62,22737,860,3.786,5,2,0,0,0,Mature,
2026-02-07,C088,Google,In-House - Mid-Market,US,Demo,Workflow Automation,CR024,34,483.18,14691,445,3.035,2,1,0,0,0,Mature,
2026-02-08,C088,Google,In-House - Mid-Market,US,Demo,Workflow Automation,CR024,35,471.71,14851,557,3.756,2,1,0,0,0,Mature,
2026-02-09,C088,Google,In-House - Mid-Market,US,Demo,Workflow Automation,CR024,36,809.96,26677,1006,3.773,6,3,0,0,0,Mature,
2026-02-10,C088,Google,In-House - Mid-Market,US,Demo,Workflow Automation,CR024,37,813.11,27188,920,3.386,5,2,0,0,0,Mature,
2026-02-11,C088,Google,In-House - Mid-Market,US,Demo,Workflow Automation,CR024,38,842.68,27359,1063,3.888,4,2,0,0,0,Mature,
2026-02-12,C088,Google,In-House - Mid-Market,US,Demo,Workflow Automation,CR024,39,1011.4,30518,1118,3.665,6,3,0,0,0,Mature,
2026-02-13,C088,Google,In-House - Mid-Market,US,Demo,Workflow Automation,CR024,40,1048.8,33766,1332,3.947,6,3,0,0,0,Mature,
2026-02-14,C088,Google,In-House - Mid-Market,US,Demo,Workflow Automation,CR024,41,534.87,16757,534,3.187,3,1,0,0,0,Mature,
2026-02-15,C088,Google,In-House - Mid-Market,US,Demo,Workflow Automation,CR024,42,572.75,16303,586,3.594,3,2,0,0,0,Mature,
2026-02-16,C088,Google,In-House - Mid-Market,US,Demo,Workflow Automation,CR024,43,917.49,30948,1051,3.398,7,4,0,0,0,Mature,
2026-02-17,C088,Google,In-House - Mid-Market,US,Demo,Workflow Automation,CR024,44,826.79,27527,864,3.142,4,1,0,0,0,Mature,
2026-02-18,C088,Google,In-House - Mid-Market,US,Demo,Workflow Automation,CR024,45,943.68,31958,1192,3.732,8,3,0,0,0,Mature,
2026-02-19,C088,Google,In-House - Mid-Market,US,Demo,Workflow Automation,CR024,46,845.53,28139,1089,3.872,5,2,0,0,0,Mature,
2026-02-20,C088,Google,In-House - Mid-Market,US,Demo,Workflow Automation,CR024,47,742.52,21373,881,4.126,4,2,0,0,0,Mature,
2026-04-09,C089,LinkedIn,In-House - Enterprise,US,Demo,ROI,CR006,1,181.19,2820,34,1.232,0,0,0,0,0,Mature,
2026-04-10,C089,LinkedIn,In-House - Enterprise,US,Demo,ROI,CR006,2,260.83,3755,47,1.257,0,0,0,0,0,Mature,
2026-04-11,C089,LinkedIn,In-House - Enterprise,US,Demo,ROI,CR006,3,151.3,2346,29,1.245,0,0,0,0,0,Mature,
2026-04-12,C089,LinkedIn,In-House - Enterprise,US,Demo,ROI,CR006,4,132.17,1947,21,1.125,0,0,0,0,0,Mature,
2026-04-13,C089,LinkedIn,In-House - Enterprise,US,Demo,ROI,CR006,5,248.91,3828,38,1.005,0,0,0,0,0,Mature,
2026-04-14,C089,LinkedIn,In-House - Enterprise,US,Demo,ROI,CR006,6,248.37,3378,37,1.125,0,0,0,0,0,Mature,
2026-04-15,C089,LinkedIn,In-House - Enterprise,US,Demo,ROI,CR006,7,235.14,3742,47,1.26,0,0,0,0,0,Mature,
2026-04-16,C089,LinkedIn,In-House - Enterprise,US,Demo,ROI,CR006,8,225.24,3448,41,1.207,0,0,0,0,0,Mature,
2026-04-17,C089,LinkedIn,In-House - Enterprise,US,Demo,ROI,CR006,9,224.06,3343,34,1.032,0,0,0,0,0,Mature,
2026-04-18,C089,LinkedIn,In-House - Enterprise,US,Demo,ROI,CR006,10,134.35,1918,23,1.234,0,0,0,0,0,Mature,
2026-04-19,C089,LinkedIn,In-House - Enterprise,US,Demo,ROI,CR006,11,143.63,2000,20,1.017,0,0,0,0,0,Mature,
2026-04-20,C089,LinkedIn,In-House - Enterprise,US,Demo,ROI,CR006,12,199.1,3173,30,0.963,0,0,0,0,0,Mature,
2026-04-21,C089,LinkedIn,In-House - Enterprise,US,Demo,ROI,CR006,13,248.48,3447,34,1.011,0,0,0,0,0,Mature,
2026-04-22,C089,LinkedIn,In-House - Enterprise,US,Demo,ROI,CR006,14,245.38,3848,35,0.935,0,0,0,0,0,Mature,
2026-04-23,C089,LinkedIn,In-House - Enterprise,US,Demo,ROI,CR006,15,235.29,3689,37,1.029,0,0,0,0,0,Mature,
2026-04-24,C089,LinkedIn,In-House - Enterprise,US,Demo,ROI,CR006,16,193.65,2564,29,1.14,0,0,0,0,0,Mature,
2026-04-25,C089,LinkedIn,In-House - Enterprise,US,Demo,ROI,CR006,17,153.79,2361,25,1.064,0,0,0,0,0,Mature,
2026-04-26,C089,LinkedIn,In-House - Enterprise,US,Demo,ROI,CR006,18,172.99,2789,27,0.979,0,0,0,0,0,Mature,
2026-04-27,C089,LinkedIn,In-House - Enterprise,US,Demo,ROI,CR006,19,257.66,4166,50,1.221,0,0,0,0,0,Mature,
2026-04-28,C089,LinkedIn,In-House - Enterprise,US,Demo,ROI,CR006,20,251.22,3613,43,1.203,0,0,0,0,0,Mature,
2026-04-29,C089,LinkedIn,In-House - Enterprise,US,Demo,ROI,CR006,21,217.07,3264,39,1.221,0,0,0,0,0,Mature,
2026-04-30,C089,LinkedIn,In-House - Enterprise,US,Demo,ROI,CR006,22,198.83,2870,30,1.053,0,0,0,0,0,Mature,
2026-05-01,C089,LinkedIn,In-House - Enterprise,US,Demo,ROI,CR006,23,238.95,3805,45,1.202,0,0,0,0,0,Mature,
2026-05-02,C089,LinkedIn,In-House - Enterprise,US,Demo,ROI,CR006,24,124.22,1989,17,0.9,0,0,0,0,0,Mature,
2026-05-03,C089,LinkedIn,In-House - Enterprise,US,Demo,ROI,CR006,25,136.35,2057,25,1.233,0,0,0,0,0,Mature,
2026-05-04,C089,LinkedIn,In-House - Enterprise,US,Demo,ROI,CR006,26,261.13,3790,39,1.039,0,0,0,0,0,Mature,
2026-05-05,C089,LinkedIn,In-House - Enterprise,US,Demo,ROI,CR006,27,206.05,3269,38,1.18,0,0,0,0,0,Mature,
2026-05-06,C089,LinkedIn,In-House - Enterprise,US,Demo,ROI,CR006,28,188.4,2727,26,0.973,0,0,0,0,0,Mature,
2026-05-07,C089,LinkedIn,In-House - Enterprise,US,Demo,ROI,CR006,29,252.13,4063,42,1.049,0,0,0,0,0,Mature,
2026-05-08,C089,LinkedIn,In-House - Enterprise,US,Demo,ROI,CR006,30,198.11,2713,29,1.079,0,0,0,0,0,Mature,
2026-05-09,C089,LinkedIn,In-House - Enterprise,US,Demo,ROI,CR006,31,124.09,1717,21,1.247,0,0,0,0,0,Mature,
2026-05-10,C089,LinkedIn,In-House - Enterprise,US,Demo,ROI,CR006,32,154.88,2217,22,1.025,0,0,0,0,0,Mature,
2026-05-11,C089,LinkedIn,In-House - Enterprise,US,Demo,ROI,CR006,33,221.89,3098,36,1.189,0,0,0,0,0,Mature,
2026-05-12,C089,LinkedIn,In-House - Enterprise,US,Demo,ROI,CR006,34,205.57,3141,37,1.208,0,0,0,0,0,Mature,
2026-05-13,C089,LinkedIn,In-House - Enterprise,US,Demo,ROI,CR006,35,216.44,3026,32,1.058,0,0,0,0,0,Mature,
2026-05-14,C089,LinkedIn,In-House - Enterprise,US,Demo,ROI,CR006,36,237.03,3483,33,0.973,0,0,0,0,0,Mature,
2026-05-15,C089,LinkedIn,In-House - Enterprise,US,Demo,ROI,CR006,37,243.49,3688,41,1.132,0,0,0,0,0,Mature,
2026-05-16,C089,LinkedIn,In-House - Enterprise,US,Demo,ROI,CR006,38,159.44,2169,23,1.09,0,0,0,0,0,Mature,
2026-05-17,C089,LinkedIn,In-House - Enterprise,US,Demo,ROI,CR006,39,174.93,2717,34,1.254,0,0,0,0,0,Mature,
2026-05-18,C089,LinkedIn,In-House - Enterprise,US,Demo,ROI,CR006,40,226.52,3256,40,1.253,0,0,0,0,0,Mature,
2026-05-19,C089,LinkedIn,In-House - Enterprise,US,Demo,ROI,CR006,41,215.32,3238,28,0.892,0,0,0,0,0,Mature,
2026-05-20,C089,LinkedIn,In-House - Enterprise,US,Demo,ROI,CR006,42,240.99,3567,42,1.19,0,0,0,0,0,Mature,
2026-05-21,C089,LinkedIn,In-House - Enterprise,US,Demo,ROI,CR006,43,269.57,4225,44,1.054,0,0,0,0,0,Mature,
2026-05-22,C089,LinkedIn,In-House - Enterprise,US,Demo,ROI,CR006,44,207.69,3096,33,1.076,0,0,0,0,0,Mature,
2026-05-23,C089,LinkedIn,In-House - Enterprise,US,Demo,ROI,CR006,45,138.27,1854,20,1.124,0,0,0,0,0,Mature,
2026-05-24,C089,LinkedIn,In-House - Enterprise,US,Demo,ROI,CR006,46,145.53,2293,27,1.211,0,0,0,0,0,Mature,
2026-05-25,C089,LinkedIn,In-House - Enterprise,US,Demo,ROI,CR006,47,237.86,3203,31,0.985,0,0,0,0,0,Mature,
2026-05-26,C089,LinkedIn,In-House - Enterprise,US,Demo,ROI,CR006,48,214.42,3238,28,0.891,0,0,0,0,0,Mature,
2026-05-27,C089,LinkedIn,In-House - Enterprise,US,Demo,ROI,CR006,49,203.97,3076,29,0.957,0,0,0,0,0,Mature,
2026-05-28,C089,LinkedIn,In-House - Enterprise,US,Demo,ROI,CR006,50,247.77,3757,30,0.819,0,0,0,0,0,Mature,
2026-05-29,C089,LinkedIn,In-House - Enterprise,US,Demo,ROI,CR006,51,205.07,3090,34,1.113,0,0,0,0,0,Mature,
2026-05-30,C089,LinkedIn,In-House - Enterprise,US,Demo,ROI,CR006,52,125.15,1675,15,0.947,0,0,0,0,0,Mature,
2026-05-31,C089,LinkedIn,In-House - Enterprise,US,Demo,ROI,CR006,53,172.06,2702,27,1.018,0,0,0,0,0,Mature,
2026-06-01,C089,LinkedIn,In-House - Enterprise,US,Demo,ROI,CR006,54,215.34,3322,26,0.792,0,0,0,0,0,Mature,
2026-06-02,C089,LinkedIn,In-House - Enterprise,US,Demo,ROI,CR006,55,198.61,2650,22,0.847,0,0,0,0,0,Mature,
2026-06-03,C089,LinkedIn,In-House - Enterprise,US,Demo,ROI,CR006,56,199.93,2839,26,0.938,0,0,0,0,0,Mature,
2026-06-04,C089,LinkedIn,In-House - Enterprise,US,Demo,ROI,CR006,57,227.62,3617,30,0.848,0,0,0,0,0,Mature,
2026-06-05,C089,LinkedIn,In-House - Enterprise,US,Demo,ROI,CR006,58,201.06,3243,29,0.907,0,0,0,0,0,Mature,
2026-06-06,C089,LinkedIn,In-House - Enterprise,US,Demo,ROI,CR006,59,137.72,2035,17,0.847,0,0,0,0,0,Mature,
2026-06-07,C089,LinkedIn,In-House - Enterprise,US,Demo,ROI,CR006,60,136.54,1831,18,0.99,0,0,0,0,0,Mature,
2026-01-11,C090,Meta,Law Firm - Enterprise,UK,Content Download,ROI,CR003,1,239.93,13343,233,1.75,6,1,0,0,0,Mature,
2026-01-12,C090,Meta,Law Firm - Enterprise,UK,Content Download,ROI,CR003,2,281.99,13411,227,1.694,7,2,0,0,0,Mature,
2026-01-13,C090,Meta,Law Firm - Enterprise,UK,Content Download,ROI,CR003,3,339.91,18226,305,1.675,9,3,0,0,0,Mature,
2026-01-14,C090,Meta,Law Firm - Enterprise,UK,Content Download,ROI,CR003,4,348.84,19534,358,1.833,13,4,0,0,0,Mature,
2026-01-15,C090,Meta,Law Firm - Enterprise,UK,Content Download,ROI,CR003,5,370.37,19683,349,1.777,9,2,0,0,0,Mature,
2026-01-16,C090,Meta,Law Firm - Enterprise,UK,Content Download,ROI,CR003,6,291.45,15668,312,1.996,12,3,0,0,0,Mature,
2026-01-17,C090,Meta,Law Firm - Enterprise,UK,Content Download,ROI,CR003,7,194.1,11001,210,1.915,8,2,0,0,0,Mature,
2026-01-18,C090,Meta,Law Firm - Enterprise,UK,Content Download,ROI,CR003,8,236.8,12735,258,2.028,9,3,0,0,0,Mature,
2026-01-19,C090,Meta,Law Firm - Enterprise,UK,Content Download,ROI,CR003,9,355.29,18087,371,2.056,13,3,0,0,0,Mature,
2026-01-20,C090,Meta,Law Firm - Enterprise,UK,Content Download,ROI,CR003,10,317.7,15729,278,1.77,8,2,0,0,0,Mature,
2026-01-21,C090,Meta,Law Firm - Enterprise,UK,Content Download,ROI,CR003,11,363.15,20134,399,1.982,13,4,0,0,0,Mature,
2026-01-22,C090,Meta,Law Firm - Enterprise,UK,Content Download,ROI,CR003,12,352.9,18234,262,1.438,10,2,0,0,0,Mature,
2026-01-23,C090,Meta,Law Firm - Enterprise,UK,Content Download,ROI,CR003,13,328.78,18343,281,1.536,8,2,0,0,0,Mature,
2026-01-24,C090,Meta,Law Firm - Enterprise,UK,Content Download,ROI,CR003,14,179.24,9253,140,1.523,4,1,0,0,0,Mature,
2026-01-25,C090,Meta,Law Firm - Enterprise,UK,Content Download,ROI,CR003,15,229.6,12349,242,1.966,7,2,0,0,0,Mature,
2026-01-26,C090,Meta,Law Firm - Enterprise,UK,Content Download,ROI,CR003,16,270.59,13246,197,1.494,5,1,0,0,0,Mature,
2026-01-27,C090,Meta,Law Firm - Enterprise,UK,Content Download,ROI,CR003,17,339.27,16737,263,1.576,7,2,0,0,0,Mature,
2026-01-28,C090,Meta,Law Firm - Enterprise,UK,Content Download,ROI,CR003,18,288.57,14240,220,1.551,6,1,0,0,0,Mature,
2026-01-29,C090,Meta,Law Firm - Enterprise,UK,Content Download,ROI,CR003,19,351.45,18812,313,1.668,10,3,0,0,0,Mature,
2026-01-30,C090,Meta,Law Firm - Enterprise,UK,Content Download,ROI,CR003,20,331.43,18542,272,1.468,10,3,0,0,0,Mature,
2026-01-31,C090,Meta,Law Firm - Enterprise,UK,Content Download,ROI,CR003,21,173.62,9766,192,1.967,7,2,0,0,0,Mature,
2026-02-01,C090,Meta,Law Firm - Enterprise,UK,Content Download,ROI,CR003,22,209.24,10613,209,1.977,8,3,0,0,0,Mature,
2026-02-02,C090,Meta,Law Firm - Enterprise,UK,Content Download,ROI,CR003,23,376.07,21015,372,1.771,13,3,0,0,0,Mature,
2026-02-03,C090,Meta,Law Firm - Enterprise,UK,Content Download,ROI,CR003,24,336.67,17559,356,2.031,12,4,0,0,0,Mature,
2026-02-04,C090,Meta,Law Firm - Enterprise,UK,Content Download,ROI,CR003,25,342.92,18056,372,2.061,10,3,0,0,0,Mature,
2026-02-05,C090,Meta,Law Firm - Enterprise,UK,Content Download,ROI,CR003,26,319.92,15177,295,1.949,12,3,0,0,0,Mature,
2026-02-06,C090,Meta,Law Firm - Enterprise,UK,Content Download,ROI,CR003,27,275.41,13479,214,1.588,8,2,0,0,0,Mature,
2026-02-07,C090,Meta,Law Firm - Enterprise,UK,Content Download,ROI,CR003,28,211.2,11252,186,1.654,7,2,0,0,0,Mature,
2026-02-08,C090,Meta,Law Firm - Enterprise,UK,Content Download,ROI,CR003,29,177.73,9814,163,1.669,5,1,0,0,0,Mature,
2026-02-09,C090,Meta,Law Firm - Enterprise,UK,Content Download,ROI,CR003,30,364.96,18661,293,1.575,11,4,0,0,0,Mature,
2026-02-10,C090,Meta,Law Firm - Enterprise,UK,Content Download,ROI,CR003,31,255.57,13585,260,1.915,9,3,0,0,0,Mature,
2026-02-11,C090,Meta,Law Firm - Enterprise,UK,Content Download,ROI,CR003,32,347.6,19528,322,1.652,9,2,0,0,0,Mature,
2026-02-12,C090,Meta,Law Firm - Enterprise,UK,Content Download,ROI,CR003,33,362.94,17355,347,2.001,14,5,0,0,0,Mature,
2026-02-13,C090,Meta,Law Firm - Enterprise,UK,Content Download,ROI,CR003,34,323.14,15814,253,1.602,10,4,0,0,0,Mature,
2026-02-14,C090,Meta,Law Firm - Enterprise,UK,Content Download,ROI,CR003,35,189.0,9621,144,1.506,4,1,0,0,0,Mature,
2026-02-15,C090,Meta,Law Firm - Enterprise,UK,Content Download,ROI,CR003,36,175.16,9005,141,1.573,4,1,0,0,0,Mature,
2026-02-16,C090,Meta,Law Firm - Enterprise,UK,Content Download,ROI,CR003,37,368.91,19015,366,1.928,13,5,0,0,0,Mature,
2026-02-17,C090,Meta,Law Firm - Enterprise,UK,Content Download,ROI,CR003,38,304.96,15588,321,2.062,12,4,0,0,0,Mature,
2026-02-18,C090,Meta,Law Firm - Enterprise,UK,Content Download,ROI,CR003,39,326.86,17366,350,2.016,11,4,0,0,0,Mature,
2026-02-19,C090,Meta,Law Firm - Enterprise,UK,Content Download,ROI,CR003,40,267.35,14379,209,1.454,8,2,0,0,0,Mature,
2026-02-20,C090,Meta,Law Firm - Enterprise,UK,Content Download,ROI,CR003,41,330.07,17498,324,1.852,8,2,0,0,0,Mature,
2026-02-21,C090,Meta,Law Firm - Enterprise,UK,Content Download,ROI,CR003,42,182.0,10160,188,1.858,5,2,0,0,0,Mature,
2026-02-22,C090,Meta,Law Firm - Enterprise,UK,Content Download,ROI,CR003,43,177.96,9882,149,1.517,6,2,0,0,0,Mature,
2026-02-23,C090,Meta,Law Firm - Enterprise,UK,Content Download,ROI,CR003,44,343.42,16914,256,1.517,8,2,0,0,0,Mature,
2026-02-24,C090,Meta,Law Firm - Enterprise,UK,Content Download,ROI,CR003,45,263.38,13951,220,1.581,7,2,0,0,0,Mature,
2026-02-25,C090,Meta,Law Firm - Enterprise,UK,Content Download,ROI,CR003,46,343.67,17272,265,1.538,11,4,0,,,Mature,Missing CRM attribution
2026-02-26,C090,Meta,Law Firm - Enterprise,UK,Content Download,ROI,CR003,47,349.9,17217,287,1.67,9,2,0,0,0,Mature,
2026-02-27,C090,Meta,Law Firm - Enterprise,UK,Content Download,ROI,CR003,48,342.08,18097,310,1.714,11,3,0,0,0,Mature,
2026-02-28,C090,Meta,Law Firm - Enterprise,UK,Content Download,ROI,CR003,49,180.4,9137,157,1.718,6,1,0,0,0,Mature,
2026-03-01,C090,Meta,Law Firm - Enterprise,UK,Content Download,ROI,CR003,50,188.96,8951,128,1.441,4,1,0,0,0,Mature,
2026-03-02,C090,Meta,Law Firm - Enterprise,UK,Content Download,ROI,CR003,51,361.36,19787,339,1.714,11,4,0,0,0,Mature,
2026-03-03,C090,Meta,Law Firm - Enterprise,UK,Content Download,ROI,CR003,52,257.38,13856,188,1.36,5,1,0,0,0,Mature,
2026-03-04,C090,Meta,Law Firm - Enterprise,UK,Content Download,ROI,CR003,53,330.06,15804,209,1.328,7,2,0,0,0,Mature,
2026-03-05,C090,Meta,Law Firm - Enterprise,UK,Content Download,ROI,CR003,54,328.65,16239,249,1.535,8,2,0,0,0,Mature,
2026-03-06,C090,Meta,Law Firm - Enterprise,UK,Content Download,ROI,CR003,55,295.14,15802,246,1.563,7,2,0,0,0,Mature,
2026-03-07,C090,Meta,Law Firm - Enterprise,UK,Content Download,ROI,CR003,56,202.14,11324,175,1.553,6,2,0,0,0,Mature,
2026-03-08,C090,Meta,Law Firm - Enterprise,UK,Content Download,ROI,CR003,57,186.98,10546,147,1.397,4,1,0,0,0,Mature,
2026-03-09,C090,Meta,Law Firm - Enterprise,UK,Content Download,ROI,CR003,58,261.12,13408,169,1.267,7,2,0,0,0,Mature,
2026-03-10,C090,Meta,Law Firm - Enterprise,UK,Content Download,ROI,CR003,59,350.94,17406,247,1.42,8,3,0,0,0,Mature,
2026-03-11,C090,Meta,Law Firm - Enterprise,UK,Content Download,ROI,CR003,60,254.45,13886,207,1.492,5,1,0,0,0,Mature,
2026-03-12,C090,Meta,Law Firm - Enterprise,UK,Content Download,ROI,CR003,61,353.67,19691,275,1.401,11,4,0,0,0,Mature,
2026-03-13,C090,Meta,Law Firm - Enterprise,UK,Content Download,ROI,CR003,62,259.32,12406,164,1.324,4,1,0,0,0,Mature,
2026-03-14,C090,Meta,Law Firm - Enterprise,UK,Content Download,ROI,CR003,63,223.51,12736,181,1.427,6,1,0,0,0,Mature,
2026-03-15,C090,Meta,Law Firm - Enterprise,UK,Content Download,ROI,CR003,64,184.83,9971,131,1.32,4,1,0,0,0,Mature,
2026-03-16,C090,Meta,Law Firm - Enterprise,UK,Content Download,ROI,CR003,65,373.55,17927,250,1.4,8,3,0,0,0,Mature,
2026-03-17,C090,Meta,Law Firm - Enterprise,UK,Content Download,ROI,CR003,66,372.99,18115,191,1.059,6,1,0,0,0,Mature,
2026-03-18,C090,Meta,Law Firm - Enterprise,UK,Content Download,ROI,CR003,67,300.83,15745,190,1.212,6,2,0,0,0,Mature,
2026-03-19,C090,Meta,Law Firm - Enterprise,UK,Content Download,ROI,CR003,68,267.46,14236,190,1.339,7,2,0,0,0,Mature,
2026-03-20,C090,Meta,Law Firm - Enterprise,UK,Content Download,ROI,CR003,69,357.53,20436,254,1.246,9,2,0,0,0,Mature,
2026-03-21,C090,Meta,Law Firm - Enterprise,UK,Content Download,ROI,CR003,70,199.97,10437,117,1.126,4,1,0,0,0,Mature,
2026-03-29,C091,Google,Law Firm - Mid-Market,US,Webinar,Customer Proof,CR013,1,200.27,6464,235,3.647,4,3,0,0,0,Mature,
2026-03-30,C091,Google,Law Firm - Mid-Market,US,Webinar,Customer Proof,CR013,2,311.19,9957,329,3.308,5,3,0,0,0,Mature,
2026-03-31,C091,Google,Law Firm - Mid-Market,US,Webinar,Customer Proof,CR013,3,320.39,11006,371,3.371,5,2,0,0,0,Mature,
2026-04-01,C091,Google,Law Firm - Mid-Market,US,Webinar,Customer Proof,CR013,4,306.31,8982,290,3.233,4,2,0,0,0,Mature,
2026-04-02,C091,Google,Law Firm - Mid-Market,US,Webinar,Customer Proof,CR013,5,361.19,11540,436,3.783,6,3,0,0,0,Mature,
2026-04-03,C091,Google,Law Firm - Mid-Market,US,Webinar,Customer Proof,CR013,6,290.14,9386,312,3.33,5,2,0,0,0,Mature,
2026-04-04,C091,Google,Law Firm - Mid-Market,US,Webinar,Customer Proof,CR013,7,229.0,6666,185,2.782,3,1,0,0,0,Mature,
2026-04-05,C091,Google,Law Firm - Mid-Market,US,Webinar,Customer Proof,CR013,8,164.94,5492,210,3.834,3,2,0,0,0,Mature,
2026-04-06,C091,Google,Law Firm - Mid-Market,US,Webinar,Customer Proof,CR013,9,329.46,9418,303,3.219,6,3,0,0,0,Mature,
2026-04-07,C091,Google,Law Firm - Mid-Market,US,Webinar,Customer Proof,CR013,10,274.83,8837,339,3.838,6,2,0,0,0,Mature,
2026-04-08,C091,Google,Law Firm - Mid-Market,US,Webinar,Customer Proof,CR013,11,288.84,9177,322,3.516,5,3,0,0,0,Mature,
2026-04-09,C091,Google,Law Firm - Mid-Market,US,Webinar,Customer Proof,CR013,12,360.5,12376,440,3.558,7,3,0,0,0,Mature,
2026-04-10,C091,Google,Law Firm - Mid-Market,US,Webinar,Customer Proof,CR013,13,288.16,9327,289,3.105,6,4,0,0,0,Mature,
2026-04-11,C091,Google,Law Firm - Mid-Market,US,Webinar,Customer Proof,CR013,14,185.17,5844,163,2.797,3,1,0,0,0,Mature,
2026-04-12,C091,Google,Law Firm - Mid-Market,US,Webinar,Customer Proof,CR013,15,175.69,5342,168,3.162,3,2,0,0,0,Mature,
2026-04-13,C091,Google,Law Firm - Mid-Market,US,Webinar,Customer Proof,CR013,16,320.15,9815,384,3.913,7,3,0,0,0,Mature,
2026-04-14,C091,Google,Law Firm - Mid-Market,US,Webinar,Customer Proof,CR013,17,339.37,11098,431,3.891,8,6,0,0,0,Mature,
2026-04-15,C091,Google,Law Firm - Mid-Market,US,Webinar,Customer Proof,CR013,18,265.28,8530,264,3.1,3,1,0,0,0,Mature,
2026-04-16,C091,Google,Law Firm - Mid-Market,US,Webinar,Customer Proof,CR013,19,306.64,10119,372,3.678,7,4,0,0,0,Mature,
2026-04-17,C091,Google,Law Firm - Mid-Market,US,Webinar,Customer Proof,CR013,20,253.75,7565,255,3.38,5,3,0,0,0,Mature,
2026-04-18,C091,Google,Law Firm - Mid-Market,US,Webinar,Customer Proof,CR013,21,227.18,7649,264,3.459,5,3,0,0,0,Mature,
2026-04-19,C091,Google,Law Firm - Mid-Market,US,Webinar,Customer Proof,CR013,22,239.89,6848,242,3.538,5,3,0,0,0,Mature,
2026-04-20,C091,Google,Law Firm - Mid-Market,US,Webinar,Customer Proof,CR013,23,353.66,10331,373,3.615,6,3,0,0,0,Mature,
2026-04-21,C091,Google,Law Firm - Mid-Market,US,Webinar,Customer Proof,CR013,24,325.95,10445,378,3.619,5,3,0,0,0,Mature,
2026-04-22,C091,Google,Law Firm - Mid-Market,US,Webinar,Customer Proof,CR013,25,289.35,9576,295,3.09,6,2,0,0,0,Mature,
2026-04-23,C091,Google,Law Firm - Mid-Market,US,Webinar,Customer Proof,CR013,26,295.11,9735,342,3.514,6,3,0,0,0,Mature,
2026-04-24,C091,Google,Law Firm - Mid-Market,US,Webinar,Customer Proof,CR013,27,292.12,8981,319,3.557,7,4,0,,,Mature,Missing CRM attribution
2026-04-25,C091,Google,Law Firm - Mid-Market,US,Webinar,Customer Proof,CR013,28,180.69,5891,210,3.581,4,2,0,0,0,Mature,
2026-04-26,C091,Google,Law Firm - Mid-Market,US,Webinar,Customer Proof,CR013,29,201.23,6717,223,3.321,4,2,0,0,0,Mature,
2026-04-27,C091,Google,Law Firm - Mid-Market,US,Webinar,Customer Proof,CR013,30,325.11,10403,292,2.813,5,3,0,0,0,Mature,
2026-04-28,C091,Google,Law Firm - Mid-Market,US,Webinar,Customer Proof,CR013,31,361.03,11736,453,3.863,10,7,1,59798,17829,Mature,
2026-04-29,C091,Google,Law Firm - Mid-Market,US,Webinar,Customer Proof,CR013,32,282.01,8119,227,2.798,4,2,0,0,0,Mature,
2026-04-30,C091,Google,Law Firm - Mid-Market,US,Webinar,Customer Proof,CR013,33,361.75,11212,425,3.798,7,3,0,0,0,Mature,
2026-05-01,C091,Google,Law Firm - Mid-Market,US,Webinar,Customer Proof,CR013,34,285.46,8188,323,3.951,6,4,0,0,0,Mature,
2026-05-02,C091,Google,Law Firm - Mid-Market,US,Webinar,Customer Proof,CR013,35,189.65,6408,191,2.982,3,1,0,0,0,Mature,
2026-01-31,C092,LinkedIn,Law Firm - Mid-Market,DACH,Demo,ROI,CR001,1,253.94,3946,48,1.238,0,0,0,0,0,Mature,
2026-02-01,C092,LinkedIn,Law Firm - Mid-Market,DACH,Demo,ROI,CR001,2,271.25,4239,47,1.114,0,0,0,0,0,Mature,
2026-02-02,C092,LinkedIn,Law Firm - Mid-Market,DACH,Demo,ROI,CR001,3,374.55,5584,57,1.036,0,0,0,0,0,Mature,
2026-02-03,C092,LinkedIn,Law Firm - Mid-Market,DACH,Demo,ROI,CR001,4,412.54,5979,63,1.07,0,0,0,0,0,Mature,
2026-02-04,C092,LinkedIn,Law Firm - Mid-Market,DACH,Demo,ROI,CR001,5,429.45,6669,82,1.236,0,0,0,0,0,Mature,
2026-02-05,C092,LinkedIn,Law Firm - Mid-Market,DACH,Demo,ROI,CR001,6,498.12,7662,76,1.001,0,0,0,0,0,Mature,
2026-02-06,C092,LinkedIn,Law Firm - Mid-Market,DACH,Demo,ROI,CR001,7,386.45,6181,61,0.997,0,0,0,0,0,Mature,
2026-02-07,C092,LinkedIn,Law Firm - Mid-Market,DACH,Demo,ROI,CR001,8,259.35,3906,34,0.893,0,0,0,0,0,Mature,
2026-02-08,C092,LinkedIn,Law Firm - Mid-Market,DACH,Demo,ROI,CR001,9,317.57,4651,43,0.926,0,0,0,0,0,Mature,
2026-02-09,C092,LinkedIn,Law Firm - Mid-Market,DACH,Demo,ROI,CR001,10,395.71,6231,59,0.953,0,0,0,0,0,Mature,
2026-02-10,C092,LinkedIn,Law Firm - Mid-Market,DACH,Demo,ROI,CR001,11,491.45,7364,76,1.033,0,0,0,0,0,Mature,
2026-02-11,C092,LinkedIn,Law Firm - Mid-Market,DACH,Demo,ROI,CR001,12,464.37,6960,65,0.941,0,0,0,0,0,Mature,
2026-02-12,C092,LinkedIn,Law Firm - Mid-Market,DACH,Demo,ROI,CR001,13,427.71,6464,80,1.244,0,0,0,0,0,Mature,
2026-02-13,C092,LinkedIn,Law Firm - Mid-Market,DACH,Demo,ROI,CR001,14,536.1,7377,90,1.231,0,0,0,0,0,Mature,
2026-02-14,C092,LinkedIn,Law Firm - Mid-Market,DACH,Demo,ROI,CR001,15,286.78,4095,51,1.248,0,0,0,0,0,Mature,
2026-02-15,C092,LinkedIn,Law Firm - Mid-Market,DACH,Demo,ROI,CR001,16,332.42,4901,52,1.077,0,0,0,0,0,Mature,
2026-02-16,C092,LinkedIn,Law Firm - Mid-Market,DACH,Demo,ROI,CR001,17,363.24,4853,60,1.237,0,0,0,0,0,Mature,
2026-02-17,C092,LinkedIn,Law Firm - Mid-Market,DACH,Demo,ROI,CR001,18,390.23,6091,68,1.118,0,0,0,0,0,Mature,
2026-02-18,C092,LinkedIn,Law Firm - Mid-Market,DACH,Demo,ROI,CR001,19,394.92,6178,72,1.171,0,0,0,0,0,Mature,
2026-02-19,C092,LinkedIn,Law Firm - Mid-Market,DACH,Demo,ROI,CR001,20,366.61,4935,60,1.228,0,0,0,0,0,Mature,
2026-02-20,C092,LinkedIn,Law Firm - Mid-Market,DACH,Demo,ROI,CR001,21,474.13,7478,70,0.946,0,0,0,0,0,Mature,
2026-02-21,C092,LinkedIn,Law Firm - Mid-Market,DACH,Demo,ROI,CR001,22,237.29,3583,44,1.247,0,0,0,0,0,Mature,
2026-02-22,C092,LinkedIn,Law Firm - Mid-Market,DACH,Demo,ROI,CR001,23,311.0,4198,38,0.911,0,0,0,0,0,Mature,
2026-02-23,C092,LinkedIn,Law Firm - Mid-Market,DACH,Demo,ROI,CR001,24,380.9,5130,54,1.058,0,0,0,0,0,Mature,
2026-02-24,C092,LinkedIn,Law Firm - Mid-Market,DACH,Demo,ROI,CR001,25,509.14,8206,85,1.041,0,0,0,0,0,Mature,
2026-02-25,C092,LinkedIn,Law Firm - Mid-Market,DACH,Demo,ROI,CR001,26,451.91,6365,62,0.981,0,0,0,0,0,Mature,
2026-02-26,C092,LinkedIn,Law Firm - Mid-Market,DACH,Demo,ROI,CR001,27,374.92,5864,74,1.272,0,0,0,0,0,Mature,
2026-02-27,C092,LinkedIn,Law Firm - Mid-Market,DACH,Demo,ROI,CR001,28,508.98,7832,97,1.245,0,0,0,0,0,Mature,
2026-02-28,C092,LinkedIn,Law Firm - Mid-Market,DACH,Demo,ROI,CR001,29,237.83,3834,48,1.254,0,0,0,0,0,Mature,
2026-03-01,C092,LinkedIn,Law Firm - Mid-Market,DACH,Demo,ROI,CR001,30,318.07,4269,48,1.128,0,0,0,0,0,Mature,
2026-03-02,C092,LinkedIn,Law Firm - Mid-Market,DACH,Demo,ROI,CR001,31,400.16,5608,53,0.946,0,0,0,0,0,Mature,
2026-03-03,C092,LinkedIn,Law Firm - Mid-Market,DACH,Demo,ROI,CR001,32,449.23,6374,75,1.179,0,0,0,0,0,Mature,
2026-03-04,C092,LinkedIn,Law Firm - Mid-Market,DACH,Demo,ROI,CR001,33,476.95,7618,83,1.094,0,0,0,0,0,Mature,
2026-03-05,C092,LinkedIn,Law Firm - Mid-Market,DACH,Demo,ROI,CR001,34,410.42,5628,63,1.133,0,0,0,0,0,Mature,
2026-03-06,C092,LinkedIn,Law Firm - Mid-Market,DACH,Demo,ROI,CR001,35,427.79,5956,53,0.9,0,0,0,0,0,Mature,
2026-03-07,C092,LinkedIn,Law Firm - Mid-Market,DACH,Demo,ROI,CR001,36,260.48,3778,37,0.989,0,0,0,0,0,Mature,
2026-03-08,C092,LinkedIn,Law Firm - Mid-Market,DACH,Demo,ROI,CR001,37,261.94,3731,40,1.087,0,0,0,0,0,Mature,
2026-03-09,C092,LinkedIn,Law Firm - Mid-Market,DACH,Demo,ROI,CR001,38,374.2,5376,51,0.951,0,0,0,0,0,Mature,
2026-03-10,C092,LinkedIn,Law Firm - Mid-Market,DACH,Demo,ROI,CR001,39,429.58,6569,72,1.098,0,0,0,0,0,Mature,
2026-03-11,C092,LinkedIn,Law Firm - Mid-Market,DACH,Demo,ROI,CR001,40,459.87,6703,69,1.035,0,0,0,0,0,Mature,
2026-03-12,C092,LinkedIn,Law Firm - Mid-Market,DACH,Demo,ROI,CR001,41,367.5,5118,46,0.905,0,0,0,0,0,Mature,
2026-03-13,C092,LinkedIn,Law Firm - Mid-Market,DACH,Demo,ROI,CR001,42,513.95,7607,87,1.148,0,0,0,0,0,Mature,
2026-03-14,C092,LinkedIn,Law Firm - Mid-Market,DACH,Demo,ROI,CR001,43,325.74,4835,58,1.218,0,0,0,0,0,Mature,
2026-03-15,C092,LinkedIn,Law Firm - Mid-Market,DACH,Demo,ROI,CR001,44,346.34,4977,43,0.877,0,0,0,0,0,Mature,
2026-03-16,C092,LinkedIn,Law Firm - Mid-Market,DACH,Demo,ROI,CR001,45,441.51,6993,80,1.156,0,0,0,0,0,Mature,
2026-03-17,C092,LinkedIn,Law Firm - Mid-Market,DACH,Demo,ROI,CR001,46,522.34,8384,96,1.152,0,0,0,0,0,Mature,
2026-03-18,C092,LinkedIn,Law Firm - Mid-Market,DACH,Demo,ROI,CR001,47,380.29,6033,69,1.153,0,0,0,0,0,Mature,
2026-03-19,C092,LinkedIn,Law Firm - Mid-Market,DACH,Demo,ROI,CR001,48,436.07,5788,62,1.075,0,0,0,0,0,Mature,
2026-03-20,C092,LinkedIn,Law Firm - Mid-Market,DACH,Demo,ROI,CR001,49,417.47,6655,59,0.891,0,0,0,0,0,Mature,
2026-03-21,C092,LinkedIn,Law Firm - Mid-Market,DACH,Demo,ROI,CR001,50,322.82,4475,39,0.883,0,0,0,0,0,Mature,
2026-03-22,C092,LinkedIn,Law Firm - Mid-Market,DACH,Demo,ROI,CR001,51,246.72,3708,38,1.039,0,0,0,0,0,Mature,
2026-03-23,C092,LinkedIn,Law Firm - Mid-Market,DACH,Demo,ROI,CR001,52,495.61,7858,66,0.847,0,0,0,0,0,Mature,
2026-03-24,C092,LinkedIn,Law Firm - Mid-Market,DACH,Demo,ROI,CR001,53,450.63,7221,61,0.857,0,0,0,0,0,Mature,
2026-03-25,C092,LinkedIn,Law Firm - Mid-Market,DACH,Demo,ROI,CR001,54,381.28,6006,47,0.794,0,0,0,0,0,Mature,
2026-03-26,C092,LinkedIn,Law Firm - Mid-Market,DACH,Demo,ROI,CR001,55,361.88,5741,46,0.817,0,0,0,0,0,Mature,
2026-03-27,C092,LinkedIn,Law Firm - Mid-Market,DACH,Demo,ROI,CR001,56,363.79,5248,39,0.759,0,0,0,0,0,Mature,
2026-03-28,C092,LinkedIn,Law Firm - Mid-Market,DACH,Demo,ROI,CR001,57,292.16,4706,36,0.783,0,0,0,0,0,Mature,
2026-03-29,C092,LinkedIn,Law Firm - Mid-Market,DACH,Demo,ROI,CR001,58,269.08,4067,33,0.832,0,0,0,0,0,Mature,
2026-03-30,C092,LinkedIn,Law Firm - Mid-Market,DACH,Demo,ROI,CR001,59,424.08,6623,55,0.839,0,0,0,0,0,Mature,
2026-04-03,C093,Meta,Law Firm - Enterprise,France,Demo,ROI,CR001,1,1471.27,84799,1263,1.49,9,2,0,0,0,Mature,
2026-04-04,C093,Meta,Law Firm - Enterprise,France,Demo,ROI,CR001,2,906.45,47306,963,2.036,8,2,0,0,0,Mature,
2026-04-05,C093,Meta,Law Firm - Enterprise,France,Demo,ROI,CR001,3,761.99,41558,849,2.044,7,2,0,0,0,Mature,
2026-04-06,C093,Meta,Law Firm - Enterprise,France,Demo,ROI,CR001,4,1473.64,75263,1141,1.516,7,2,0,0,0,Mature,
2026-04-07,C093,Meta,Law Firm - Enterprise,France,Demo,ROI,CR001,5,1217.16,61472,1256,2.044,7,2,0,0,0,Mature,
2026-04-08,C093,Meta,Law Firm - Enterprise,France,Demo,ROI,CR001,6,1202.24,65829,1252,1.903,10,3,0,0,0,Mature,
2026-04-09,C093,Meta,Law Firm - Enterprise,France,Demo,ROI,CR001,7,1268.15,68474,1061,1.55,8,3,0,0,0,Mature,
2026-04-10,C093,Meta,Law Firm - Enterprise,France,Demo,ROI,CR001,8,1530.08,77723,1433,1.844,8,2,0,0,0,Mature,
2026-04-11,C093,Meta,Law Firm - Enterprise,France,Demo,ROI,CR001,9,780.8,38328,581,1.517,4,1,0,0,0,Mature,
2026-04-12,C093,Meta,Law Firm - Enterprise,France,Demo,ROI,CR001,10,889.05,50603,745,1.473,5,1,0,0,0,Mature,
2026-04-13,C093,Meta,Law Firm - Enterprise,France,Demo,ROI,CR001,11,1596.64,84431,1325,1.57,8,3,0,0,0,Mature,
2026-04-14,C093,Meta,Law Firm - Enterprise,France,Demo,ROI,CR001,12,1598.08,87807,1687,1.921,13,4,0,0,0,Mature,
2026-04-15,C093,Meta,Law Firm - Enterprise,France,Demo,ROI,CR001,13,1105.33,56800,855,1.506,6,2,0,0,0,Mature,
2026-04-16,C093,Meta,Law Firm - Enterprise,France,Demo,ROI,CR001,14,1483.86,77540,1588,2.049,12,3,0,0,0,Mature,
2026-04-17,C093,Meta,Law Firm - Enterprise,France,Demo,ROI,CR001,15,1192.64,67854,1158,1.707,9,3,0,0,0,Mature,
2026-04-18,C093,Meta,Law Firm - Enterprise,France,Demo,ROI,CR001,16,740.97,42159,845,2.006,6,2,0,0,0,Mature,
2026-04-19,C093,Meta,Law Firm - Enterprise,France,Demo,ROI,CR001,17,708.15,37244,746,2.005,5,2,0,0,0,Mature,
2026-04-20,C093,Meta,Law Firm - Enterprise,France,Demo,ROI,CR001,18,1092.86,56157,1079,1.922,9,3,0,0,0,Mature,
2026-04-21,C093,Meta,Law Firm - Enterprise,France,Demo,ROI,CR001,19,1490.35,73040,1115,1.528,6,2,0,0,0,Mature,
2026-04-22,C093,Meta,Law Firm - Enterprise,France,Demo,ROI,CR001,20,1143.07,63930,1006,1.574,8,2,0,0,0,Mature,
2026-04-23,C093,Meta,Law Firm - Enterprise,France,Demo,ROI,CR001,21,1161.91,63570,1253,1.972,10,3,0,0,0,Mature,
2026-04-24,C093,Meta,Law Firm - Enterprise,France,Demo,ROI,CR001,22,1203.79,66064,1198,1.815,9,3,0,0,0,Mature,
2026-04-25,C093,Meta,Law Firm - Enterprise,France,Demo,ROI,CR001,23,755.24,37848,573,1.516,4,1,0,0,0,Mature,
2026-04-26,C093,Meta,Law Firm - Enterprise,France,Demo,ROI,CR001,24,955.13,48100,885,1.84,5,1,0,0,0,Mature,
2026-04-27,C093,Meta,Law Firm - Enterprise,France,Demo,ROI,CR001,25,1324.87,75266,1425,1.894,10,3,0,0,0,Mature,
2026-04-28,C093,Meta,Law Firm - Enterprise,France,Demo,ROI,CR001,26,1365.02,70280,1437,2.045,9,3,0,0,0,Mature,
2026-04-29,C093,Meta,Law Firm - Enterprise,France,Demo,ROI,CR001,27,1115.84,63605,1020,1.604,8,2,0,0,0,Mature,
2026-04-30,C093,Meta,Law Firm - Enterprise,France,Demo,ROI,CR001,28,1597.64,84507,1567,1.854,12,3,0,0,0,Mature,
2026-05-01,C093,Meta,Law Firm - Enterprise,France,Demo,ROI,CR001,29,1433.6,79678,1382,1.735,10,3,0,0,0,Mature,
2026-05-02,C093,Meta,Law Firm - Enterprise,France,Demo,ROI,CR001,30,777.77,43764,811,1.853,6,2,0,0,0,Mature,
2026-05-03,C093,Meta,Law Firm - Enterprise,France,Demo,ROI,CR001,31,805.84,43816,642,1.467,5,1,0,0,0,Mature,
2026-05-04,C093,Meta,Law Firm - Enterprise,France,Demo,ROI,CR001,32,1105.13,59547,932,1.566,7,2,0,0,0,Mature,
2026-05-05,C093,Meta,Law Firm - Enterprise,France,Demo,ROI,CR001,33,1155.6,57346,836,1.459,4,1,0,0,0,Mature,
2026-05-06,C093,Meta,Law Firm - Enterprise,France,Demo,ROI,CR001,34,1381.64,70383,1318,1.873,9,3,0,0,0,Mature,
2026-05-07,C093,Meta,Law Firm - Enterprise,France,Demo,ROI,CR001,35,1418.5,69426,1308,1.885,9,2,0,0,0,Mature,
2026-05-08,C093,Meta,Law Firm - Enterprise,France,Demo,ROI,CR001,36,1302.33,73658,1271,1.726,10,2,0,0,0,Mature,
2026-05-09,C093,Meta,Law Firm - Enterprise,France,Demo,ROI,CR001,37,1032.98,52437,1077,2.055,9,3,0,0,0,Mature,
2026-02-21,C094,Google,Law Firm - Mid-Market,US,Webinar,AI Productivity,CR009,1,446.28,15138,659,4.354,13,6,0,0,0,Mature,
2026-02-22,C094,Google,Law Firm - Mid-Market,US,Webinar,AI Productivity,CR009,2,435.26,12470,482,3.873,8,4,0,0,0,Mature,
2026-02-23,C094,Google,Law Firm - Mid-Market,US,Webinar,AI Productivity,CR009,3,602.98,19508,821,4.213,14,9,1,56070,18519,Mature,
2026-02-24,C094,Google,Law Firm - Mid-Market,US,Webinar,AI Productivity,CR009,4,672.89,22217,906,4.08,16,9,1,60922,16766,Mature,
2026-02-25,C094,Google,Law Firm - Mid-Market,US,Webinar,AI Productivity,CR009,5,806.57,23760,1001,4.213,14,9,1,81218,27235,Mature,
2026-02-26,C094,Google,Law Firm - Mid-Market,US,Webinar,AI Productivity,CR009,6,752.56,24256,928,3.826,19,11,1,42893,13181,Mature,
2026-02-27,C094,Google,Law Firm - Mid-Market,US,Webinar,AI Productivity,CR009,7,689.09,21157,960,4.542,13,8,1,39322,11251,Mature,
2026-02-28,C094,Google,Law Firm - Mid-Market,US,Webinar,AI Productivity,CR009,8,469.47,13819,601,4.35,8,4,0,0,0,Mature,
2026-03-01,C094,Google,Law Firm - Mid-Market,US,Webinar,AI Productivity,CR009,9,387.6,12750,552,4.33,10,6,1,69671,19297,Mature,
2026-03-02,C094,Google,Law Firm - Mid-Market,US,Webinar,AI Productivity,CR009,10,629.67,18557,803,4.332,16,10,1,94404,29989,Mature,
2026-03-03,C094,Google,Law Firm - Mid-Market,US,Webinar,AI Productivity,CR009,11,648.22,20876,710,3.404,12,7,1,65676,14702,Mature,
2026-03-04,C094,Google,Law Firm - Mid-Market,US,Webinar,AI Productivity,CR009,12,624.8,19468,897,4.608,13,7,1,76620,20755,Mature,
2026-03-05,C094,Google,Law Firm - Mid-Market,US,Webinar,AI Productivity,CR009,13,562.71,16491,681,4.131,14,9,1,78190,21420,Mature,
2026-03-06,C094,Google,Law Firm - Mid-Market,US,Webinar,AI Productivity,CR009,14,635.29,20285,732,3.611,14,6,1,88564,29960,Mature,
2026-03-07,C094,Google,Law Firm - Mid-Market,US,Webinar,AI Productivity,CR009,15,518.43,16676,571,3.427,11,7,1,56985,18599,Mature,
2026-03-08,C094,Google,Law Firm - Mid-Market,US,Webinar,AI Productivity,CR009,16,360.75,11877,451,3.799,8,4,0,0,0,Mature,
2026-03-09,C094,Google,Law Firm - Mid-Market,US,Webinar,AI Productivity,CR009,17,567.05,19281,687,3.565,10,4,0,0,0,Mature,
2026-03-10,C094,Google,Law Firm - Mid-Market,US,Webinar,AI Productivity,CR009,18,709.38,24062,796,3.308,13,6,0,0,0,Mature,
2026-03-11,C094,Google,Law Firm - Mid-Market,US,Webinar,AI Productivity,CR009,19,744.52,23583,991,4.206,18,9,1,86766,28113,Mature,
2026-03-12,C094,Google,Law Firm - Mid-Market,US,Webinar,AI Productivity,CR009,20,578.25,19576,693,3.541,12,7,0,0,0,Mature,
2026-03-13,C094,Google,Law Firm - Mid-Market,US,Webinar,AI Productivity,CR009,21,648.05,20474,801,3.913,13,8,1,57825,13418,Mature,
2026-03-14,C094,Google,Law Firm - Mid-Market,US,Webinar,AI Productivity,CR009,22,377.07,11967,410,3.428,8,4,0,0,0,Mature,
2026-03-15,C094,Google,Law Firm - Mid-Market,US,Webinar,AI Productivity,CR009,23,417.9,12390,440,3.552,7,3,0,0,0,Mature,
2026-03-16,C094,Google,Law Firm - Mid-Market,US,Webinar,AI Productivity,CR009,24,725.7,24567,897,3.654,19,8,1,58708,17214,Mature,
2026-03-17,C094,Google,Law Firm - Mid-Market,US,Webinar,AI Productivity,CR009,25,681.97,22592,995,4.404,13,8,1,87885,20602,Mature,
2026-03-18,C094,Google,Law Firm - Mid-Market,US,Webinar,AI Productivity,CR009,26,797.93,24121,1042,4.324,16,10,1,70726,24044,Mature,
2026-03-19,C094,Google,Law Firm - Mid-Market,US,Webinar,AI Productivity,CR009,27,665.22,21452,778,3.629,17,10,1,83898,23043,Mature,
2026-03-20,C094,Google,Law Firm - Mid-Market,US,Webinar,AI Productivity,CR009,28,682.61,20106,660,3.287,8,4,0,0,0,Mature,
2026-03-21,C094,Google,Law Firm - Mid-Market,US,Webinar,AI Productivity,CR009,29,382.06,11024,365,3.317,6,3,0,0,0,Mature,
2026-03-22,C094,Google,Law Firm - Mid-Market,US,Webinar,AI Productivity,CR009,30,499.82,15550,660,4.249,12,7,1,59881,19293,Mature,
2026-03-23,C094,Google,Law Firm - Mid-Market,US,Webinar,AI Productivity,CR009,31,769.96,22707,978,4.309,14,10,2,124431,35821,Mature,
2026-03-24,C094,Google,Law Firm - Mid-Market,US,Webinar,AI Productivity,CR009,32,596.32,20284,800,3.944,13,8,1,58348,15234,Mature,
2026-03-25,C094,Google,Law Firm - Mid-Market,US,Webinar,AI Productivity,CR009,33,547.08,16358,623,3.811,11,6,1,80733,23585,Mature,
2026-03-26,C094,Google,Law Firm - Mid-Market,US,Webinar,AI Productivity,CR009,34,723.23,23908,1073,4.489,14,8,1,63151,20470,Mature,
2026-03-27,C094,Google,Law Firm - Mid-Market,US,Webinar,AI Productivity,CR009,35,646.28,18296,653,3.57,9,5,0,0,0,Mature,
2026-03-28,C094,Google,Law Firm - Mid-Market,US,Webinar,AI Productivity,CR009,36,363.42,12041,513,4.266,7,3,0,0,0,Mature,
2026-03-29,C094,Google,Law Firm - Mid-Market,US,Webinar,AI Productivity,CR009,37,441.8,14948,550,3.684,9,4,0,0,0,Mature,
2026-03-30,C094,Google,Law Firm - Mid-Market,US,Webinar,AI Productivity,CR009,38,664.3,18914,701,3.709,10,5,0,0,0,Mature,
2026-03-31,C094,Google,Law Firm - Mid-Market,US,Webinar,AI Productivity,CR009,39,718.59,20669,950,4.598,20,11,1,61211,18903,Mature,
2026-04-01,C094,Google,Law Firm - Mid-Market,US,Webinar,AI Productivity,CR009,40,639.05,21499,781,3.633,11,6,1,60772,14685,Mature,
2026-04-02,C094,Google,Law Firm - Mid-Market,US,Webinar,AI Productivity,CR009,41,755.95,22765,826,3.633,17,9,1,57821,14169,Mature,
2026-04-03,C094,Google,Law Firm - Mid-Market,US,Webinar,AI Productivity,CR009,42,558.77,17912,714,3.987,15,9,1,62189,14059,Mature,
2026-04-04,C094,Google,Law Firm - Mid-Market,US,Webinar,AI Productivity,CR009,43,373.97,12078,494,4.09,8,3,0,0,0,Mature,
2026-04-05,C094,Google,Law Firm - Mid-Market,US,Webinar,AI Productivity,CR009,44,454.11,13048,583,4.476,9,5,1,44730,12190,Mature,
2026-04-06,C094,Google,Law Firm - Mid-Market,US,Webinar,AI Productivity,CR009,45,543.46,18558,817,4.403,18,8,1,74338,19592,Mature,
2026-04-07,C094,Google,Law Firm - Mid-Market,US,Webinar,AI Productivity,CR009,46,701.67,23639,922,3.904,19,10,1,48805,13134,Mature,
2026-04-08,C094,Google,Law Firm - Mid-Market,US,Webinar,AI Productivity,CR009,47,683.91,20401,778,3.818,11,7,0,0,0,Mature,
2026-04-09,C094,Google,Law Firm - Mid-Market,US,Webinar,AI Productivity,CR009,48,717.54,21370,855,4.005,11,7,1,41443,12913,Mature,
2026-04-10,C094,Google,Law Firm - Mid-Market,US,Webinar,AI Productivity,CR009,49,764.41,23605,764,3.238,15,9,1,56097,17385,Mature,
2026-04-11,C094,Google,Law Firm - Mid-Market,US,Webinar,AI Productivity,CR009,50,519.77,17333,766,4.42,14,8,1,38219,9406,Mature,
2026-04-12,C094,Google,Law Firm - Mid-Market,US,Webinar,AI Productivity,CR009,51,395.88,12423,478,3.851,7,5,1,56086,17465,Mature,
2026-04-13,C094,Google,Law Firm - Mid-Market,US,Webinar,AI Productivity,CR009,52,727.03,24399,973,3.991,16,11,1,38412,12001,Mature,
2026-04-14,C094,Google,Law Firm - Mid-Market,US,Webinar,AI Productivity,CR009,53,754.09,24544,869,3.541,14,9,1,53120,14555,Mature,
2026-04-15,C094,Google,Law Firm - Mid-Market,US,Webinar,AI Productivity,CR009,54,739.66,24849,823,3.313,13,6,1,106017,26757,Mature,
2026-04-07,C095,LinkedIn,In-House - Enterprise,DACH,Demo,Security,CR026,1,657.73,10476,81,0.779,0,0,0,0,0,Mature,
2026-04-08,C095,LinkedIn,In-House - Enterprise,DACH,Demo,Security,CR026,2,581.61,8591,77,0.906,0,0,0,0,0,Mature,
2026-04-09,C095,LinkedIn,In-House - Enterprise,DACH,Demo,Security,CR026,3,797.46,12405,117,0.951,0,0,0,0,0,Mature,
2026-04-10,C095,LinkedIn,In-House - Enterprise,DACH,Demo,Security,CR026,4,713.98,11006,118,1.079,0,0,0,0,0,Mature,
2026-04-11,C095,LinkedIn,In-House - Enterprise,DACH,Demo,Security,CR026,5,462.69,6370,57,0.898,0,0,0,0,0,Mature,
2026-04-12,C095,LinkedIn,In-House - Enterprise,DACH,Demo,Security,CR026,6,426.37,6480,56,0.867,0,0,0,0,0,Mature,
2026-04-13,C095,LinkedIn,In-House - Enterprise,DACH,Demo,Security,CR026,7,791.08,12680,106,0.842,0,0,0,0,0,Mature,
2026-04-14,C095,LinkedIn,In-House - Enterprise,DACH,Demo,Security,CR026,8,605.71,8712,87,1.003,0,0,0,0,0,Mature,
2026-04-15,C095,LinkedIn,In-House - Enterprise,DACH,Demo,Security,CR026,9,626.22,8648,78,0.913,0,0,0,0,0,Mature,
2026-04-16,C095,LinkedIn,In-House - Enterprise,DACH,Demo,Security,CR026,10,694.58,9830,106,1.086,0,0,0,0,0,Mature,
2026-04-17,C095,LinkedIn,In-House - Enterprise,DACH,Demo,Security,CR026,11,757.21,10627,91,0.861,0,0,0,0,0,Mature,
2026-04-18,C095,LinkedIn,In-House - Enterprise,DACH,Demo,Security,CR026,12,464.22,7245,78,1.087,0,0,0,0,0,Mature,
2026-04-19,C095,LinkedIn,In-House - Enterprise,DACH,Demo,Security,CR026,13,390.38,6098,46,0.763,0,0,0,0,0,Mature,
2026-04-20,C095,LinkedIn,In-House - Enterprise,DACH,Demo,Security,CR026,14,576.05,7994,71,0.894,0,0,0,0,0,Mature,
2026-04-21,C095,LinkedIn,In-House - Enterprise,DACH,Demo,Security,CR026,15,696.76,10011,81,0.819,0,0,0,0,0,Mature,
2026-04-22,C095,LinkedIn,In-House - Enterprise,DACH,Demo,Security,CR026,16,582.99,8352,76,0.91,0,0,0,0,0,Mature,
2026-04-23,C095,LinkedIn,In-House - Enterprise,DACH,Demo,Security,CR026,17,733.42,10094,100,0.999,0,0,0,0,0,Mature,
2026-04-24,C095,LinkedIn,In-House - Enterprise,DACH,Demo,Security,CR026,18,792.51,12812,107,0.837,0,0,0,0,0,Mature,
2026-04-25,C095,LinkedIn,In-House - Enterprise,DACH,Demo,Security,CR026,19,454.69,7118,56,0.796,0,0,0,0,0,Mature,
2026-04-26,C095,LinkedIn,In-House - Enterprise,DACH,Demo,Security,CR026,20,479.94,7070,70,0.995,0,0,0,0,0,Mature,
2026-04-27,C095,LinkedIn,In-House - Enterprise,DACH,Demo,Security,CR026,21,634.8,9480,83,0.885,0,0,0,0,0,Mature,
2026-04-28,C095,LinkedIn,In-House - Enterprise,DACH,Demo,Security,CR026,22,598.69,8276,70,0.852,0,0,0,0,0,Mature,
2026-04-29,C095,LinkedIn,In-House - Enterprise,DACH,Demo,Security,CR026,23,650.95,8826,73,0.837,0,0,0,0,0,Mature,
2026-04-30,C095,LinkedIn,In-House - Enterprise,DACH,Demo,Security,CR026,24,760.16,10360,104,1.01,0,0,0,0,0,Mature,
2026-05-01,C095,LinkedIn,In-House - Enterprise,DACH,Demo,Security,CR026,25,566.14,8232,84,1.027,0,0,0,0,0,Mature,
2026-05-02,C095,LinkedIn,In-House - Enterprise,DACH,Demo,Security,CR026,26,354.97,5560,52,0.941,0,0,0,0,0,Mature,
2026-05-03,C095,LinkedIn,In-House - Enterprise,DACH,Demo,Security,CR026,27,499.5,7597,68,0.897,0,0,0,0,0,Mature,
2026-05-04,C095,LinkedIn,In-House - Enterprise,DACH,Demo,Security,CR026,28,589.47,8912,91,1.031,0,0,0,0,0,Mature,
2026-05-05,C095,LinkedIn,In-House - Enterprise,DACH,Demo,Security,CR026,29,617.16,9911,94,0.959,0,0,0,0,0,Mature,
2026-05-06,C095,LinkedIn,In-House - Enterprise,DACH,Demo,Security,CR026,30,642.87,9562,88,0.924,0,0,0,0,0,Mature,
2026-05-07,C095,LinkedIn,In-House - Enterprise,DACH,Demo,Security,CR026,31,541.55,7561,72,0.956,0,0,0,0,0,Mature,
2026-05-08,C095,LinkedIn,In-House - Enterprise,DACH,Demo,Security,CR026,32,673.32,9541,85,0.896,0,0,0,0,0,Mature,
2026-05-09,C095,LinkedIn,In-House - Enterprise,DACH,Demo,Security,CR026,33,356.13,5480,58,1.075,0,0,0,0,0,Mature,
2026-05-10,C095,LinkedIn,In-House - Enterprise,DACH,Demo,Security,CR026,34,487.64,7666,83,1.085,0,0,0,0,0,Mature,
2026-05-11,C095,LinkedIn,In-House - Enterprise,DACH,Demo,Security,CR026,35,721.63,10654,112,1.057,0,0,0,0,0,Mature,
2026-05-12,C095,LinkedIn,In-House - Enterprise,DACH,Demo,Security,CR026,36,768.75,12139,103,0.849,0,0,0,0,0,Mature,
2026-05-13,C095,LinkedIn,In-House - Enterprise,DACH,Demo,Security,CR026,37,631.27,9398,100,1.073,0,0,0,0,0,Mature,
2026-05-14,C095,LinkedIn,In-House - Enterprise,DACH,Demo,Security,CR026,38,621.16,10036,93,0.935,0,0,0,0,0,Mature,
2026-05-15,C095,LinkedIn,In-House - Enterprise,DACH,Demo,Security,CR026,39,598.14,9339,88,0.95,0,0,0,0,0,Mature,
2026-05-16,C095,LinkedIn,In-House - Enterprise,DACH,Demo,Security,CR026,40,428.28,5884,52,0.892,0,0,0,0,0,Mature,
2026-05-17,C095,LinkedIn,In-House - Enterprise,DACH,Demo,Security,CR026,41,440.84,6096,65,1.067,0,0,0,0,0,Mature,
2026-05-18,C095,LinkedIn,In-House - Enterprise,DACH,Demo,Security,CR026,42,800.69,11498,96,0.838,0,0,0,0,0,Mature,
2026-05-19,C095,LinkedIn,In-House - Enterprise,DACH,Demo,Security,CR026,43,761.61,11984,91,0.759,0,0,0,0,0,Mature,
2026-04-11,C096,Meta,In-House - Mid-Market,US,Webinar,Customer Proof,CR017,1,438.58,21064,342,1.627,6,2,0,,,Mature,Missing CRM attribution
2026-04-12,C096,Meta,In-House - Mid-Market,US,Webinar,Customer Proof,CR017,2,380.72,19786,327,1.655,9,2,0,0,0,Mature,
2026-04-13,C096,Meta,In-House - Mid-Market,US,Webinar,Customer Proof,CR017,3,714.26,37288,665,1.785,19,6,0,0,0,Mature,
2026-04-14,C096,Meta,In-House - Mid-Market,US,Webinar,Customer Proof,CR017,4,613.35,31410,544,1.733,11,3,0,0,0,Mature,
2026-04-15,C096,Meta,In-House - Mid-Market,US,Webinar,Customer Proof,CR017,5,596.09,30709,513,1.673,9,2,0,0,0,Mature,
2026-04-16,C096,Meta,In-House - Mid-Market,US,Webinar,Customer Proof,CR017,6,686.03,36324,575,1.584,17,5,0,0,0,Mature,
2026-04-17,C096,Meta,In-House - Mid-Market,US,Webinar,Customer Proof,CR017,7,774.99,40137,686,1.711,13,3,0,0,0,Mature,
2026-04-18,C096,Meta,In-House - Mid-Market,US,Webinar,Customer Proof,CR017,8,480.46,25977,393,1.513,9,2,0,0,0,Mature,
2026-04-19,C096,Meta,In-House - Mid-Market,US,Webinar,Customer Proof,CR017,9,385.96,21044,356,1.693,7,2,0,0,0,Mature,
2026-04-20,C096,Meta,In-House - Mid-Market,US,Webinar,Customer Proof,CR017,10,649.18,36677,641,1.75,13,4,0,0,0,Mature,
2026-04-21,C096,Meta,In-House - Mid-Market,US,Webinar,Customer Proof,CR017,11,671.17,32100,616,1.921,16,6,0,0,0,Mature,
2026-04-22,C096,Meta,In-House - Mid-Market,US,Webinar,Customer Proof,CR017,12,549.01,31355,527,1.682,15,4,0,0,0,Mature,
2026-04-23,C096,Meta,In-House - Mid-Market,US,Webinar,Customer Proof,CR017,13,772.36,38897,684,1.759,20,6,0,0,0,Mature,
2026-04-24,C096,Meta,In-House - Mid-Market,US,Webinar,Customer Proof,CR017,14,743.52,36268,604,1.666,11,2,0,0,0,Mature,
2026-04-25,C096,Meta,In-House - Mid-Market,US,Webinar,Customer Proof,CR017,15,394.27,20201,326,1.617,8,2,0,0,0,Mature,
2026-04-26,C096,Meta,In-House - Mid-Market,US,Webinar,Customer Proof,CR017,16,386.63,19260,353,1.836,8,2,0,0,0,Mature,
2026-04-27,C096,Meta,In-House - Mid-Market,US,Webinar,Customer Proof,CR017,17,740.99,38640,700,1.813,15,4,0,0,0,Mature,
2026-04-28,C096,Meta,In-House - Mid-Market,US,Webinar,Customer Proof,CR017,18,645.85,35990,601,1.671,14,4,0,0,0,Mature,
2026-04-29,C096,Meta,In-House - Mid-Market,US,Webinar,Customer Proof,CR017,19,635.37,36658,593,1.62,13,4,0,0,0,Mature,
2026-04-30,C096,Meta,In-House - Mid-Market,US,Webinar,Customer Proof,CR017,20,586.37,28010,404,1.444,11,2,0,0,0,Mature,
2026-05-01,C096,Meta,In-House - Mid-Market,US,Webinar,Customer Proof,CR017,21,691.93,38233,547,1.431,12,3,0,0,0,Mature,
2026-05-02,C096,Meta,In-House - Mid-Market,US,Webinar,Customer Proof,CR017,22,523.74,29153,553,1.899,10,3,0,0,0,Mature,
2026-05-03,C096,Meta,In-House - Mid-Market,US,Webinar,Customer Proof,CR017,23,374.23,19194,310,1.615,8,2,0,0,0,Mature,
2026-05-04,C096,Meta,In-House - Mid-Market,US,Webinar,Customer Proof,CR017,24,710.8,35401,564,1.596,16,5,0,0,0,Mature,
2026-05-05,C096,Meta,In-House - Mid-Market,US,Webinar,Customer Proof,CR017,25,611.29,33949,561,1.653,10,3,0,0,0,Mature,
2026-05-06,C096,Meta,In-House - Mid-Market,US,Webinar,Customer Proof,CR017,26,569.14,27927,404,1.449,11,3,0,0,0,Mature,
2026-05-07,C096,Meta,In-House - Mid-Market,US,Webinar,Customer Proof,CR017,27,626.92,35549,586,1.651,14,3,0,0,0,Mature,
2026-05-08,C096,Meta,In-House - Mid-Market,US,Webinar,Customer Proof,CR017,28,716.79,37462,708,1.89,21,6,0,0,0,Mature,
2026-05-09,C096,Meta,In-House - Mid-Market,US,Webinar,Customer Proof,CR017,29,357.18,20147,291,1.445,5,1,0,0,0,Mature,
2026-05-10,C096,Meta,In-House - Mid-Market,US,Webinar,Customer Proof,CR017,30,412.6,21457,411,1.919,10,2,0,0,0,Mature,
2026-05-11,C096,Meta,In-House - Mid-Market,US,Webinar,Customer Proof,CR017,31,567.38,31045,488,1.574,11,3,0,0,0,Mature,
2026-05-12,C096,Meta,In-House - Mid-Market,US,Webinar,Customer Proof,CR017,32,671.63,32223,499,1.549,11,2,0,0,0,Mature,
2026-05-13,C096,Meta,In-House - Mid-Market,US,Webinar,Customer Proof,CR017,33,805.87,38979,547,1.406,15,5,0,0,0,Mature,
2026-05-14,C096,Meta,In-House - Mid-Market,US,Webinar,Customer Proof,CR017,34,725.5,34377,472,1.375,11,3,0,0,0,Mature,
2026-05-15,C096,Meta,In-House - Mid-Market,US,Webinar,Customer Proof,CR017,35,749.46,38406,535,1.394,12,3,0,0,0,Mature,
2026-05-16,C096,Meta,In-House - Mid-Market,US,Webinar,Customer Proof,CR017,36,393.65,21937,407,1.856,8,1,0,0,0,Mature,
2026-05-17,C096,Meta,In-House - Mid-Market,US,Webinar,Customer Proof,CR017,37,431.77,21546,381,1.768,9,2,0,0,0,Mature,
2026-05-18,C096,Meta,In-House - Mid-Market,US,Webinar,Customer Proof,CR017,38,593.17,32348,535,1.656,12,3,0,0,0,Mature,
2026-05-19,C096,Meta,In-House - Mid-Market,US,Webinar,Customer Proof,CR017,39,775.17,38927,605,1.556,16,5,0,0,0,Mature,
2026-05-20,C096,Meta,In-House - Mid-Market,US,Webinar,Customer Proof,CR017,40,545.12,26791,491,1.834,9,2,0,0,0,Mature,
2026-05-21,C096,Meta,In-House - Mid-Market,US,Webinar,Customer Proof,CR017,41,735.17,42549,674,1.584,15,4,0,0,0,Mature,
2026-05-22,C096,Meta,In-House - Mid-Market,US,Webinar,Customer Proof,CR017,42,779.71,45042,659,1.464,19,6,0,0,0,Mature,
2026-05-23,C096,Meta,In-House - Mid-Market,US,Webinar,Customer Proof,CR017,43,359.39,19844,306,1.544,6,2,0,0,0,Mature,
2026-05-24,C096,Meta,In-House - Mid-Market,US,Webinar,Customer Proof,CR017,44,425.44,20300,336,1.656,7,2,0,0,0,Mature,
2026-05-25,C096,Meta,In-House - Mid-Market,US,Webinar,Customer Proof,CR017,45,563.29,31319,569,1.82,11,3,0,0,0,Mature,
2026-05-26,C096,Meta,In-House - Mid-Market,US,Webinar,Customer Proof,CR017,46,608.61,32686,544,1.666,12,3,0,0,0,Mature,
2026-05-27,C096,Meta,In-House - Mid-Market,US,Webinar,Customer Proof,CR017,47,574.17,31466,429,1.364,9,2,0,0,0,Mature,
2026-05-28,C096,Meta,In-House - Mid-Market,US,Webinar,Customer Proof,CR017,48,776.56,36967,566,1.533,14,3,0,0,0,Mature,
2026-05-29,C096,Meta,In-House - Mid-Market,US,Webinar,Customer Proof,CR017,49,739.4,38051,607,1.596,11,2,0,0,0,Mature,
2026-05-30,C096,Meta,In-House - Mid-Market,US,Webinar,Customer Proof,CR017,50,408.81,22184,319,1.439,8,2,0,0,0,Mature,
2026-05-31,C096,Meta,In-House - Mid-Market,US,Webinar,Customer Proof,CR017,51,524.67,26049,319,1.225,6,1,0,0,0,Mature,
2026-06-01,C096,Meta,In-House - Mid-Market,US,Webinar,Customer Proof,CR017,52,716.7,36406,573,1.576,11,2,0,0,0,Mature,
2026-06-02,C096,Meta,In-House - Mid-Market,US,Webinar,Customer Proof,CR017,53,601.17,32063,387,1.207,11,3,0,0,0,Mature,
2026-06-03,C096,Meta,In-House - Mid-Market,US,Webinar,Customer Proof,CR017,54,646.6,33058,483,1.463,12,3,0,0,0,Mature,
2026-06-04,C096,Meta,In-House - Mid-Market,US,Webinar,Customer Proof,CR017,55,636.45,31378,447,1.426,13,4,0,0,0,Mature,
2026-06-05,C096,Meta,In-House - Mid-Market,US,Webinar,Customer Proof,CR017,56,696.67,39565,516,1.306,13,4,0,0,0,Mature,
2026-06-06,C096,Meta,In-House - Mid-Market,US,Webinar,Customer Proof,CR017,57,467.27,22274,331,1.486,8,2,0,0,0,Mature,
2026-06-07,C096,Meta,In-House - Mid-Market,US,Webinar,Customer Proof,CR017,58,416.03,19735,303,1.539,8,2,0,0,0,Mature,
2026-06-08,C096,Meta,In-House - Mid-Market,US,Webinar,Customer Proof,CR017,59,760.86,42131,533,1.266,15,4,0,0,0,Mature,
2026-06-09,C096,Meta,In-House - Mid-Market,US,Webinar,Customer Proof,CR017,60,754.7,41890,484,1.157,11,3,0,0,0,Mature,
2026-06-10,C096,Meta,In-House - Mid-Market,US,Webinar,Customer Proof,CR017,61,744.42,39369,498,1.265,10,3,0,0,0,Mature,
2026-06-11,C096,Meta,In-House - Mid-Market,US,Webinar,Customer Proof,CR017,62,780.89,44922,555,1.235,15,3,0,0,0,Mature,
2026-06-12,C096,Meta,In-House - Mid-Market,US,Webinar,Customer Proof,CR017,63,785.9,37943,443,1.17,13,3,0,0,0,Mature,
2026-03-17,C097,Google,In-House - Enterprise,DACH,Demo,ROI,CR005,1,297.46,9450,326,3.454,2,1,0,0,0,Mature,
2026-03-18,C097,Google,In-House - Enterprise,DACH,Demo,ROI,CR005,2,318.7,9484,281,2.972,2,1,0,0,0,Mature,
2026-03-19,C097,Google,In-House - Enterprise,DACH,Demo,ROI,CR005,3,346.4,10029,421,4.203,2,1,0,0,0,Mature,
2026-03-20,C097,Google,In-House - Enterprise,DACH,Demo,ROI,CR005,4,265.52,8460,356,4.218,1,0,0,0,0,Mature,
2026-03-21,C097,Google,In-House - Enterprise,DACH,Demo,ROI,CR005,5,194.28,5696,234,4.118,1,0,0,0,0,Mature,
2026-03-22,C097,Google,In-House - Enterprise,DACH,Demo,ROI,CR005,6,201.85,6531,274,4.197,1,0,0,0,0,Mature,
2026-03-23,C097,Google,In-House - Enterprise,DACH,Demo,ROI,CR005,7,303.69,9569,335,3.51,1,0,0,0,0,Mature,
2026-03-24,C097,Google,In-House - Enterprise,DACH,Demo,ROI,CR005,8,376.16,11980,470,3.929,2,1,0,0,0,Mature,
2026-03-25,C097,Google,In-House - Enterprise,DACH,Demo,ROI,CR005,9,335.07,11235,426,3.796,3,2,0,0,0,Mature,
2026-03-26,C097,Google,In-House - Enterprise,DACH,Demo,ROI,CR005,10,262.21,8743,341,3.909,2,1,0,0,0,Mature,
2026-03-27,C097,Google,In-House - Enterprise,DACH,Demo,ROI,CR005,11,308.41,10132,343,3.386,1,0,0,0,0,Mature,
2026-03-28,C097,Google,In-House - Enterprise,DACH,Demo,ROI,CR005,12,194.15,5821,227,3.912,1,0,0,0,0,Mature,
2026-03-29,C097,Google,In-House - Enterprise,DACH,Demo,ROI,CR005,13,172.42,5198,182,3.517,0,0,0,0,0,Mature,
2026-03-30,C097,Google,In-House - Enterprise,DACH,Demo,ROI,CR005,14,274.5,8601,280,3.257,1,0,0,0,0,Mature,
2026-03-31,C097,Google,In-House - Enterprise,DACH,Demo,ROI,CR005,15,351.71,11822,479,4.056,2,1,0,0,0,Mature,
2026-04-01,C097,Google,In-House - Enterprise,DACH,Demo,ROI,CR005,16,343.4,11551,376,3.264,2,1,0,0,0,Mature,
2026-04-02,C097,Google,In-House - Enterprise,DACH,Demo,ROI,CR005,17,283.17,8631,300,3.48,1,0,0,0,0,Mature,
2026-04-03,C097,Google,In-House - Enterprise,DACH,Demo,ROI,CR005,18,277.68,9337,326,3.495,1,0,0,0,0,Mature,
2026-04-04,C097,Google,In-House - Enterprise,DACH,Demo,ROI,CR005,19,209.26,6798,229,3.378,1,0,0,0,0,Mature,
2026-04-05,C097,Google,In-House - Enterprise,DACH,Demo,ROI,CR005,20,186.68,5938,179,3.03,1,0,0,0,0,Mature,
2026-04-06,C097,Google,In-House - Enterprise,DACH,Demo,ROI,CR005,21,344.0,11088,346,3.123,1,0,0,0,0,Mature,
2026-04-07,C097,Google,In-House - Enterprise,DACH,Demo,ROI,CR005,22,349.59,11856,436,3.683,3,1,0,0,0,Mature,
2026-04-08,C097,Google,In-House - Enterprise,DACH,Demo,ROI,CR005,23,330.99,11319,441,3.899,2,1,0,0,0,Mature,
2026-04-09,C097,Google,In-House - Enterprise,DACH,Demo,ROI,CR005,24,359.91,11271,465,4.132,3,1,0,0,0,Mature,
2026-04-10,C097,Google,In-House - Enterprise,DACH,Demo,ROI,CR005,25,252.88,7315,294,4.025,1,0,0,0,0,Mature,
2026-04-11,C097,Google,In-House - Enterprise,DACH,Demo,ROI,CR005,26,220.48,7044,233,3.315,1,0,0,0,0,Mature,
2026-04-12,C097,Google,In-House - Enterprise,DACH,Demo,ROI,CR005,27,180.52,5591,210,3.767,1,0,0,0,0,Mature,
2026-04-13,C097,Google,In-House - Enterprise,DACH,Demo,ROI,CR005,28,270.44,8071,265,3.286,1,0,0,0,0,Mature,
2026-04-14,C097,Google,In-House - Enterprise,DACH,Demo,ROI,CR005,29,277.94,8728,310,3.562,2,1,0,0,0,Mature,
2026-04-15,C097,Google,In-House - Enterprise,DACH,Demo,ROI,CR005,30,292.98,10020,350,3.503,2,1,0,0,0,Mature,
2026-04-16,C097,Google,In-House - Enterprise,DACH,Demo,ROI,CR005,31,256.25,8586,311,3.63,1,0,0,0,0,Mature,
2026-04-17,C097,Google,In-House - Enterprise,DACH,Demo,ROI,CR005,32,294.44,8544,267,3.135,1,0,0,0,0,Mature,
2026-04-18,C097,Google,In-House - Enterprise,DACH,Demo,ROI,CR005,33,193.95,6474,252,3.904,1,0,0,0,0,Mature,
2026-04-19,C097,Google,In-House - Enterprise,DACH,Demo,ROI,CR005,34,203.76,6328,221,3.504,1,0,0,0,0,Mature,
2026-04-20,C097,Google,In-House - Enterprise,DACH,Demo,ROI,CR005,35,321.32,9980,299,2.999,1,0,0,0,0,Mature,
2026-04-21,C097,Google,In-House - Enterprise,DACH,Demo,ROI,CR005,36,329.03,9934,360,3.628,1,0,0,0,0,Mature,
2026-04-22,C097,Google,In-House - Enterprise,DACH,Demo,ROI,CR005,37,254.51,7424,304,4.105,1,0,0,0,0,Mature,
2026-04-23,C097,Google,In-House - Enterprise,DACH,Demo,ROI,CR005,38,368.64,12309,432,3.51,2,1,0,0,0,Mature,
2026-04-24,C097,Google,In-House - Enterprise,DACH,Demo,ROI,CR005,39,349.83,11448,481,4.21,2,1,0,0,0,Mature,
2026-04-25,C097,Google,In-House - Enterprise,DACH,Demo,ROI,CR005,40,172.58,5306,170,3.208,1,0,0,0,0,Mature,
2026-04-26,C097,Google,In-House - Enterprise,DACH,Demo,ROI,CR005,41,213.17,6820,241,3.535,1,0,0,0,0,Mature,
2026-04-27,C097,Google,In-House - Enterprise,DACH,Demo,ROI,CR005,42,307.2,9083,271,2.988,1,0,0,0,0,Mature,
2026-04-28,C097,Google,In-House - Enterprise,DACH,Demo,ROI,CR005,43,376.99,12570,451,3.588,2,1,0,0,0,Mature,
2026-04-29,C097,Google,In-House - Enterprise,DACH,Demo,ROI,CR005,44,275.46,8094,267,3.311,1,0,0,0,0,Mature,
2026-04-30,C097,Google,In-House - Enterprise,DACH,Demo,ROI,CR005,45,264.19,7822,332,4.246,1,0,0,0,0,Mature,
2026-05-01,C097,Google,In-House - Enterprise,DACH,Demo,ROI,CR005,46,341.29,9828,293,2.99,1,0,0,0,0,Mature,
2026-02-05,C098,LinkedIn,In-House - Enterprise,DACH,Demo,AI Productivity,CR012,1,269.29,4131,48,1.164,0,0,0,0,0,Mature,
2026-02-06,C098,LinkedIn,In-House - Enterprise,DACH,Demo,AI Productivity,CR012,2,204.37,2725,30,1.107,0,0,0,0,0,Mature,
2026-02-07,C098,LinkedIn,In-House - Enterprise,DACH,Demo,AI Productivity,CR012,3,159.23,2565,30,1.205,0,0,0,0,0,Mature,
2026-02-08,C098,LinkedIn,In-House - Enterprise,DACH,Demo,AI Productivity,CR012,4,137.9,1866,22,1.193,0,0,0,0,0,Mature,
2026-02-09,C098,LinkedIn,In-House - Enterprise,DACH,Demo,AI Productivity,CR012,5,261.01,3642,40,1.103,0,0,0,0,0,Mature,
2026-02-10,C098,LinkedIn,In-House - Enterprise,DACH,Demo,AI Productivity,CR012,6,235.84,3430,34,1.006,0,0,0,0,0,Mature,
2026-02-11,C098,LinkedIn,In-House - Enterprise,DACH,Demo,AI Productivity,CR012,7,202.58,3222,44,1.387,0,0,0,0,0,Mature,
2026-02-12,C098,LinkedIn,In-House - Enterprise,DACH,Demo,AI Productivity,CR012,8,219.36,3256,33,1.036,0,0,0,0,0,Mature,
2026-02-13,C098,LinkedIn,In-House - Enterprise,DACH,Demo,AI Productivity,CR012,9,224.58,3193,42,1.329,0,0,0,0,0,Mature,
2026-02-14,C098,LinkedIn,In-House - Enterprise,DACH,Demo,AI Productivity,CR012,10,136.29,2014,23,1.169,0,0,0,0,0,Mature,
2026-02-15,C098,LinkedIn,In-House - Enterprise,DACH,Demo,AI Productivity,CR012,11,148.26,2094,24,1.17,0,0,0,0,0,Mature,
2026-02-16,C098,LinkedIn,In-House - Enterprise,DACH,Demo,AI Productivity,CR012,12,233.27,3431,38,1.121,0,0,0,0,0,Mature,
2026-02-17,C098,LinkedIn,In-House - Enterprise,DACH,Demo,AI Productivity,CR012,13,265.09,4058,53,1.315,0,0,0,0,0,Mature,
2026-02-18,C098,LinkedIn,In-House - Enterprise,DACH,Demo,AI Productivity,CR012,14,250.09,3809,51,1.345,0,0,0,0,0,Mature,
2026-02-19,C098,LinkedIn,In-House - Enterprise,DACH,Demo,AI Productivity,CR012,15,268.39,3960,45,1.161,0,0,0,0,0,Mature,
2026-02-20,C098,LinkedIn,In-House - Enterprise,DACH,Demo,AI Productivity,CR012,16,235.01,3645,37,1.028,0,0,0,0,0,Mature,
2026-02-21,C098,LinkedIn,In-House - Enterprise,DACH,Demo,AI Productivity,CR012,17,155.44,2330,28,1.216,0,0,0,0,0,Mature,
2026-02-22,C098,LinkedIn,In-House - Enterprise,DACH,Demo,AI Productivity,CR012,18,163.08,2629,35,1.344,0,0,0,0,0,Mature,
2026-02-23,C098,LinkedIn,In-House - Enterprise,DACH,Demo,AI Productivity,CR012,19,221.17,3495,47,1.354,0,0,0,0,0,Mature,
2026-02-24,C098,LinkedIn,In-House - Enterprise,DACH,Demo,AI Productivity,CR012,20,182.31,2804,32,1.165,0,0,0,0,0,Mature,
2026-02-25,C098,LinkedIn,In-House - Enterprise,DACH,Demo,AI Productivity,CR012,21,206.97,3241,32,0.997,0,0,0,0,0,Mature,
2026-02-26,C098,LinkedIn,In-House - Enterprise,DACH,Demo,AI Productivity,CR012,22,223.53,2974,40,1.369,0,0,0,0,0,Mature,
2026-02-27,C098,LinkedIn,In-House - Enterprise,DACH,Demo,AI Productivity,CR012,23,259.32,3636,38,1.048,0,0,0,0,0,Mature,
2026-02-28,C098,LinkedIn,In-House - Enterprise,DACH,Demo,AI Productivity,CR012,24,126.72,1678,20,1.196,0,0,0,0,0,Mature,
2026-03-01,C098,LinkedIn,In-House - Enterprise,DACH,Demo,AI Productivity,CR012,25,159.96,2299,31,1.377,0,0,0,0,0,Mature,
2026-03-02,C098,LinkedIn,In-House - Enterprise,DACH,Demo,AI Productivity,CR012,26,189.71,2682,33,1.26,0,0,0,0,0,Mature,
2026-03-03,C098,LinkedIn,In-House - Enterprise,DACH,Demo,AI Productivity,CR012,27,204.58,2970,28,0.975,0,0,0,0,0,Mature,
2026-03-04,C098,LinkedIn,In-House - Enterprise,DACH,Demo,AI Productivity,CR012,28,229.51,3175,38,1.207,0,0,0,0,0,Mature,
2026-03-05,C098,LinkedIn,In-House - Enterprise,DACH,Demo,AI Productivity,CR012,29,240.84,3691,46,1.268,0,0,0,0,0,Mature,
2026-03-06,C098,LinkedIn,In-House - Enterprise,DACH,Demo,AI Productivity,CR012,30,201.15,3159,35,1.13,0,0,0,0,0,Mature,
2026-03-07,C098,LinkedIn,In-House - Enterprise,DACH,Demo,AI Productivity,CR012,31,157.68,2452,25,1.046,0,0,0,0,0,Mature,
2026-03-08,C098,LinkedIn,In-House - Enterprise,DACH,Demo,AI Productivity,CR012,32,124.53,1751,21,1.224,0,0,0,0,0,Mature,
2026-03-09,C098,LinkedIn,In-House - Enterprise,DACH,Demo,AI Productivity,CR012,33,231.37,3355,45,1.342,0,0,0,,,Mature,Missing CRM attribution
2026-03-10,C098,LinkedIn,In-House - Enterprise,DACH,Demo,AI Productivity,CR012,34,187.05,2744,37,1.357,0,0,0,0,0,Mature,
2026-03-11,C098,LinkedIn,In-House - Enterprise,DACH,Demo,AI Productivity,CR012,35,180.12,2840,31,1.109,0,0,0,0,0,Mature,
2026-03-12,C098,LinkedIn,In-House - Enterprise,DACH,Demo,AI Productivity,CR012,36,203.5,2946,33,1.145,0,0,0,0,0,Mature,
2026-03-13,C098,LinkedIn,In-House - Enterprise,DACH,Demo,AI Productivity,CR012,37,209.55,3224,38,1.208,0,0,0,0,0,Mature,
2026-03-14,C098,LinkedIn,In-House - Enterprise,DACH,Demo,AI Productivity,CR012,38,117.54,1820,19,1.05,0,0,0,0,0,Mature,
2026-03-15,C098,LinkedIn,In-House - Enterprise,DACH,Demo,AI Productivity,CR012,39,141.2,2160,25,1.201,0,0,0,0,0,Mature,
2026-03-16,C098,LinkedIn,In-House - Enterprise,DACH,Demo,AI Productivity,CR012,40,193.9,3073,40,1.327,0,0,0,0,0,Mature,
2026-03-17,C098,LinkedIn,In-House - Enterprise,DACH,Demo,AI Productivity,CR012,41,220.69,3005,36,1.204,0,0,0,0,0,Mature,
2026-03-18,C098,LinkedIn,In-House - Enterprise,DACH,Demo,AI Productivity,CR012,42,252.57,4068,50,1.231,0,0,0,0,0,Mature,
2026-03-19,C098,LinkedIn,In-House - Enterprise,DACH,Demo,AI Productivity,CR012,43,255.06,3808,51,1.352,0,0,0,0,0,Mature,
2026-03-20,C098,LinkedIn,In-House - Enterprise,DACH,Demo,AI Productivity,CR012,44,258.87,3507,46,1.328,0,0,0,0,0,Mature,
2026-03-21,C098,LinkedIn,In-House - Enterprise,DACH,Demo,AI Productivity,CR012,45,131.28,2120,21,1.004,0,0,0,0,0,Mature,
2026-03-22,C098,LinkedIn,In-House - Enterprise,DACH,Demo,AI Productivity,CR012,46,141.76,2058,26,1.287,0,0,0,0,0,Mature,
2026-03-23,C098,LinkedIn,In-House - Enterprise,DACH,Demo,AI Productivity,CR012,47,223.02,3579,43,1.212,0,0,0,0,0,Mature,
2026-03-24,C098,LinkedIn,In-House - Enterprise,DACH,Demo,AI Productivity,CR012,48,233.6,3238,30,0.935,0,0,0,0,0,Mature,
2026-03-25,C098,LinkedIn,In-House - Enterprise,DACH,Demo,AI Productivity,CR012,49,245.14,3357,40,1.216,0,0,0,0,0,Mature,
2026-03-26,C098,LinkedIn,In-House - Enterprise,DACH,Demo,AI Productivity,CR012,50,223.85,3517,32,0.924,0,0,0,0,0,Mature,
2026-03-27,C098,LinkedIn,In-House - Enterprise,DACH,Demo,AI Productivity,CR012,51,222.98,3250,39,1.204,0,0,0,0,0,Mature,
2026-03-28,C098,LinkedIn,In-House - Enterprise,DACH,Demo,AI Productivity,CR012,52,140.99,1866,18,0.995,0,0,0,0,0,Mature,
2026-03-29,C098,LinkedIn,In-House - Enterprise,DACH,Demo,AI Productivity,CR012,53,139.43,1883,16,0.895,0,0,0,0,0,Mature,
2026-03-30,C098,LinkedIn,In-House - Enterprise,DACH,Demo,AI Productivity,CR012,54,190.29,2982,26,0.881,0,0,0,0,0,Mature,
2026-03-31,C098,LinkedIn,In-House - Enterprise,DACH,Demo,AI Productivity,CR012,55,249.3,3843,31,0.825,0,0,0,0,0,Mature,
2026-04-01,C098,LinkedIn,In-House - Enterprise,DACH,Demo,AI Productivity,CR012,56,261.92,3984,42,1.062,0,0,0,0,0,Mature,
2026-04-02,C098,LinkedIn,In-House - Enterprise,DACH,Demo,AI Productivity,CR012,57,255.54,3617,36,1.021,0,0,0,0,0,Mature,
2026-04-03,C098,LinkedIn,In-House - Enterprise,DACH,Demo,AI Productivity,CR012,58,211.47,3075,26,0.861,0,0,0,0,0,Mature,
2026-04-04,C098,LinkedIn,In-House - Enterprise,DACH,Demo,AI Productivity,CR012,59,118.13,1610,14,0.902,0,0,0,0,0,Mature,
2026-04-05,C098,LinkedIn,In-House - Enterprise,DACH,Demo,AI Productivity,CR012,60,168.86,2401,20,0.863,0,0,0,0,0,Mature,
2026-04-06,C098,LinkedIn,In-House - Enterprise,DACH,Demo,AI Productivity,CR012,61,240.9,3892,29,0.748,0,0,0,0,0,Mature,
2026-04-07,C098,LinkedIn,In-House - Enterprise,DACH,Demo,AI Productivity,CR012,62,213.55,3141,29,0.943,0,0,0,0,0,Mature,
2026-04-08,C098,LinkedIn,In-House - Enterprise,DACH,Demo,AI Productivity,CR012,63,229.76,3461,27,0.784,0,0,0,0,0,Mature,
2026-04-09,C098,LinkedIn,In-House - Enterprise,DACH,Demo,AI Productivity,CR012,64,182.45,2488,24,0.996,0,0,0,0,0,Mature,
2026-04-10,C098,LinkedIn,In-House - Enterprise,DACH,Demo,AI Productivity,CR012,65,204.85,2897,24,0.855,0,0,0,0,0,Mature,
2026-04-11,C098,LinkedIn,In-House - Enterprise,DACH,Demo,AI Productivity,CR012,66,128.64,2052,14,0.719,0,0,0,0,0,Mature,
2026-04-12,C098,LinkedIn,In-House - Enterprise,DACH,Demo,AI Productivity,CR012,67,136.45,2197,16,0.76,0,0,0,0,0,Mature,
2026-04-13,C098,LinkedIn,In-House - Enterprise,DACH,Demo,AI Productivity,CR012,68,263.61,3828,27,0.708,0,0,0,0,0,Mature,
2026-04-14,C098,LinkedIn,In-House - Enterprise,DACH,Demo,AI Productivity,CR012,69,258.84,3592,31,0.878,0,0,0,0,0,Mature,
2026-04-16,C099,Meta,In-House - Mid-Market,US,Demo,Customer Proof,CR017,1,869.03,44597,633,1.421,5,1,0,0,0,Mature,
2026-04-17,C099,Meta,In-House - Mid-Market,US,Demo,Customer Proof,CR017,2,863.41,47928,872,1.82,8,2,0,0,0,Mature,
2026-04-18,C099,Meta,In-House - Mid-Market,US,Demo,Customer Proof,CR017,3,606.36,34662,590,1.705,5,1,0,0,0,Mature,
2026-04-19,C099,Meta,In-House - Mid-Market,US,Demo,Customer Proof,CR017,4,549.97,28761,519,1.807,3,0,0,0,0,Mature,
2026-04-20,C099,Meta,In-House - Mid-Market,US,Demo,Customer Proof,CR017,5,814.35,47113,644,1.368,5,1,0,0,0,Mature,
2026-04-21,C099,Meta,In-House - Mid-Market,US,Demo,Customer Proof,CR017,6,999.44,53929,849,1.576,6,1,0,0,0,Mature,
2026-04-22,C099,Meta,In-House - Mid-Market,US,Demo,Customer Proof,CR017,7,881.95,43523,612,1.407,4,1,0,0,0,Mature,
2026-04-23,C099,Meta,In-House - Mid-Market,US,Demo,Customer Proof,CR017,8,888.76,43822,785,1.793,4,1,0,0,0,Mature,
2026-04-24,C099,Meta,In-House - Mid-Market,US,Demo,Customer Proof,CR017,9,1025.78,58669,799,1.363,6,1,0,0,0,Mature,
2026-04-25,C099,Meta,In-House - Mid-Market,US,Demo,Customer Proof,CR017,10,534.37,30429,541,1.78,5,1,0,0,0,Mature,
2026-04-26,C099,Meta,In-House - Mid-Market,US,Demo,Customer Proof,CR017,11,675.8,33195,635,1.913,5,1,0,0,0,Mature,
2026-04-27,C099,Meta,In-House - Mid-Market,US,Demo,Customer Proof,CR017,12,953.91,54541,953,1.749,5,1,0,0,0,Mature,
2026-04-28,C099,Meta,In-House - Mid-Market,US,Demo,Customer Proof,CR017,13,855.51,46474,656,1.413,5,1,0,0,0,Mature,
2026-04-29,C099,Meta,In-House - Mid-Market,US,Demo,Customer Proof,CR017,14,1064.27,57946,1021,1.762,9,2,0,0,0,Mature,
2026-04-30,C099,Meta,In-House - Mid-Market,US,Demo,Customer Proof,CR017,15,904.38,47258,660,1.397,6,1,0,0,0,Mature,
2026-05-01,C099,Meta,In-House - Mid-Market,US,Demo,Customer Proof,CR017,16,979.63,48856,661,1.354,4,0,0,0,0,Mature,
2026-05-02,C099,Meta,In-House - Mid-Market,US,Demo,Customer Proof,CR017,17,606.9,32363,468,1.448,4,1,0,0,0,Mature,
2026-05-03,C099,Meta,In-House - Mid-Market,US,Demo,Customer Proof,CR017,18,658.09,32766,525,1.603,4,1,0,0,0,Mature,
2026-05-04,C099,Meta,In-House - Mid-Market,US,Demo,Customer Proof,CR017,19,1043.9,58905,1070,1.818,9,2,0,0,0,Mature,
2026-05-05,C099,Meta,In-House - Mid-Market,US,Demo,Customer Proof,CR017,20,736.24,42215,610,1.446,6,2,0,0,0,Mature,
2026-05-06,C099,Meta,In-House - Mid-Market,US,Demo,Customer Proof,CR017,21,934.16,50317,748,1.488,6,1,0,0,0,Mature,
2026-03-22,C100,Google,Law Firm - Enterprise,DACH,Webinar,Workflow Automation,CR020,1,468.99,15941,585,3.675,8,5,1,121472,33957,Mature,
2026-03-23,C100,Google,Law Firm - Enterprise,DACH,Webinar,Workflow Automation,CR020,2,820.49,26137,933,3.573,16,8,1,103725,29882,Mature,
2026-03-24,C100,Google,Law Firm - Enterprise,DACH,Webinar,Workflow Automation,CR020,3,740.13,24739,918,3.713,15,9,1,106384,27552,Mature,
2026-03-25,C100,Google,Law Firm - Enterprise,DACH,Webinar,Workflow Automation,CR020,4,1045.08,30936,1079,3.49,16,7,1,81575,23376,Mature,
2026-03-26,C100,Google,Law Firm - Enterprise,DACH,Webinar,Workflow Automation,CR020,5,962.41,28940,1071,3.701,19,9,1,88894,20350,Mature,
2026-03-27,C100,Google,Law Firm - Enterprise,DACH,Webinar,Workflow Automation,CR020,6,894.7,25893,908,3.51,18,11,2,197233,63398,Mature,
2026-03-28,C100,Google,Law Firm - Enterprise,DACH,Webinar,Workflow Automation,CR020,7,679.72,23205,744,3.21,13,8,1,117126,37956,Mature,
2026-03-29,C100,Google,Law Firm - Enterprise,DACH,Webinar,Workflow Automation,CR020,8,634.86,21580,633,2.936,11,6,0,0,0,Mature,
2026-03-30,C100,Google,Law Firm - Enterprise,DACH,Webinar,Workflow Automation,CR020,9,1010.19,28954,874,3.021,13,9,2,271713,72370,Mature,
2026-03-31,C100,Google,Law Firm - Enterprise,DACH,Webinar,Workflow Automation,CR020,10,902.29,27812,1064,3.827,15,11,2,88134,24547,Mature,
2026-04-01,C100,Google,Law Firm - Enterprise,DACH,Webinar,Workflow Automation,CR020,11,1011.32,28491,1055,3.704,22,13,2,156603,36742,Mature,
2026-04-02,C100,Google,Law Firm - Enterprise,DACH,Webinar,Workflow Automation,CR020,12,864.5,25113,848,3.377,16,10,1,42963,12804,Mature,
2026-04-03,C100,Google,Law Firm - Enterprise,DACH,Webinar,Workflow Automation,CR020,13,920.47,30032,1100,3.665,15,9,2,,,Mature,Missing CRM attribution
2026-04-04,C100,Google,Law Firm - Enterprise,DACH,Webinar,Workflow Automation,CR020,14,624.35,20063,610,3.041,9,5,0,0,0,Mature,
2026-04-05,C100,Google,Law Firm - Enterprise,DACH,Webinar,Workflow Automation,CR020,15,660.54,21422,845,3.947,13,9,1,121148,32832,Mature,
2026-04-06,C100,Google,Law Firm - Enterprise,DACH,Webinar,Workflow Automation,CR020,16,849.9,24470,845,3.457,17,10,1,78277,25991,Mature,
2026-04-07,C100,Google,Law Firm - Enterprise,DACH,Webinar,Workflow Automation,CR020,17,1013.9,30090,1240,4.122,25,17,3,233753,78534,Mature,
2026-04-08,C100,Google,Law Firm - Enterprise,DACH,Webinar,Workflow Automation,CR020,18,856.77,28531,1124,3.942,17,9,1,129654,42504,Mature,
2026-04-09,C100,Google,Law Firm - Enterprise,DACH,Webinar,Workflow Automation,CR020,19,849.41,25888,1016,3.927,21,14,2,253112,74475,Mature,
2026-04-10,C100,Google,Law Firm - Enterprise,DACH,Webinar,Workflow Automation,CR020,20,936.09,28427,906,3.188,15,9,1,52651,16056,Mature,
2026-04-11,C100,Google,Law Firm - Enterprise,DACH,Webinar,Workflow Automation,CR020,21,598.23,20092,764,3.804,15,11,1,89871,22411,Mature,
2026-04-12,C100,Google,Law Firm - Enterprise,DACH,Webinar,Workflow Automation,CR020,22,508.61,15930,478,3.007,7,4,0,0,0,Mature,
2026-04-13,C100,Google,Law Firm - Enterprise,DACH,Webinar,Workflow Automation,CR020,23,877.49,25013,762,3.048,13,10,1,77003,21245,Mature,
2026-04-14,C100,Google,Law Firm - Enterprise,DACH,Webinar,Workflow Automation,CR020,24,1029.8,33353,1114,3.342,16,10,1,119046,39555,Mature,
2026-02-13,C101,LinkedIn,In-House - Enterprise,UK,Demo,Workflow Automation,CR022,1,363.19,5151,53,1.043,0,0,0,0,0,Mature,
2026-02-14,C101,LinkedIn,In-House - Enterprise,UK,Demo,Workflow Automation,CR022,2,165.01,2452,28,1.15,0,0,0,0,0,Mature,
2026-02-15,C101,LinkedIn,In-House - Enterprise,UK,Demo,Workflow Automation,CR022,3,171.52,2417,29,1.208,0,0,0,0,0,Mature,
2026-02-16,C101,LinkedIn,In-House - Enterprise,UK,Demo,Workflow Automation,CR022,4,319.56,4656,46,0.995,0,0,0,0,0,Mature,
2026-02-17,C101,LinkedIn,In-House - Enterprise,UK,Demo,Workflow Automation,CR022,5,294.19,4574,53,1.171,0,0,0,0,0,Mature,
2026-02-18,C101,LinkedIn,In-House - Enterprise,UK,Demo,Workflow Automation,CR022,6,357.75,5459,52,0.959,0,0,0,0,0,Mature,
2026-02-19,C101,LinkedIn,In-House - Enterprise,UK,Demo,Workflow Automation,CR022,7,272.63,4137,48,1.175,0,0,0,0,0,Mature,
2026-02-20,C101,LinkedIn,In-House - Enterprise,UK,Demo,Workflow Automation,CR022,8,328.01,4654,49,1.073,0,0,0,0,0,Mature,
2026-02-21,C101,LinkedIn,In-House - Enterprise,UK,Demo,Workflow Automation,CR022,9,184.43,2455,27,1.118,0,0,0,0,0,Mature,
2026-02-22,C101,LinkedIn,In-House - Enterprise,UK,Demo,Workflow Automation,CR022,10,216.34,3258,36,1.112,0,0,0,0,0,Mature,
2026-02-23,C101,LinkedIn,In-House - Enterprise,UK,Demo,Workflow Automation,CR022,11,273.03,3847,42,1.111,0,0,0,0,0,Mature,
2026-02-24,C101,LinkedIn,In-House - Enterprise,UK,Demo,Workflow Automation,CR022,12,354.77,5149,55,1.085,0,0,0,0,0,Mature,
2026-02-25,C101,LinkedIn,In-House - Enterprise,UK,Demo,Workflow Automation,CR022,13,268.25,4122,39,0.963,0,0,0,0,0,Mature,
2026-02-26,C101,LinkedIn,In-House - Enterprise,UK,Demo,Workflow Automation,CR022,14,295.68,4759,46,0.967,0,0,0,0,0,Mature,
2026-02-27,C101,LinkedIn,In-House - Enterprise,UK,Demo,Workflow Automation,CR022,15,343.87,4895,56,1.147,0,0,0,0,0,Mature,
2026-02-28,C101,LinkedIn,In-House - Enterprise,UK,Demo,Workflow Automation,CR022,16,168.17,2401,28,1.195,0,0,0,0,0,Mature,
2026-03-01,C101,LinkedIn,In-House - Enterprise,UK,Demo,Workflow Automation,CR022,17,189.4,2943,29,1.009,0,0,0,0,0,Mature,
2026-03-02,C101,LinkedIn,In-House - Enterprise,UK,Demo,Workflow Automation,CR022,18,286.74,4345,49,1.135,0,0,0,0,0,Mature,
2026-03-03,C101,LinkedIn,In-House - Enterprise,UK,Demo,Workflow Automation,CR022,19,377.43,5240,54,1.04,0,0,0,0,0,Mature,
2026-03-04,C101,LinkedIn,In-House - Enterprise,UK,Demo,Workflow Automation,CR022,20,276.28,3763,34,0.905,0,0,0,0,0,Mature,
2026-03-05,C101,LinkedIn,In-House - Enterprise,UK,Demo,Workflow Automation,CR022,21,345.6,5183,55,1.061,0,0,0,0,0,Mature,
2026-03-06,C101,LinkedIn,In-House - Enterprise,UK,Demo,Workflow Automation,CR022,22,343.74,4776,50,1.047,0,0,0,0,0,Mature,
2026-03-07,C101,LinkedIn,In-House - Enterprise,UK,Demo,Workflow Automation,CR022,23,178.58,2824,26,0.944,0,0,0,0,0,Mature,
2026-03-08,C101,LinkedIn,In-House - Enterprise,UK,Demo,Workflow Automation,CR022,24,230.38,3635,36,0.994,0,0,0,0,0,Mature,
2026-03-09,C101,LinkedIn,In-House - Enterprise,UK,Demo,Workflow Automation,CR022,25,332.03,4659,47,1.027,0,0,0,0,0,Mature,
2026-03-10,C101,LinkedIn,In-House - Enterprise,UK,Demo,Workflow Automation,CR022,26,267.51,3583,40,1.133,0,0,0,0,0,Mature,
2026-03-11,C101,LinkedIn,In-House - Enterprise,UK,Demo,Workflow Automation,CR022,27,360.63,5453,57,1.059,0,0,0,0,0,Mature,
2026-03-12,C101,LinkedIn,In-House - Enterprise,UK,Demo,Workflow Automation,CR022,28,293.6,4294,52,1.226,0,0,0,0,0,Mature,
2026-03-13,C101,LinkedIn,In-House - Enterprise,UK,Demo,Workflow Automation,CR022,29,337.26,4941,52,1.066,0,0,0,0,0,Mature,
2026-03-14,C101,LinkedIn,In-House - Enterprise,UK,Demo,Workflow Automation,CR022,30,178.38,2870,31,1.095,0,0,0,0,0,Mature,
2026-03-15,C101,LinkedIn,In-House - Enterprise,UK,Demo,Workflow Automation,CR022,31,196.62,2826,32,1.135,0,0,0,0,0,Mature,
2026-03-16,C101,LinkedIn,In-House - Enterprise,UK,Demo,Workflow Automation,CR022,32,309.46,4850,47,0.987,0,0,0,0,0,Mature,
2026-03-17,C101,LinkedIn,In-House - Enterprise,UK,Demo,Workflow Automation,CR022,33,272.36,3886,38,1.002,0,0,0,0,0,Mature,
2026-03-18,C101,LinkedIn,In-House - Enterprise,UK,Demo,Workflow Automation,CR022,34,319.1,4572,45,1.002,0,0,0,0,0,Mature,
2026-03-19,C101,LinkedIn,In-House - Enterprise,UK,Demo,Workflow Automation,CR022,35,353.05,5284,46,0.873,0,0,0,0,0,Mature,
2026-03-20,C101,LinkedIn,In-House - Enterprise,UK,Demo,Workflow Automation,CR022,36,353.82,5544,52,0.939,0,0,0,0,0,Mature,
2026-03-21,C101,LinkedIn,In-House - Enterprise,UK,Demo,Workflow Automation,CR022,37,214.23,3130,31,1.011,0,0,0,0,0,Mature,
2026-03-22,C101,LinkedIn,In-House - Enterprise,UK,Demo,Workflow Automation,CR022,38,164.51,2659,30,1.132,0,0,0,0,0,Mature,
2026-03-23,C101,LinkedIn,In-House - Enterprise,UK,Demo,Workflow Automation,CR022,39,274.8,4294,51,1.205,0,0,0,0,0,Mature,
2026-03-24,C101,LinkedIn,In-House - Enterprise,UK,Demo,Workflow Automation,CR022,40,320.56,4776,49,1.042,0,0,0,0,0,Mature,
2026-03-25,C101,LinkedIn,In-House - Enterprise,UK,Demo,Workflow Automation,CR022,41,254.48,3658,40,1.102,0,0,0,0,0,Mature,
2026-03-26,C101,LinkedIn,In-House - Enterprise,UK,Demo,Workflow Automation,CR022,42,348.64,5321,49,0.925,0,0,0,0,0,Mature,
2026-03-27,C101,LinkedIn,In-House - Enterprise,UK,Demo,Workflow Automation,CR022,43,361.91,5473,64,1.17,0,0,0,0,0,Mature,
2026-03-28,C101,LinkedIn,In-House - Enterprise,UK,Demo,Workflow Automation,CR022,44,217.38,3214,31,0.991,0,0,0,0,0,Mature,
2026-03-29,C101,LinkedIn,In-House - Enterprise,UK,Demo,Workflow Automation,CR022,45,233.57,3592,40,1.135,0,0,0,0,0,Mature,
2026-03-30,C101,LinkedIn,In-House - Enterprise,UK,Demo,Workflow Automation,CR022,46,256.0,3908,38,0.978,0,0,0,0,0,Mature,
2026-03-31,C101,LinkedIn,In-House - Enterprise,UK,Demo,Workflow Automation,CR022,47,374.51,5620,45,0.814,0,0,0,0,0,Mature,
2026-04-01,C101,LinkedIn,In-House - Enterprise,UK,Demo,Workflow Automation,CR022,48,331.04,4495,50,1.122,0,0,0,0,0,Mature,
2026-04-02,C101,LinkedIn,In-House - Enterprise,UK,Demo,Workflow Automation,CR022,49,273.36,3797,41,1.092,0,0,0,0,0,Mature,
2026-04-03,C101,LinkedIn,In-House - Enterprise,UK,Demo,Workflow Automation,CR022,50,331.99,4486,39,0.878,0,0,0,0,0,Mature,
2026-04-04,C101,LinkedIn,In-House - Enterprise,UK,Demo,Workflow Automation,CR022,51,186.51,2587,20,0.793,0,0,0,0,0,Mature,
2026-04-05,C101,LinkedIn,In-House - Enterprise,UK,Demo,Workflow Automation,CR022,52,198.8,3162,24,0.779,0,0,0,0,0,Mature,
2026-04-06,C101,LinkedIn,In-House - Enterprise,UK,Demo,Workflow Automation,CR022,53,365.41,5707,52,0.923,0,0,0,0,0,Mature,
2026-04-07,C101,LinkedIn,In-House - Enterprise,UK,Demo,Workflow Automation,CR022,54,279.3,4455,41,0.923,0,0,0,0,0,Mature,
2026-04-08,C101,LinkedIn,In-House - Enterprise,UK,Demo,Workflow Automation,CR022,55,308.95,4720,35,0.754,0,0,0,0,0,Mature,
2026-04-09,C101,LinkedIn,In-House - Enterprise,UK,Demo,Workflow Automation,CR022,56,331.98,4991,48,0.976,0,0,0,0,0,Mature,
2026-04-10,C101,LinkedIn,In-House - Enterprise,UK,Demo,Workflow Automation,CR022,57,352.99,5264,51,0.976,0,0,0,0,0,Mature,
2026-04-11,C101,LinkedIn,In-House - Enterprise,UK,Demo,Workflow Automation,CR022,58,179.44,2711,23,0.869,0,0,0,0,0,Mature,
2026-04-12,C101,LinkedIn,In-House - Enterprise,UK,Demo,Workflow Automation,CR022,59,236.94,3192,28,0.889,0,0,0,0,0,Mature,
2026-04-13,C101,LinkedIn,In-House - Enterprise,UK,Demo,Workflow Automation,CR022,60,255.43,4024,28,0.716,0,0,0,0,0,Mature,
2026-01-31,C102,Meta,Law Firm - Mid-Market,UK,Content Download,Workflow Automation,CR019,1,203.52,10748,215,2.005,6,1,0,0,0,Mature,
2026-02-01,C102,Meta,Law Firm - Mid-Market,UK,Content Download,Workflow Automation,CR019,2,243.76,13375,243,1.821,10,2,0,0,0,Mature,
2026-02-02,C102,Meta,Law Firm - Mid-Market,UK,Content Download,Workflow Automation,CR019,3,319.51,16761,259,1.551,10,3,0,0,0,Mature,
2026-02-03,C102,Meta,Law Firm - Mid-Market,UK,Content Download,Workflow Automation,CR019,4,306.63,16172,312,1.934,9,2,0,0,0,Mature,
2026-02-04,C102,Meta,Law Firm - Mid-Market,UK,Content Download,Workflow Automation,CR019,5,322.36,15911,256,1.615,9,2,0,0,0,Mature,
2026-02-05,C102,Meta,Law Firm - Mid-Market,UK,Content Download,Workflow Automation,CR019,6,366.0,19602,379,1.938,15,3,0,0,0,Mature,
2026-02-06,C102,Meta,Law Firm - Mid-Market,UK,Content Download,Workflow Automation,CR019,7,322.54,17342,262,1.514,9,2,0,0,0,Mature,
2026-02-07,C102,Meta,Law Firm - Mid-Market,UK,Content Download,Workflow Automation,CR019,8,232.84,12178,220,1.807,7,1,0,0,0,Mature,
2026-02-08,C102,Meta,Law Firm - Mid-Market,UK,Content Download,Workflow Automation,CR019,9,197.9,10320,204,1.98,8,2,0,0,0,Mature,
2026-02-09,C102,Meta,Law Firm - Mid-Market,UK,Content Download,Workflow Automation,CR019,10,313.72,18135,293,1.618,11,3,0,0,0,Mature,
2026-02-10,C102,Meta,Law Firm - Mid-Market,UK,Content Download,Workflow Automation,CR019,11,342.79,19361,369,1.909,10,3,0,0,0,Mature,
2026-02-11,C102,Meta,Law Firm - Mid-Market,UK,Content Download,Workflow Automation,CR019,12,294.76,16241,279,1.718,11,2,0,0,0,Mature,
2026-02-12,C102,Meta,Law Firm - Mid-Market,UK,Content Download,Workflow Automation,CR019,13,289.07,16002,273,1.71,10,2,0,0,0,Mature,
2026-02-13,C102,Meta,Law Firm - Mid-Market,UK,Content Download,Workflow Automation,CR019,14,254.4,13927,249,1.79,10,3,0,0,0,Mature,
2026-02-14,C102,Meta,Law Firm - Mid-Market,UK,Content Download,Workflow Automation,CR019,15,170.31,8837,158,1.79,6,1,0,0,0,Mature,
2026-02-15,C102,Meta,Law Firm - Mid-Market,UK,Content Download,Workflow Automation,CR019,16,180.24,10230,152,1.492,3,1,0,0,0,Mature,
2026-02-16,C102,Meta,Law Firm - Mid-Market,UK,Content Download,Workflow Automation,CR019,17,291.0,15758,231,1.468,8,2,0,0,0,Mature,
2026-02-17,C102,Meta,Law Firm - Mid-Market,UK,Content Download,Workflow Automation,CR019,18,357.5,19513,339,1.742,14,3,0,0,0,Mature,
2026-02-18,C102,Meta,Law Firm - Mid-Market,UK,Content Download,Workflow Automation,CR019,19,261.64,12878,195,1.518,5,1,0,0,0,Mature,
2026-02-19,C102,Meta,Law Firm - Mid-Market,UK,Content Download,Workflow Automation,CR019,20,295.91,16643,277,1.668,11,3,0,0,0,Mature,
2026-02-20,C102,Meta,Law Firm - Mid-Market,UK,Content Download,Workflow Automation,CR019,21,372.08,20719,380,1.837,16,4,0,0,0,Mature,
2026-02-21,C102,Meta,Law Firm - Mid-Market,UK,Content Download,Workflow Automation,CR019,22,198.46,10249,175,1.71,5,1,0,0,0,Mature,
2026-02-22,C102,Meta,Law Firm - Mid-Market,UK,Content Download,Workflow Automation,CR019,23,234.09,12237,183,1.499,5,1,0,0,0,Mature,
2026-01-10,C103,Google,Law Firm - Enterprise,US,Demo,Speed,CR027,1,139.41,4604,176,3.824,0,0,0,0,0,Mature,
2026-01-11,C103,Google,Law Firm - Enterprise,US,Demo,Speed,CR027,2,121.23,3717,138,3.732,0,0,0,0,0,Mature,
2026-01-12,C103,Google,Law Firm - Enterprise,US,Demo,Speed,CR027,3,228.62,6567,257,3.925,1,0,0,0,0,Mature,
2026-01-13,C103,Google,Law Firm - Enterprise,US,Demo,Speed,CR027,4,224.37,6731,276,4.113,1,0,0,0,0,Mature,
2026-01-14,C103,Google,Law Firm - Enterprise,US,Demo,Speed,CR027,5,197.11,6236,258,4.139,1,0,0,0,0,Mature,
2026-01-15,C103,Google,Law Firm - Enterprise,US,Demo,Speed,CR027,6,183.39,5370,231,4.308,1,0,0,0,0,Mature,
2026-01-16,C103,Google,Law Firm - Enterprise,US,Demo,Speed,CR027,7,200.4,6337,275,4.355,2,1,0,0,0,Mature,
2026-01-17,C103,Google,Law Firm - Enterprise,US,Demo,Speed,CR027,8,122.85,4005,132,3.3,0,0,0,0,0,Mature,
2026-01-18,C103,Google,Law Firm - Enterprise,US,Demo,Speed,CR027,9,145.51,4409,190,4.313,1,0,0,0,0,Mature,
2026-01-19,C103,Google,Law Firm - Enterprise,US,Demo,Speed,CR027,10,182.99,6048,197,3.269,1,0,0,0,0,Mature,
2026-01-20,C103,Google,Law Firm - Enterprise,US,Demo,Speed,CR027,11,183.15,5438,231,4.257,1,0,0,0,0,Mature,
2026-01-21,C103,Google,Law Firm - Enterprise,US,Demo,Speed,CR027,12,201.84,5924,233,3.933,1,0,0,0,0,Mature,
2026-01-22,C103,Google,Law Firm - Enterprise,US,Demo,Speed,CR027,13,228.79,7732,279,3.619,1,0,0,0,0,Mature,
2026-01-23,C103,Google,Law Firm - Enterprise,US,Demo,Speed,CR027,14,218.77,6505,212,3.262,0,0,0,0,0,Mature,
2026-01-24,C103,Google,Law Firm - Enterprise,US,Demo,Speed,CR027,15,154.15,5177,228,4.416,1,0,0,0,0,Mature,
2026-01-25,C103,Google,Law Firm - Enterprise,US,Demo,Speed,CR027,16,175.37,5659,185,3.274,1,0,0,0,0,Mature,
2026-01-26,C103,Google,Law Firm - Enterprise,US,Demo,Speed,CR027,17,203.53,6600,269,4.078,1,0,0,0,0,Mature,
2026-01-27,C103,Google,Law Firm - Enterprise,US,Demo,Speed,CR027,18,221.24,7343,323,4.407,2,0,0,0,0,Mature,
2026-01-28,C103,Google,Law Firm - Enterprise,US,Demo,Speed,CR027,19,223.58,7177,302,4.217,1,0,0,0,0,Mature,
2026-01-29,C103,Google,Law Firm - Enterprise,US,Demo,Speed,CR027,20,212.42,6420,277,4.33,1,0,0,0,0,Mature,
2026-01-30,C103,Google,Law Firm - Enterprise,US,Demo,Speed,CR027,21,200.96,5694,235,4.138,1,0,0,0,0,Mature,
2026-01-31,C103,Google,Law Firm - Enterprise,US,Demo,Speed,CR027,22,117.29,3798,142,3.759,0,0,0,0,0,Mature,
2026-02-01,C103,Google,Law Firm - Enterprise,US,Demo,Speed,CR027,23,152.33,5144,193,3.761,1,0,0,0,0,Mature,
2026-02-02,C103,Google,Law Firm - Enterprise,US,Demo,Speed,CR027,24,186.98,5704,210,3.696,1,0,0,0,0,Mature,
2026-02-03,C103,Google,Law Firm - Enterprise,US,Demo,Speed,CR027,25,214.02,6446,272,4.226,1,0,0,0,0,Mature,
2026-02-04,C103,Google,Law Firm - Enterprise,US,Demo,Speed,CR027,26,251.49,7564,251,3.319,1,0,0,0,0,Mature,
2026-02-05,C103,Google,Law Firm - Enterprise,US,Demo,Speed,CR027,27,252.95,8665,300,3.468,1,0,0,0,0,Mature,
2026-02-06,C103,Google,Law Firm - Enterprise,US,Demo,Speed,CR027,28,261.23,8715,307,3.534,1,0,0,0,0,Mature,
2026-02-07,C103,Google,Law Firm - Enterprise,US,Demo,Speed,CR027,29,152.02,5186,226,4.369,1,0,0,0,0,Mature,
2026-02-08,C103,Google,Law Firm - Enterprise,US,Demo,Speed,CR027,30,158.01,5149,223,4.333,1,0,0,0,0,Mature,
2026-02-09,C103,Google,Law Firm - Enterprise,US,Demo,Speed,CR027,31,186.65,5442,235,4.321,1,0,0,0,0,Mature,
2026-02-10,C103,Google,Law Firm - Enterprise,US,Demo,Speed,CR027,32,221.45,6964,294,4.231,2,1,0,0,0,Mature,
2026-02-11,C103,Google,Law Firm - Enterprise,US,Demo,Speed,CR027,33,246.57,7525,330,4.398,1,0,0,0,0,Mature,
2026-02-12,C103,Google,Law Firm - Enterprise,US,Demo,Speed,CR027,34,219.46,7399,304,4.118,1,0,0,0,0,Mature,
2026-02-13,C103,Google,Law Firm - Enterprise,US,Demo,Speed,CR027,35,213.5,6245,205,3.293,1,0,0,0,0,Mature,
2026-02-11,C104,LinkedIn,In-House - Mid-Market,UK,Demo,Customer Proof,CR017,1,698.33,9830,96,0.978,0,0,0,0,0,Mature,
2026-02-12,C104,LinkedIn,In-House - Mid-Market,UK,Demo,Customer Proof,CR017,2,775.38,11118,103,0.934,0,0,0,0,0,Mature,
2026-02-13,C104,LinkedIn,In-House - Mid-Market,UK,Demo,Customer Proof,CR017,3,607.35,9594,79,0.829,0,0,0,0,0,Mature,
2026-02-14,C104,LinkedIn,In-House - Mid-Market,UK,Demo,Customer Proof,CR017,4,425.94,6878,71,1.032,0,0,0,0,0,Mature,
2026-02-15,C104,LinkedIn,In-House - Mid-Market,UK,Demo,Customer Proof,CR017,5,462.35,7333,61,0.838,0,0,0,0,0,Mature,
2026-02-16,C104,LinkedIn,In-House - Mid-Market,UK,Demo,Customer Proof,CR017,6,729.41,11704,114,0.981,0,0,0,0,0,Mature,
2026-02-17,C104,LinkedIn,In-House - Mid-Market,UK,Demo,Customer Proof,CR017,7,611.67,9037,88,0.981,0,0,0,0,0,Mature,
2026-02-18,C104,LinkedIn,In-House - Mid-Market,UK,Demo,Customer Proof,CR017,8,572.34,7874,86,1.097,0,0,0,0,0,Mature,
2026-02-19,C104,LinkedIn,In-House - Mid-Market,UK,Demo,Customer Proof,CR017,9,683.31,9261,81,0.876,0,0,0,0,0,Mature,
2026-02-20,C104,LinkedIn,In-House - Mid-Market,UK,Demo,Customer Proof,CR017,10,745.19,11078,94,0.853,0,0,0,0,0,Mature,
2026-02-21,C104,LinkedIn,In-House - Mid-Market,UK,Demo,Customer Proof,CR017,11,356.22,5673,57,1.013,0,0,0,0,0,Mature,
2026-02-22,C104,LinkedIn,In-House - Mid-Market,UK,Demo,Customer Proof,CR017,12,412.22,5808,65,1.128,0,0,0,0,0,Mature,
2026-02-23,C104,LinkedIn,In-House - Mid-Market,UK,Demo,Customer Proof,CR017,13,564.22,8688,89,1.027,0,0,0,0,0,Mature,
2026-02-24,C104,LinkedIn,In-House - Mid-Market,UK,Demo,Customer Proof,CR017,14,604.93,8279,79,0.963,0,0,0,0,0,Mature,
2026-02-25,C104,LinkedIn,In-House - Mid-Market,UK,Demo,Customer Proof,CR017,15,769.15,12203,138,1.138,0,0,0,0,0,Mature,
2026-02-26,C104,LinkedIn,In-House - Mid-Market,UK,Demo,Customer Proof,CR017,16,580.0,8972,78,0.88,0,0,0,0,0,Mature,
2026-02-27,C104,LinkedIn,In-House - Mid-Market,UK,Demo,Customer Proof,CR017,17,793.61,10626,122,1.154,0,0,0,0,0,Mature,
2026-02-28,C104,LinkedIn,In-House - Mid-Market,UK,Demo,Customer Proof,CR017,18,353.86,4878,47,0.984,0,0,0,0,0,Mature,
2026-03-01,C104,LinkedIn,In-House - Mid-Market,UK,Demo,Customer Proof,CR017,19,508.97,6809,77,1.141,0,0,0,0,0,Mature,
2026-03-02,C104,LinkedIn,In-House - Mid-Market,UK,Demo,Customer Proof,CR017,20,609.3,8176,85,1.046,0,0,0,0,0,Mature,
2026-03-03,C104,LinkedIn,In-House - Mid-Market,UK,Demo,Customer Proof,CR017,21,669.02,10566,103,0.978,0,0,0,0,0,Mature,
2026-03-04,C104,LinkedIn,In-House - Mid-Market,UK,Demo,Customer Proof,CR017,22,730.99,11352,110,0.971,0,0,0,0,0,Mature,
2026-03-05,C104,LinkedIn,In-House - Mid-Market,UK,Demo,Customer Proof,CR017,23,584.22,8050,89,1.111,0,0,0,0,0,Mature,
2026-03-06,C104,LinkedIn,In-House - Mid-Market,UK,Demo,Customer Proof,CR017,24,687.54,10127,103,1.022,0,0,0,0,0,Mature,
2026-03-07,C104,LinkedIn,In-House - Mid-Market,UK,Demo,Customer Proof,CR017,25,506.1,8000,72,0.901,0,0,0,0,0,Mature,
2026-03-08,C104,LinkedIn,In-House - Mid-Market,UK,Demo,Customer Proof,CR017,26,413.53,5497,46,0.845,0,0,0,0,0,Mature,
2026-03-09,C104,LinkedIn,In-House - Mid-Market,UK,Demo,Customer Proof,CR017,27,548.22,8046,72,0.9,0,0,0,0,0,Mature,
2026-03-10,C104,LinkedIn,In-House - Mid-Market,UK,Demo,Customer Proof,CR017,28,701.77,10011,83,0.838,0,0,0,0,0,Mature,
2026-03-11,C104,LinkedIn,In-House - Mid-Market,UK,Demo,Customer Proof,CR017,29,807.39,11154,115,1.037,0,0,0,0,0,Mature,
2026-03-12,C104,LinkedIn,In-House - Mid-Market,UK,Demo,Customer Proof,CR017,30,777.11,12424,136,1.095,0,0,0,0,0,Mature,
2026-05-06,C105,Meta,Law Firm - Mid-Market,US,Content Download,Workflow Automation,CR020,1,1017.1,52863,847,1.604,35,10,1,59237,20002,Mature,
2026-05-07,C105,Meta,Law Firm - Mid-Market,US,Content Download,Workflow Automation,CR020,2,1025.09,56520,833,1.476,34,9,1,41199,12514,Mature,
2026-05-08,C105,Meta,Law Firm - Mid-Market,US,Content Download,Workflow Automation,CR020,3,944.97,50622,741,1.464,29,6,0,0,0,Mature,
2026-05-09,C105,Meta,Law Firm - Mid-Market,US,Content Download,Workflow Automation,CR020,4,617.89,34109,556,1.632,20,4,0,0,0,Mature,
2026-05-10,C105,Meta,Law Firm - Mid-Market,US,Content Download,Workflow Automation,CR020,5,644.76,35211,534,1.518,14,3,0,0,0,Mature,
2026-05-11,C105,Meta,Law Firm - Mid-Market,US,Content Download,Workflow Automation,CR020,6,969.29,51777,776,1.5,27,6,0,0,0,Mature,
2026-05-12,C105,Meta,Law Firm - Mid-Market,US,Content Download,Workflow Automation,CR020,7,1030.08,49429,941,1.904,26,6,0,0,0,Mature,
2026-05-13,C105,Meta,Law Firm - Mid-Market,US,Content Download,Workflow Automation,CR020,8,1017.33,54096,976,1.806,37,9,0,0,0,Mature,
2026-05-14,C105,Meta,Law Firm - Mid-Market,US,Content Download,Workflow Automation,CR020,9,868.42,48683,760,1.562,28,7,1,52737,14734,Mature,
2026-05-15,C105,Meta,Law Firm - Mid-Market,US,Content Download,Workflow Automation,CR020,10,994.55,52694,823,1.563,23,5,0,0,0,Mature,
2026-05-16,C105,Meta,Law Firm - Mid-Market,US,Content Download,Workflow Automation,CR020,11,576.24,28632,429,1.501,11,3,0,0,0,Mature,
2026-05-17,C105,Meta,Law Firm - Mid-Market,US,Content Download,Workflow Automation,CR020,12,475.85,26591,466,1.756,15,3,0,0,0,Mature,
2026-05-18,C105,Meta,Law Firm - Mid-Market,US,Content Download,Workflow Automation,CR020,13,730.64,40458,749,1.851,20,4,0,0,0,Mature,
2026-05-19,C105,Meta,Law Firm - Mid-Market,US,Content Download,Workflow Automation,CR020,14,889.29,47788,840,1.758,23,6,0,0,0,Mature,
2026-05-20,C105,Meta,Law Firm - Mid-Market,US,Content Download,Workflow Automation,CR020,15,856.79,41893,668,1.597,24,6,0,0,0,Mature,
2026-05-21,C105,Meta,Law Firm - Mid-Market,US,Content Download,Workflow Automation,CR020,16,1008.57,48952,773,1.58,22,6,0,0,0,Mature,
2026-05-22,C105,Meta,Law Firm - Mid-Market,US,Content Download,Workflow Automation,CR020,17,1013.86,56223,1056,1.879,30,8,1,57627,17539,Mature,
2026-05-23,C105,Meta,Law Firm - Mid-Market,US,Content Download,Workflow Automation,CR020,18,648.37,35985,706,1.963,18,5,0,0,0,Mature,
2026-05-24,C105,Meta,Law Firm - Mid-Market,US,Content Download,Workflow Automation,CR020,19,677.06,36878,681,1.848,26,6,0,0,0,Mature,
2026-05-25,C105,Meta,Law Firm - Mid-Market,US,Content Download,Workflow Automation,CR020,20,1020.72,54048,786,1.454,33,10,1,72775,16199,Mature,
2026-05-26,C105,Meta,Law Firm - Mid-Market,US,Content Download,Workflow Automation,CR020,21,947.25,48114,682,1.419,26,6,0,0,0,Mature,
2026-05-27,C105,Meta,Law Firm - Mid-Market,US,Content Download,Workflow Automation,CR020,22,818.49,41511,798,1.924,27,9,1,40948,12379,Mature,
2026-05-28,C105,Meta,Law Firm - Mid-Market,US,Content Download,Workflow Automation,CR020,23,876.39,46595,908,1.95,29,9,1,65013,20146,Mature,
2026-05-29,C105,Meta,Law Firm - Mid-Market,US,Content Download,Workflow Automation,CR020,24,1030.37,48940,688,1.407,20,5,0,0,0,Mature,
2026-05-30,C105,Meta,Law Firm - Mid-Market,US,Content Download,Workflow Automation,CR020,25,520.14,29788,590,1.981,17,4,0,0,0,Mature,
2026-05-31,C105,Meta,Law Firm - Mid-Market,US,Content Download,Workflow Automation,CR020,26,536.96,25687,498,1.939,13,4,0,0,0,Mature,
2026-06-01,C105,Meta,Law Firm - Mid-Market,US,Content Download,Workflow Automation,CR020,27,1011.99,54440,1010,1.856,38,8,0,0,0,Mature,
2026-06-02,C105,Meta,Law Firm - Mid-Market,US,Content Download,Workflow Automation,CR020,28,873.42,44189,668,1.514,19,4,0,0,0,Mature,
2026-06-03,C105,Meta,Law Firm - Mid-Market,US,Content Download,Workflow Automation,CR020,29,880.71,42297,593,1.403,21,4,0,0,0,Mature,
2026-06-04,C105,Meta,Law Firm - Mid-Market,US,Content Download,Workflow Automation,CR020,30,1052.36,52242,770,1.474,33,9,0,0,0,Mature,
2026-03-23,C106,Google,Law Firm - Enterprise,UK,Webinar,AI Productivity,CR008,1,1213.5,37080,1544,4.165,21,13,2,121459,32080,Mature,
2026-03-24,C106,Google,Law Firm - Enterprise,UK,Webinar,AI Productivity,CR008,2,1164.6,39550,1546,3.91,24,15,3,140032,42403,Mature,
2026-03-25,C106,Google,Law Firm - Enterprise,UK,Webinar,AI Productivity,CR008,3,1216.08,39176,1691,4.319,25,17,3,294804,73183,Mature,
2026-03-26,C106,Google,Law Firm - Enterprise,UK,Webinar,AI Productivity,CR008,4,1458.32,46050,1623,3.526,27,14,2,225948,74972,Mature,
2026-03-27,C106,Google,Law Firm - Enterprise,UK,Webinar,AI Productivity,CR008,5,1108.63,37434,1506,4.025,20,14,2,270144,64291,Mature,
2026-03-28,C106,Google,Law Firm - Enterprise,UK,Webinar,AI Productivity,CR008,6,997.69,28356,1095,3.865,19,9,1,45332,12431,Mature,
2026-03-29,C106,Google,Law Firm - Enterprise,UK,Webinar,AI Productivity,CR008,7,944.12,28819,1235,4.286,17,9,1,46208,12577,Mature,
2026-03-30,C106,Google,Law Firm - Enterprise,UK,Webinar,AI Productivity,CR008,8,1146.38,35909,1266,3.526,23,12,2,122927,37627,Mature,
2026-03-31,C106,Google,Law Firm - Enterprise,UK,Webinar,AI Productivity,CR008,9,1128.12,37360,1722,4.61,27,15,3,295259,93835,Mature,
2026-04-01,C106,Google,Law Firm - Enterprise,UK,Webinar,AI Productivity,CR008,10,1308.64,43461,1469,3.381,32,24,4,364297,80169,Mature,
2026-04-02,C106,Google,Law Firm - Enterprise,UK,Webinar,AI Productivity,CR008,11,1529.32,46250,1999,4.324,28,17,2,188088,58988,Mature,
2026-04-03,C106,Google,Law Firm - Enterprise,UK,Webinar,AI Productivity,CR008,12,1574.58,46928,1554,3.313,24,15,2,243109,66656,Mature,
2026-04-04,C106,Google,Law Firm - Enterprise,UK,Webinar,AI Productivity,CR008,13,753.61,21577,827,3.833,17,11,2,233498,59158,Mature,
2026-04-05,C106,Google,Law Firm - Enterprise,UK,Webinar,AI Productivity,CR008,14,833.41,27688,1269,4.584,19,14,2,212792,64500,Mature,
2026-04-06,C106,Google,Law Firm - Enterprise,UK,Webinar,AI Productivity,CR008,15,1591.33,46067,1509,3.277,22,14,2,203948,67337,Mature,
2026-04-07,C106,Google,Law Firm - Enterprise,UK,Webinar,AI Productivity,CR008,16,1256.31,37061,1533,4.138,28,19,3,175335,40251,Mature,
2026-04-08,C106,Google,Law Firm - Enterprise,UK,Webinar,AI Productivity,CR008,17,1164.91,32868,1267,3.855,21,10,2,179267,44267,Mature,
2026-04-09,C106,Google,Law Firm - Enterprise,UK,Webinar,AI Productivity,CR008,18,1607.65,54753,2336,4.268,46,29,5,328913,109455,Mature,
2026-04-10,C106,Google,Law Firm - Enterprise,UK,Webinar,AI Productivity,CR008,19,1605.0,49150,2016,4.102,41,19,3,316734,81404,Mature,
2026-04-11,C106,Google,Law Firm - Enterprise,UK,Webinar,AI Productivity,CR008,20,714.64,23932,824,3.447,15,7,1,69977,15797,Mature,
2026-04-12,C106,Google,Law Firm - Enterprise,UK,Webinar,AI Productivity,CR008,21,977.62,33398,1381,4.136,24,16,3,312387,76554,Mature,
2026-04-13,C106,Google,Law Firm - Enterprise,UK,Webinar,AI Productivity,CR008,22,1398.36,40188,1410,3.509,30,22,3,223635,71261,Mature,
2026-04-14,C106,Google,Law Firm - Enterprise,UK,Webinar,AI Productivity,CR008,23,1579.47,49049,1665,3.395,29,21,3,402646,107967,Mature,
2026-04-15,C106,Google,Law Firm - Enterprise,UK,Webinar,AI Productivity,CR008,24,1270.88,40051,1639,4.093,33,16,2,97483,28895,Mature,
2026-04-16,C106,Google,Law Firm - Enterprise,UK,Webinar,AI Productivity,CR008,25,1325.88,37640,1516,4.029,26,13,2,275817,87378,Mature,
2026-04-17,C106,Google,Law Firm - Enterprise,UK,Webinar,AI Productivity,CR008,26,1482.6,47678,1896,3.977,31,22,3,183834,40899,Mature,
2026-04-18,C106,Google,Law Firm - Enterprise,UK,Webinar,AI Productivity,CR008,27,935.32,27815,1045,3.758,21,16,2,185185,62314,Mature,
2026-04-19,C106,Google,Law Firm - Enterprise,UK,Webinar,AI Productivity,CR008,28,761.94,25180,886,3.522,16,9,1,103933,33163,Mature,
2026-02-24,C107,LinkedIn,Law Firm - Mid-Market,US,Demo,AI Productivity,CR009,1,869.27,12100,164,1.359,1,0,0,0,0,Mature,
2026-02-25,C107,LinkedIn,Law Firm - Mid-Market,US,Demo,AI Productivity,CR009,2,1021.99,15948,174,1.095,0,0,0,0,0,Mature,
2026-02-26,C107,LinkedIn,Law Firm - Mid-Market,US,Demo,AI Productivity,CR009,3,727.42,10753,121,1.134,0,0,0,0,0,Mature,
2026-02-27,C107,LinkedIn,Law Firm - Mid-Market,US,Demo,AI Productivity,CR009,4,1009.61,13452,170,1.268,0,0,0,0,0,Mature,
2026-02-28,C107,LinkedIn,Law Firm - Mid-Market,US,Demo,AI Productivity,CR009,5,616.11,9367,111,1.194,0,0,0,0,0,Mature,
2026-03-01,C107,LinkedIn,Law Firm - Mid-Market,US,Demo,AI Productivity,CR009,6,673.14,9989,101,1.016,0,0,0,0,0,Mature,
2026-03-02,C107,LinkedIn,Law Firm - Mid-Market,US,Demo,AI Productivity,CR009,7,1036.63,16231,168,1.036,0,0,0,0,0,Mature,
2026-03-03,C107,LinkedIn,Law Firm - Mid-Market,US,Demo,AI Productivity,CR009,8,973.36,14993,149,0.999,1,0,0,0,0,Mature,
2026-03-04,C107,LinkedIn,Law Firm - Mid-Market,US,Demo,AI Productivity,CR009,9,1016.56,13664,145,1.063,0,0,0,0,0,Mature,
2026-03-05,C107,LinkedIn,Law Firm - Mid-Market,US,Demo,AI Productivity,CR009,10,950.85,13329,161,1.212,0,0,0,0,0,Mature,
2026-03-06,C107,LinkedIn,Law Firm - Mid-Market,US,Demo,AI Productivity,CR009,11,1012.49,14933,173,1.163,1,0,0,0,0,Mature,
2026-03-07,C107,LinkedIn,Law Firm - Mid-Market,US,Demo,AI Productivity,CR009,12,544.31,8691,90,1.037,0,0,0,0,0,Mature,
2026-03-08,C107,LinkedIn,Law Firm - Mid-Market,US,Demo,AI Productivity,CR009,13,506.32,6910,75,1.099,0,0,0,0,0,Mature,
2026-03-09,C107,LinkedIn,Law Firm - Mid-Market,US,Demo,AI Productivity,CR009,14,996.12,15303,197,1.291,0,0,0,0,0,Mature,
2026-03-10,C107,LinkedIn,Law Firm - Mid-Market,US,Demo,AI Productivity,CR009,15,831.49,12339,141,1.144,0,0,0,0,0,Mature,
2026-03-11,C107,LinkedIn,Law Firm - Mid-Market,US,Demo,AI Productivity,CR009,16,785.95,11926,146,1.231,0,0,0,0,0,Mature,
2026-03-12,C107,LinkedIn,Law Firm - Mid-Market,US,Demo,AI Productivity,CR009,17,1027.83,14467,173,1.202,1,0,0,0,0,Mature,
2026-03-13,C107,LinkedIn,Law Firm - Mid-Market,US,Demo,AI Productivity,CR009,18,916.87,13067,130,0.996,0,0,0,0,0,Mature,
2026-03-14,C107,LinkedIn,Law Firm - Mid-Market,US,Demo,AI Productivity,CR009,19,486.61,7739,82,1.072,0,0,0,0,0,Mature,
2026-03-15,C107,LinkedIn,Law Firm - Mid-Market,US,Demo,AI Productivity,CR009,20,543.59,7268,81,1.127,0,0,0,0,0,Mature,
2026-03-16,C107,LinkedIn,Law Firm - Mid-Market,US,Demo,AI Productivity,CR009,21,826.55,11624,146,1.264,0,0,0,0,0,Mature,
2026-03-17,C107,LinkedIn,Law Firm - Mid-Market,US,Demo,AI Productivity,CR009,22,845.02,12204,143,1.176,0,0,0,0,0,Mature,
2026-03-18,C107,LinkedIn,Law Firm - Mid-Market,US,Demo,AI Productivity,CR009,23,742.05,11010,106,0.966,0,0,0,0,0,Mature,
2026-03-19,C107,LinkedIn,Law Firm - Mid-Market,US,Demo,AI Productivity,CR009,24,1051.28,14278,176,1.234,1,0,0,0,0,Mature,
2026-03-20,C107,LinkedIn,Law Firm - Mid-Market,US,Demo,AI Productivity,CR009,25,867.62,12727,148,1.168,0,0,0,0,0,Mature,
2026-03-21,C107,LinkedIn,Law Firm - Mid-Market,US,Demo,AI Productivity,CR009,26,569.52,8374,95,1.139,0,0,0,0,0,Mature,
2026-03-22,C107,LinkedIn,Law Firm - Mid-Market,US,Demo,AI Productivity,CR009,27,632.56,8525,86,1.011,0,0,0,0,0,Mature,
2026-03-23,C107,LinkedIn,Law Firm - Mid-Market,US,Demo,AI Productivity,CR009,28,781.17,12556,159,1.27,1,0,0,0,0,Mature,
2026-03-24,C107,LinkedIn,Law Firm - Mid-Market,US,Demo,AI Productivity,CR009,29,1022.14,15885,208,1.312,1,0,0,0,0,Mature,
2026-03-25,C107,LinkedIn,Law Firm - Mid-Market,US,Demo,AI Productivity,CR009,30,820.97,12663,171,1.35,0,0,0,0,0,Mature,
2026-03-26,C107,LinkedIn,Law Firm - Mid-Market,US,Demo,AI Productivity,CR009,31,1000.59,15820,155,0.984,0,0,0,0,0,Mature,
2026-03-27,C107,LinkedIn,Law Firm - Mid-Market,US,Demo,AI Productivity,CR009,32,977.69,15458,175,1.138,1,0,0,0,0,Mature,
2026-03-28,C107,LinkedIn,Law Firm - Mid-Market,US,Demo,AI Productivity,CR009,33,630.73,10037,133,1.33,0,0,0,0,0,Mature,
2026-03-29,C107,LinkedIn,Law Firm - Mid-Market,US,Demo,AI Productivity,CR009,34,660.63,8870,108,1.219,0,0,0,0,0,Mature,
2026-03-30,C107,LinkedIn,Law Firm - Mid-Market,US,Demo,AI Productivity,CR009,35,981.71,14744,152,1.035,0,0,0,0,0,Mature,
2026-03-31,C107,LinkedIn,Law Firm - Mid-Market,US,Demo,AI Productivity,CR009,36,929.02,13652,156,1.149,1,0,0,0,0,Mature,
2026-04-01,C107,LinkedIn,Law Firm - Mid-Market,US,Demo,AI Productivity,CR009,37,793.35,11998,154,1.291,0,0,0,0,0,Mature,
2026-04-02,C107,LinkedIn,Law Firm - Mid-Market,US,Demo,AI Productivity,CR009,38,854.46,11529,134,1.168,0,0,0,0,0,Mature,
2026-04-03,C107,LinkedIn,Law Firm - Mid-Market,US,Demo,AI Productivity,CR009,39,1031.52,14848,185,1.247,1,0,0,0,0,Mature,
2026-04-04,C107,LinkedIn,Law Firm - Mid-Market,US,Demo,AI Productivity,CR009,40,626.68,8296,97,1.178,0,0,0,0,0,Mature,
2026-04-05,C107,LinkedIn,Law Firm - Mid-Market,US,Demo,AI Productivity,CR009,41,590.49,9135,124,1.361,0,0,0,0,0,Mature,
2026-04-06,C107,LinkedIn,Law Firm - Mid-Market,US,Demo,AI Productivity,CR009,42,786.21,10633,146,1.373,1,0,0,0,0,Mature,
2026-04-07,C107,LinkedIn,Law Firm - Mid-Market,US,Demo,AI Productivity,CR009,43,860.78,12584,169,1.346,1,0,0,,,Mature,Missing CRM attribution
2026-04-08,C107,LinkedIn,Law Firm - Mid-Market,US,Demo,AI Productivity,CR009,44,1055.51,14728,152,1.036,1,0,0,0,0,Mature,
2026-04-09,C107,LinkedIn,Law Firm - Mid-Market,US,Demo,AI Productivity,CR009,45,892.31,12279,122,0.999,0,0,0,0,0,Mature,
2026-04-10,C107,LinkedIn,Law Firm - Mid-Market,US,Demo,AI Productivity,CR009,46,1041.17,14776,195,1.321,1,0,0,0,0,Mature,
2026-04-11,C107,LinkedIn,Law Firm - Mid-Market,US,Demo,AI Productivity,CR009,47,692.17,9706,121,1.248,0,0,0,0,0,Mature,
2026-04-12,C107,LinkedIn,Law Firm - Mid-Market,US,Demo,AI Productivity,CR009,48,685.3,10877,106,0.982,0,0,0,0,0,Mature,
2026-04-13,C107,LinkedIn,Law Firm - Mid-Market,US,Demo,AI Productivity,CR009,49,827.96,12428,137,1.11,0,0,0,0,0,Mature,
2026-04-14,C107,LinkedIn,Law Firm - Mid-Market,US,Demo,AI Productivity,CR009,50,991.66,15865,190,1.201,0,0,0,0,0,Mature,
2026-04-15,C107,LinkedIn,Law Firm - Mid-Market,US,Demo,AI Productivity,CR009,51,771.15,10290,112,1.089,0,0,0,0,0,Mature,
2026-04-16,C107,LinkedIn,Law Firm - Mid-Market,US,Demo,AI Productivity,CR009,52,1052.91,16482,164,0.996,0,0,0,0,0,Mature,
2026-04-17,C107,LinkedIn,Law Firm - Mid-Market,US,Demo,AI Productivity,CR009,53,1028.26,14518,143,0.991,0,0,0,0,0,Mature,
2026-04-18,C107,LinkedIn,Law Firm - Mid-Market,US,Demo,AI Productivity,CR009,54,540.95,8677,76,0.882,0,0,0,0,0,Mature,
2026-04-19,C107,LinkedIn,Law Firm - Mid-Market,US,Demo,AI Productivity,CR009,55,473.63,7445,79,1.069,0,0,0,0,0,Mature,
2026-04-20,C107,LinkedIn,Law Firm - Mid-Market,US,Demo,AI Productivity,CR009,56,775.71,10413,102,0.987,0,0,0,0,0,Mature,
2026-04-21,C107,LinkedIn,Law Firm - Mid-Market,US,Demo,AI Productivity,CR009,57,731.98,11007,104,0.95,0,0,0,0,0,Mature,
2026-04-22,C107,LinkedIn,Law Firm - Mid-Market,US,Demo,AI Productivity,CR009,58,771.27,11204,97,0.875,0,0,0,0,0,Mature,
2026-04-23,C107,LinkedIn,Law Firm - Mid-Market,US,Demo,AI Productivity,CR009,59,1037.7,14431,141,0.983,0,0,0,0,0,Mature,
2026-04-24,C107,LinkedIn,Law Firm - Mid-Market,US,Demo,AI Productivity,CR009,60,932.02,12951,100,0.778,0,0,0,0,0,Mature,
2026-04-25,C107,LinkedIn,Law Firm - Mid-Market,US,Demo,AI Productivity,CR009,61,646.77,9731,90,0.927,0,0,0,0,0,Mature,
2026-05-13,C108,Meta,In-House - Mid-Market,France,Webinar,AI Productivity,CR012,1,472.59,26648,490,1.842,10,2,0,0,0,Mature,
2026-05-14,C108,Meta,In-House - Mid-Market,France,Webinar,AI Productivity,CR012,2,517.49,25574,461,1.804,10,2,0,0,0,Mature,
2026-05-15,C108,Meta,In-House - Mid-Market,France,Webinar,AI Productivity,CR012,3,391.03,20974,433,2.066,8,2,0,0,0,Mature,
2026-05-16,C108,Meta,In-House - Mid-Market,France,Webinar,AI Productivity,CR012,4,247.11,13947,285,2.048,6,1,0,0,0,Mature,
2026-05-17,C108,Meta,In-House - Mid-Market,France,Webinar,AI Productivity,CR012,5,240.91,13922,271,1.947,6,2,0,0,0,Mature,
2026-05-18,C108,Meta,In-House - Mid-Market,France,Webinar,AI Productivity,CR012,6,477.87,23735,458,1.933,9,2,0,0,0,Mature,
2026-05-19,C108,Meta,In-House - Mid-Market,France,Webinar,AI Productivity,CR012,7,384.15,22096,413,1.871,8,1,0,0,0,Mature,
2026-05-20,C108,Meta,In-House - Mid-Market,France,Webinar,AI Productivity,CR012,8,516.29,27037,590,2.183,16,5,0,0,0,Mature,
2026-05-21,C108,Meta,In-House - Mid-Market,France,Webinar,AI Productivity,CR012,9,449.81,25384,399,1.573,10,3,0,0,0,Mature,
2026-05-22,C108,Meta,In-House - Mid-Market,France,Webinar,AI Productivity,CR012,10,381.12,19696,381,1.937,8,2,0,0,0,Mature,
2026-05-23,C108,Meta,In-House - Mid-Market,France,Webinar,AI Productivity,CR012,11,282.83,15258,280,1.838,5,1,0,0,0,Mature,
2026-05-24,C108,Meta,In-House - Mid-Market,France,Webinar,AI Productivity,CR012,12,249.29,12457,230,1.848,5,1,0,,,Mature,Missing CRM attribution
2026-05-25,C108,Meta,In-House - Mid-Market,France,Webinar,AI Productivity,CR012,13,372.06,18158,364,2.01,7,2,0,0,0,Mature,
2026-05-26,C108,Meta,In-House - Mid-Market,France,Webinar,AI Productivity,CR012,14,484.96,27160,572,2.107,10,2,0,0,0,Mature,
2026-05-27,C108,Meta,In-House - Mid-Market,France,Webinar,AI Productivity,CR012,15,373.5,21468,437,2.036,11,2,0,0,0,Mature,
2026-05-28,C108,Meta,In-House - Mid-Market,France,Webinar,AI Productivity,CR012,16,492.72,24281,389,1.605,8,2,0,0,0,Mature,
2026-05-29,C108,Meta,In-House - Mid-Market,France,Webinar,AI Productivity,CR012,17,453.82,24619,522,2.122,9,3,0,0,0,Mature,
2026-05-30,C108,Meta,In-House - Mid-Market,France,Webinar,AI Productivity,CR012,18,294.59,16362,365,2.232,9,2,0,,,Mature,Missing CRM attribution
2026-05-31,C108,Meta,In-House - Mid-Market,France,Webinar,AI Productivity,CR012,19,261.84,12783,246,1.932,6,1,0,0,0,Mature,
2026-06-01,C108,Meta,In-House - Mid-Market,France,Webinar,AI Productivity,CR012,20,456.33,22486,478,2.126,13,4,0,0,0,Mature,
2026-06-02,C108,Meta,In-House - Mid-Market,France,Webinar,AI Productivity,CR012,21,443.39,25415,457,1.799,10,2,0,0,0,Mature,
2026-06-03,C108,Meta,In-House - Mid-Market,France,Webinar,AI Productivity,CR012,22,372.07,18652,294,1.576,5,1,0,0,0,Mature,
2026-06-04,C108,Meta,In-House - Mid-Market,France,Webinar,AI Productivity,CR012,23,496.72,27323,445,1.629,8,2,0,0,0,Mature,
2026-06-05,C108,Meta,In-House - Mid-Market,France,Webinar,AI Productivity,CR012,24,478.1,23488,489,2.086,10,2,0,0,0,Mature,
2026-06-06,C108,Meta,In-House - Mid-Market,France,Webinar,AI Productivity,CR012,25,245.03,12041,244,2.028,5,1,0,0,0,Mature,
2026-06-07,C108,Meta,In-House - Mid-Market,France,Webinar,AI Productivity,CR012,26,332.71,15808,280,1.772,7,2,0,0,0,Mature,
2026-06-08,C108,Meta,In-House - Mid-Market,France,Webinar,AI Productivity,CR012,27,398.96,22489,470,2.094,10,2,0,0,0,Mature,
2026-06-09,C108,Meta,In-House - Mid-Market,France,Webinar,AI Productivity,CR012,28,512.35,24576,452,1.842,9,2,0,0,0,Mature,
2026-06-10,C108,Meta,In-House - Mid-Market,France,Webinar,AI Productivity,CR012,29,506.09,28867,592,2.054,13,3,0,0,0,Mature,
2026-06-11,C108,Meta,In-House - Mid-Market,France,Webinar,AI Productivity,CR012,30,396.89,19049,312,1.639,6,1,0,0,0,Mature,
2026-06-12,C108,Meta,In-House - Mid-Market,France,Webinar,AI Productivity,CR012,31,399.56,20934,358,1.711,9,2,0,0,0,Mature,
2026-06-13,C108,Meta,In-House - Mid-Market,France,Webinar,AI Productivity,CR012,32,314.68,17820,326,1.832,7,2,0,0,0,Mature,
2026-06-14,C108,Meta,In-House - Mid-Market,France,Webinar,AI Productivity,CR012,33,337.61,17091,279,1.633,5,1,0,0,0,Mature,
2026-06-15,C108,Meta,In-House - Mid-Market,France,Webinar,AI Productivity,CR012,34,391.19,21075,412,1.958,8,2,0,0,0,Mature,
2026-06-16,C108,Meta,In-House - Mid-Market,France,Webinar,AI Productivity,CR012,35,492.04,27874,451,1.619,7,2,0,0,0,Mature,
2026-06-17,C108,Meta,In-House - Mid-Market,France,Webinar,AI Productivity,CR012,36,469.45,26553,481,1.812,9,0,0,0,0,Immature,
2026-06-18,C108,Meta,In-House - Mid-Market,France,Webinar,AI Productivity,CR012,37,462.47,22874,380,1.663,6,0,0,0,0,Immature,
2026-06-19,C108,Meta,In-House - Mid-Market,France,Webinar,AI Productivity,CR012,38,430.65,24562,494,2.012,9,0,0,0,0,Immature,
2026-06-20,C108,Meta,In-House - Mid-Market,France,Webinar,AI Productivity,CR012,39,259.5,13987,312,2.236,6,0,0,0,0,Immature,
2026-06-21,C108,Meta,In-House - Mid-Market,France,Webinar,AI Productivity,CR012,40,250.93,14432,323,2.24,5,0,0,0,0,Immature,
2026-06-22,C108,Meta,In-House - Mid-Market,France,Webinar,AI Productivity,CR012,41,526.35,30058,637,2.122,12,0,0,0,0,Immature,
2026-06-23,C108,Meta,In-House - Mid-Market,France,Webinar,AI Productivity,CR012,42,415.76,21740,426,1.96,11,3,0,0,0,Immature,
2026-02-07,C109,Google,Law Firm - Enterprise,US,Webinar,ROI,CR001,1,894.67,27078,829,3.062,18,11,1,116873,34202,Mature,
2026-02-08,C109,Google,Law Firm - Enterprise,US,Webinar,ROI,CR001,2,902.31,26032,967,3.717,13,7,1,82633,23844,Mature,
2026-02-09,C109,Google,Law Firm - Enterprise,US,Webinar,ROI,CR001,3,1487.51,45161,1615,3.578,29,18,3,159219,43447,Mature,
2026-02-10,C109,Google,Law Firm - Enterprise,US,Webinar,ROI,CR001,4,1106.7,36368,1495,4.111,21,12,2,157338,47764,Mature,
2026-02-11,C109,Google,Law Firm - Enterprise,US,Webinar,ROI,CR001,5,1293.51,43654,1759,4.031,34,20,4,613342,139800,Mature,
2026-02-12,C109,Google,Law Firm - Enterprise,US,Webinar,ROI,CR001,6,1154.46,39546,1340,3.391,27,18,4,242547,80222,Mature,
2026-02-13,C109,Google,Law Firm - Enterprise,US,Webinar,ROI,CR001,7,1479.74,47078,1465,3.113,21,13,3,240967,55011,Mature,
2026-02-14,C109,Google,Law Firm - Enterprise,US,Webinar,ROI,CR001,8,777.05,22733,826,3.635,17,15,3,126146,34155,Mature,
2026-02-15,C109,Google,Law Firm - Enterprise,US,Webinar,ROI,CR001,9,951.38,29476,1178,3.997,23,13,2,224224,72200,Mature,
2026-02-16,C109,Google,Law Firm - Enterprise,US,Webinar,ROI,CR001,10,1106.45,32397,1161,3.585,16,14,2,180256,42451,Mature,
2026-02-17,C109,Google,Law Firm - Enterprise,US,Webinar,ROI,CR001,11,1485.08,46683,1704,3.651,28,23,3,238389,52490,Mature,
2026-02-18,C109,Google,Law Firm - Enterprise,US,Webinar,ROI,CR001,12,1230.16,36440,1420,3.899,20,12,2,116677,28322,Mature,
2026-02-19,C109,Google,Law Firm - Enterprise,US,Webinar,ROI,CR001,13,1534.59,48330,2043,4.227,37,24,3,241474,76262,Mature,
2026-02-20,C109,Google,Law Firm - Enterprise,US,Webinar,ROI,CR001,14,1368.01,39408,1639,4.161,30,25,5,234028,68968,Mature,
2026-02-21,C109,Google,Law Firm - Enterprise,US,Webinar,ROI,CR001,15,944.55,29086,980,3.371,21,16,4,347495,85607,Mature,
2026-02-22,C109,Google,Law Firm - Enterprise,US,Webinar,ROI,CR001,16,798.99,24962,879,3.525,14,10,2,171835,49452,Mature,
2026-02-23,C109,Google,Law Firm - Enterprise,US,Webinar,ROI,CR001,17,1333.27,44985,1631,3.627,34,28,6,579967,129768,Mature,
2026-02-24,C109,Google,Law Firm - Enterprise,US,Webinar,ROI,CR001,18,1605.55,50998,1742,3.416,27,22,5,235535,70616,Mature,
2026-02-25,C109,Google,Law Firm - Enterprise,US,Webinar,ROI,CR001,19,1448.47,49145,1798,3.66,35,21,3,220144,62610,Mature,
2026-02-26,C109,Google,Law Firm - Enterprise,US,Webinar,ROI,CR001,20,1248.52,41918,1659,3.958,35,31,7,810167,197781,Mature,
2026-02-27,C109,Google,Law Firm - Enterprise,US,Webinar,ROI,CR001,21,1256.43,35650,1391,3.903,22,12,2,,,Mature,Missing CRM attribution
2026-02-28,C109,Google,Law Firm - Enterprise,US,Webinar,ROI,CR001,22,1037.0,32899,1246,3.79,26,23,5,383071,108088,Mature,
2026-03-01,C109,Google,Law Firm - Enterprise,US,Webinar,ROI,CR001,23,712.48,20346,608,2.989,8,7,1,149785,50250,Mature,
2026-03-02,C109,Google,Law Firm - Enterprise,US,Webinar,ROI,CR001,24,1602.96,46150,1771,3.838,39,28,7,533973,149273,Mature,
2026-03-03,C109,Google,Law Firm - Enterprise,US,Webinar,ROI,CR001,25,1453.24,43269,1448,3.348,22,16,4,555080,134937,Mature,
2026-03-04,C109,Google,Law Firm - Enterprise,US,Webinar,ROI,CR001,26,1496.86,42990,1526,3.55,29,18,3,153217,43387,Mature,
2026-03-05,C109,Google,Law Firm - Enterprise,US,Webinar,ROI,CR001,27,1084.62,33440,1050,3.142,20,12,1,87042,19930,Mature,
2026-03-06,C109,Google,Law Firm - Enterprise,US,Webinar,ROI,CR001,28,1101.63,32092,1145,3.568,22,16,4,290028,82859,Mature,
2026-03-07,C109,Google,Law Firm - Enterprise,US,Webinar,ROI,CR001,29,1029.68,31210,1181,3.786,23,19,4,482605,139346,Mature,
2026-03-08,C109,Google,Law Firm - Enterprise,US,Webinar,ROI,CR001,30,702.54,20185,787,3.901,17,9,2,255382,58151,Mature,
2026-03-09,C109,Google,Law Firm - Enterprise,US,Webinar,ROI,CR001,31,1402.44,39550,1575,3.984,31,24,5,610775,205099,Mature,
2026-03-10,C109,Google,Law Firm - Enterprise,US,Webinar,ROI,CR001,32,1293.53,40282,1359,3.375,19,15,2,212986,47737,Mature,
2026-03-11,C109,Google,Law Firm - Enterprise,US,Webinar,ROI,CR001,33,1420.73,45360,1888,4.164,35,24,3,165930,52887,Mature,
2026-03-12,C109,Google,Law Firm - Enterprise,US,Webinar,ROI,CR001,34,1326.36,44854,1525,3.4,31,26,4,354456,116064,Mature,
2026-03-13,C109,Google,Law Firm - Enterprise,US,Webinar,ROI,CR001,35,1222.57,38977,1305,3.349,27,23,5,607289,164353,Mature,
2026-03-14,C109,Google,Law Firm - Enterprise,US,Webinar,ROI,CR001,36,1031.36,32622,1000,3.068,16,13,2,90693,21101,Mature,
2026-03-15,C109,Google,Law Firm - Enterprise,US,Webinar,ROI,CR001,37,709.13,24355,942,3.871,16,9,1,111191,30857,Mature,
2026-03-16,C109,Google,Law Firm - Enterprise,US,Webinar,ROI,CR001,38,1558.17,51713,2038,3.942,28,17,3,241307,61498,Mature,
2026-03-17,C109,Google,Law Firm - Enterprise,US,Webinar,ROI,CR001,39,1479.96,42587,1525,3.582,25,15,2,119125,37266,Mature,
2026-03-18,C109,Google,Law Firm - Enterprise,US,Webinar,ROI,CR001,40,1214.88,34958,1231,3.523,21,13,2,145093,48763,Mature,
2026-03-19,C109,Google,Law Firm - Enterprise,US,Webinar,ROI,CR001,41,1306.43,38901,1477,3.797,31,28,4,335141,98615,Mature,
2026-03-20,C109,Google,Law Firm - Enterprise,US,Webinar,ROI,CR001,42,1503.43,46958,1957,4.168,40,29,6,256157,70943,Mature,
2026-03-21,C109,Google,Law Firm - Enterprise,US,Webinar,ROI,CR001,43,756.06,23912,747,3.125,12,7,1,62469,13944,Mature,
2026-03-22,C109,Google,Law Firm - Enterprise,US,Webinar,ROI,CR001,44,1002.06,32745,1164,3.557,18,12,3,453659,111283,Mature,
2026-03-23,C109,Google,Law Firm - Enterprise,US,Webinar,ROI,CR001,45,1189.25,39221,1350,3.443,22,17,2,89545,26245,Mature,
2026-03-24,C109,Google,Law Firm - Enterprise,US,Webinar,ROI,CR001,46,1097.42,33603,1355,4.034,21,13,2,235222,69040,Mature,
2026-03-25,C109,Google,Law Firm - Enterprise,US,Webinar,ROI,CR001,47,1276.64,42655,1560,3.659,32,23,5,378763,100304,Mature,
2026-03-26,C109,Google,Law Firm - Enterprise,US,Webinar,ROI,CR001,48,1298.27,41152,1594,3.875,25,16,2,133224,38488,Mature,
2026-03-22,C110,LinkedIn,Law Firm - Mid-Market,UK,Demo,Customer Proof,CR013,1,632.87,9418,87,0.934,0,0,0,0,0,Mature,
2026-03-23,C110,LinkedIn,Law Firm - Mid-Market,UK,Demo,Customer Proof,CR013,2,1038.96,16149,159,0.986,1,0,0,0,0,Mature,
2026-03-24,C110,LinkedIn,Law Firm - Mid-Market,UK,Demo,Customer Proof,CR013,3,760.06,11090,108,0.976,0,0,0,0,0,Mature,
2026-03-25,C110,LinkedIn,Law Firm - Mid-Market,UK,Demo,Customer Proof,CR013,4,957.59,14780,150,1.017,1,0,0,0,0,Mature,
2026-03-26,C110,LinkedIn,Law Firm - Mid-Market,UK,Demo,Customer Proof,CR013,5,744.2,10022,112,1.123,0,0,0,0,0,Mature,
2026-03-27,C110,LinkedIn,Law Firm - Mid-Market,UK,Demo,Customer Proof,CR013,6,1028.48,15503,146,0.947,1,0,0,0,0,Mature,
2026-03-28,C110,LinkedIn,Law Firm - Mid-Market,UK,Demo,Customer Proof,CR013,7,680.12,10790,95,0.889,0,0,0,0,0,Mature,
2026-03-29,C110,LinkedIn,Law Firm - Mid-Market,UK,Demo,Customer Proof,CR013,8,629.35,8735,93,1.076,0,0,0,0,0,Mature,
2026-03-30,C110,LinkedIn,Law Firm - Mid-Market,UK,Demo,Customer Proof,CR013,9,1013.0,16171,160,0.994,1,0,0,0,0,Mature,
2026-03-31,C110,LinkedIn,Law Firm - Mid-Market,UK,Demo,Customer Proof,CR013,10,883.51,13615,132,0.97,0,0,0,0,0,Mature,
2026-04-01,C110,LinkedIn,Law Firm - Mid-Market,UK,Demo,Customer Proof,CR013,11,859.32,13378,142,1.068,0,0,0,0,0,Mature,
2026-04-02,C110,LinkedIn,Law Firm - Mid-Market,UK,Demo,Customer Proof,CR013,12,1070.58,14314,127,0.889,1,0,0,0,0,Mature,
2026-04-03,C110,LinkedIn,Law Firm - Mid-Market,UK,Demo,Customer Proof,CR013,13,1019.87,16386,143,0.875,0,0,0,0,0,Mature,
2026-04-04,C110,LinkedIn,Law Firm - Mid-Market,UK,Demo,Customer Proof,CR013,14,627.46,9705,81,0.835,0,0,0,0,0,Mature,
2026-04-05,C110,LinkedIn,Law Firm - Mid-Market,UK,Demo,Customer Proof,CR013,15,600.81,8114,71,0.88,0,0,0,0,0,Mature,
2026-04-06,C110,LinkedIn,Law Firm - Mid-Market,UK,Demo,Customer Proof,CR013,16,793.57,10654,96,0.905,0,0,0,0,0,Mature,
2026-04-07,C110,LinkedIn,Law Firm - Mid-Market,UK,Demo,Customer Proof,CR013,17,909.3,12488,118,0.953,0,0,0,0,0,Mature,
2026-04-08,C110,LinkedIn,Law Firm - Mid-Market,UK,Demo,Customer Proof,CR013,18,843.79,13572,152,1.126,1,0,0,0,0,Mature,
2026-04-09,C110,LinkedIn,Law Firm - Mid-Market,UK,Demo,Customer Proof,CR013,19,895.67,12558,128,1.021,1,0,0,0,0,Mature,
2026-05-08,C111,Meta,In-House - Mid-Market,UK,Webinar,ROI,CR006,1,428.22,20869,346,1.661,8,2,0,0,0,Mature,
2026-05-09,C111,Meta,In-House - Mid-Market,UK,Webinar,ROI,CR006,2,252.8,12148,188,1.555,5,1,0,0,0,Mature,
2026-05-10,C111,Meta,In-House - Mid-Market,UK,Webinar,ROI,CR006,3,256.81,12742,261,2.055,4,1,0,0,0,Mature,
2026-05-11,C111,Meta,In-House - Mid-Market,UK,Webinar,ROI,CR006,4,485.81,23149,468,2.022,8,2,0,0,0,Mature,
2026-05-12,C111,Meta,In-House - Mid-Market,UK,Webinar,ROI,CR006,5,440.37,23209,372,1.603,6,2,0,0,0,Mature,
2026-05-13,C111,Meta,In-House - Mid-Market,UK,Webinar,ROI,CR006,6,478.47,23631,348,1.476,8,2,0,0,0,Mature,
2026-05-14,C111,Meta,In-House - Mid-Market,UK,Webinar,ROI,CR006,7,382.29,19837,308,1.553,5,1,0,0,0,Mature,
2026-05-15,C111,Meta,In-House - Mid-Market,UK,Webinar,ROI,CR006,8,422.52,23399,404,1.729,8,2,0,0,0,Mature,
2026-05-16,C111,Meta,In-House - Mid-Market,UK,Webinar,ROI,CR006,9,278.92,15378,315,2.052,8,3,0,0,0,Mature,
2026-05-17,C111,Meta,In-House - Mid-Market,UK,Webinar,ROI,CR006,10,247.14,13559,270,1.994,5,1,0,0,0,Mature,
2026-05-18,C111,Meta,In-House - Mid-Market,UK,Webinar,ROI,CR006,11,485.55,26730,505,1.891,13,3,0,0,0,Mature,
2026-05-19,C111,Meta,In-House - Mid-Market,UK,Webinar,ROI,CR006,12,503.97,25827,518,2.006,10,4,0,0,0,Mature,
2026-05-20,C111,Meta,In-House - Mid-Market,UK,Webinar,ROI,CR006,13,469.89,22346,367,1.643,8,2,0,0,0,Mature,
2026-05-21,C111,Meta,In-House - Mid-Market,UK,Webinar,ROI,CR006,14,474.04,24199,493,2.038,10,3,0,0,0,Mature,
2026-05-22,C111,Meta,In-House - Mid-Market,UK,Webinar,ROI,CR006,15,509.59,27967,519,1.857,13,4,0,0,0,Mature,
2026-05-23,C111,Meta,In-House - Mid-Market,UK,Webinar,ROI,CR006,16,253.77,14054,217,1.549,5,1,0,0,0,Mature,
2026-05-24,C111,Meta,In-House - Mid-Market,UK,Webinar,ROI,CR006,17,289.83,15085,284,1.884,7,2,0,0,0,Mature,
2026-05-25,C111,Meta,In-House - Mid-Market,UK,Webinar,ROI,CR006,18,469.84,23172,378,1.632,10,2,0,0,0,Mature,
2026-05-26,C111,Meta,In-House - Mid-Market,UK,Webinar,ROI,CR006,19,488.34,23192,405,1.747,8,2,0,0,0,Mature,
2026-05-27,C111,Meta,In-House - Mid-Market,UK,Webinar,ROI,CR006,20,493.3,26014,415,1.599,11,4,0,0,0,Mature,
2026-05-28,C111,Meta,In-House - Mid-Market,UK,Webinar,ROI,CR006,21,538.33,26509,487,1.839,13,4,0,0,0,Mature,
2026-05-29,C111,Meta,In-House - Mid-Market,UK,Webinar,ROI,CR006,22,440.03,21396,328,1.533,8,2,0,0,0,Mature,
2026-05-30,C111,Meta,In-House - Mid-Market,UK,Webinar,ROI,CR006,23,283.05,13514,275,2.037,5,1,0,0,0,Mature,
2026-05-31,C111,Meta,In-House - Mid-Market,UK,Webinar,ROI,CR006,24,298.62,14803,216,1.465,5,1,0,0,0,Mature,
2026-06-01,C111,Meta,In-House - Mid-Market,UK,Webinar,ROI,CR006,25,499.35,24187,358,1.48,6,1,0,0,0,Mature,
2026-06-02,C111,Meta,In-House - Mid-Market,UK,Webinar,ROI,CR006,26,516.79,24618,500,2.031,8,3,0,0,0,Mature,
2026-06-03,C111,Meta,In-House - Mid-Market,UK,Webinar,ROI,CR006,27,531.1,26032,435,1.673,10,3,0,0,0,Mature,
2026-06-04,C111,Meta,In-House - Mid-Market,UK,Webinar,ROI,CR006,28,430.22,22283,382,1.715,7,2,0,0,0,Mature,
2026-06-05,C111,Meta,In-House - Mid-Market,UK,Webinar,ROI,CR006,29,491.13,25064,432,1.727,10,2,0,0,0,Mature,
2026-06-06,C111,Meta,In-House - Mid-Market,UK,Webinar,ROI,CR006,30,299.97,15916,229,1.441,5,1,0,0,0,Mature,
2026-06-07,C111,Meta,In-House - Mid-Market,UK,Webinar,ROI,CR006,31,252.94,13765,256,1.861,6,1,0,0,0,Mature,
2026-02-21,C112,Google,In-House - Mid-Market,US,Demo,Workflow Automation,CR023,1,139.19,4170,168,4.03,1,0,0,0,0,Mature,
2026-02-22,C112,Google,In-House - Mid-Market,US,Demo,Workflow Automation,CR023,2,152.21,5045,163,3.242,0,0,0,0,0,Mature,
2026-02-23,C112,Google,In-House - Mid-Market,US,Demo,Workflow Automation,CR023,3,268.76,7596,288,3.798,1,0,0,,,Mature,Missing CRM attribution
2026-02-24,C112,Google,In-House - Mid-Market,US,Demo,Workflow Automation,CR023,4,253.19,7424,236,3.185,1,0,0,0,0,Mature,
2026-02-25,C112,Google,In-House - Mid-Market,US,Demo,Workflow Automation,CR023,5,207.1,6229,254,4.08,1,0,0,0,0,Mature,
2026-02-26,C112,Google,In-House - Mid-Market,US,Demo,Workflow Automation,CR023,6,239.34,7550,298,3.949,1,0,0,0,0,Mature,
2026-02-27,C112,Google,In-House - Mid-Market,US,Demo,Workflow Automation,CR023,7,181.17,5969,189,3.171,1,0,0,0,0,Mature,
2026-02-28,C112,Google,In-House - Mid-Market,US,Demo,Workflow Automation,CR023,8,142.83,4393,130,2.977,0,0,0,0,0,Mature,
2026-03-01,C112,Google,In-House - Mid-Market,US,Demo,Workflow Automation,CR023,9,157.87,4984,201,4.043,1,0,0,0,0,Mature,
2026-03-02,C112,Google,In-House - Mid-Market,US,Demo,Workflow Automation,CR023,10,195.37,6235,200,3.209,1,0,0,0,0,Mature,
2026-03-03,C112,Google,In-House - Mid-Market,US,Demo,Workflow Automation,CR023,11,214.75,6790,256,3.782,1,0,0,0,0,Mature,
2026-03-04,C112,Google,In-House - Mid-Market,US,Demo,Workflow Automation,CR023,12,236.46,8088,316,3.912,1,0,0,0,0,Mature,
2026-03-05,C112,Google,In-House - Mid-Market,US,Demo,Workflow Automation,CR023,13,266.16,8663,285,3.292,1,0,0,0,0,Mature,
2026-03-06,C112,Google,In-House - Mid-Market,US,Demo,Workflow Automation,CR023,14,213.73,7314,290,3.971,1,0,0,0,0,Mature,
2026-03-07,C112,Google,In-House - Mid-Market,US,Demo,Workflow Automation,CR023,15,134.49,4538,157,3.461,1,0,0,0,0,Mature,
2026-03-08,C112,Google,In-House - Mid-Market,US,Demo,Workflow Automation,CR023,16,172.27,5243,170,3.248,0,0,0,0,0,Mature,
2026-03-09,C112,Google,In-House - Mid-Market,US,Demo,Workflow Automation,CR023,17,190.37,5629,229,4.081,1,0,0,0,0,Mature,
2026-03-10,C112,Google,In-House - Mid-Market,US,Demo,Workflow Automation,CR023,18,252.95,8542,334,3.918,1,0,0,0,0,Mature,
2026-03-11,C112,Google,In-House - Mid-Market,US,Demo,Workflow Automation,CR023,19,184.1,5639,189,3.367,1,0,0,0,0,Mature,
2026-03-12,C112,Google,In-House - Mid-Market,US,Demo,Workflow Automation,CR023,20,243.98,8013,314,3.93,1,0,0,0,0,Mature,
2026-03-13,C112,Google,In-House - Mid-Market,US,Demo,Workflow Automation,CR023,21,240.16,7652,230,3.013,1,0,0,0,0,Mature,
2026-03-14,C112,Google,In-House - Mid-Market,US,Demo,Workflow Automation,CR023,22,119.5,3698,130,3.519,0,0,0,0,0,Mature,
2026-03-15,C112,Google,In-House - Mid-Market,US,Demo,Workflow Automation,CR023,23,134.53,4223,123,2.932,0,0,0,0,0,Mature,
2026-03-16,C112,Google,In-House - Mid-Market,US,Demo,Workflow Automation,CR023,24,223.78,6372,254,3.991,1,0,0,0,0,Mature,
2026-03-17,C112,Google,In-House - Mid-Market,US,Demo,Workflow Automation,CR023,25,218.79,7182,282,3.935,1,0,0,0,0,Mature,
2026-03-18,C112,Google,In-House - Mid-Market,US,Demo,Workflow Automation,CR023,26,204.57,6640,224,3.386,1,0,0,0,0,Mature,
2026-03-19,C112,Google,In-House - Mid-Market,US,Demo,Workflow Automation,CR023,27,235.29,6930,280,4.048,1,0,0,0,0,Mature,
2026-03-20,C112,Google,In-House - Mid-Market,US,Demo,Workflow Automation,CR023,28,214.97,6808,207,3.048,1,0,0,0,0,Mature,
2026-03-21,C112,Google,In-House - Mid-Market,US,Demo,Workflow Automation,CR023,29,149.31,4584,131,2.872,0,0,0,0,0,Mature,
2026-03-22,C112,Google,In-House - Mid-Market,US,Demo,Workflow Automation,CR023,30,173.31,5346,193,3.625,1,0,0,0,0,Mature,
2026-03-23,C112,Google,In-House - Mid-Market,US,Demo,Workflow Automation,CR023,31,248.17,7702,308,4.01,2,1,0,0,0,Mature,
2026-03-24,C112,Google,In-House - Mid-Market,US,Demo,Workflow Automation,CR023,32,237.13,8145,243,2.99,1,0,0,0,0,Mature,
2026-03-25,C112,Google,In-House - Mid-Market,US,Demo,Workflow Automation,CR023,33,234.27,7719,286,3.709,2,0,0,0,0,Mature,
2026-03-26,C112,Google,In-House - Mid-Market,US,Demo,Workflow Automation,CR023,34,227.13,7071,261,3.702,1,0,0,0,0,Mature,
2026-03-27,C112,Google,In-House - Mid-Market,US,Demo,Workflow Automation,CR023,35,265.8,8325,281,3.386,1,0,0,0,0,Mature,
2026-03-28,C112,Google,In-House - Mid-Market,US,Demo,Workflow Automation,CR023,36,126.65,4209,127,3.026,0,0,0,0,0,Mature,
2026-03-29,C112,Google,In-House - Mid-Market,US,Demo,Workflow Automation,CR023,37,170.74,5346,190,3.571,1,0,0,0,0,Mature,
2026-03-30,C112,Google,In-House - Mid-Market,US,Demo,Workflow Automation,CR023,38,204.71,6621,270,4.081,1,0,0,0,0,Mature,
2026-03-31,C112,Google,In-House - Mid-Market,US,Demo,Workflow Automation,CR023,39,181.98,5394,156,2.904,0,0,0,0,0,Mature,
2026-04-01,C112,Google,In-House - Mid-Market,US,Demo,Workflow Automation,CR023,40,183.83,5582,219,3.932,1,0,0,0,0,Mature,
2026-04-02,C112,Google,In-House - Mid-Market,US,Demo,Workflow Automation,CR023,41,249.85,7340,254,3.468,1,0,0,0,0,Mature,
2026-04-03,C112,Google,In-House - Mid-Market,US,Demo,Workflow Automation,CR023,42,190.04,5623,184,3.285,1,0,0,0,0,Mature,
2026-04-04,C112,Google,In-House - Mid-Market,US,Demo,Workflow Automation,CR023,43,125.68,3868,125,3.249,0,0,0,0,0,Mature,
2026-04-05,C112,Google,In-House - Mid-Market,US,Demo,Workflow Automation,CR023,44,166.78,5587,167,3.003,1,0,0,0,0,Mature,
2026-04-06,C112,Google,In-House - Mid-Market,US,Demo,Workflow Automation,CR023,45,198.5,6076,240,3.966,1,0,0,0,0,Mature,
2026-04-07,C112,Google,In-House - Mid-Market,US,Demo,Workflow Automation,CR023,46,268.37,8028,314,3.916,1,0,0,0,0,Mature,
2026-04-08,C112,Google,In-House - Mid-Market,US,Demo,Workflow Automation,CR023,47,227.0,7065,252,3.576,1,0,0,0,0,Mature,
2026-04-09,C112,Google,In-House - Mid-Market,US,Demo,Workflow Automation,CR023,48,194.14,5629,177,3.146,1,0,0,0,0,Mature,
2026-04-10,C112,Google,In-House - Mid-Market,US,Demo,Workflow Automation,CR023,49,230.87,7794,259,3.329,1,0,0,0,0,Mature,
2026-04-11,C112,Google,In-House - Mid-Market,US,Demo,Workflow Automation,CR023,50,125.27,3713,137,3.699,0,0,0,0,0,Mature,
2026-01-09,C113,LinkedIn,In-House - Mid-Market,UK,Webinar,Workflow Automation,CR022,1,198.14,2826,28,1.012,0,0,0,0,0,Mature,
2026-01-10,C113,LinkedIn,In-House - Mid-Market,UK,Webinar,Workflow Automation,CR022,2,160.09,2211,19,0.868,0,0,0,0,0,Mature,
2026-01-11,C113,LinkedIn,In-House - Mid-Market,UK,Webinar,Workflow Automation,CR022,3,167.24,2672,25,0.966,0,0,0,0,0,Mature,
2026-01-12,C113,LinkedIn,In-House - Mid-Market,UK,Webinar,Workflow Automation,CR022,4,182.7,2725,23,0.862,0,0,0,0,0,Mature,
2026-01-13,C113,LinkedIn,In-House - Mid-Market,UK,Webinar,Workflow Automation,CR022,5,256.12,3445,33,0.982,0,0,0,0,0,Mature,
2026-01-14,C113,LinkedIn,In-House - Mid-Market,UK,Webinar,Workflow Automation,CR022,6,207.62,2850,25,0.9,0,0,0,0,0,Mature,
2026-01-15,C113,LinkedIn,In-House - Mid-Market,UK,Webinar,Workflow Automation,CR022,7,200.58,2684,31,1.192,0,0,0,0,0,Mature,
2026-01-16,C113,LinkedIn,In-House - Mid-Market,UK,Webinar,Workflow Automation,CR022,8,186.29,2613,26,1.029,0,0,0,0,0,Mature,
2026-01-17,C113,LinkedIn,In-House - Mid-Market,UK,Webinar,Workflow Automation,CR022,9,160.5,2317,20,0.876,0,0,0,0,0,Mature,
2026-01-18,C113,LinkedIn,In-House - Mid-Market,UK,Webinar,Workflow Automation,CR022,10,126.59,1967,18,0.938,0,0,0,0,0,Mature,
2026-01-19,C113,LinkedIn,In-House - Mid-Market,UK,Webinar,Workflow Automation,CR022,11,192.26,2690,30,1.15,0,0,0,0,0,Mature,
2026-01-20,C113,LinkedIn,In-House - Mid-Market,UK,Webinar,Workflow Automation,CR022,12,259.56,3872,44,1.149,0,0,0,0,0,Mature,
2026-01-21,C113,LinkedIn,In-House - Mid-Market,UK,Webinar,Workflow Automation,CR022,13,194.86,2723,28,1.058,0,0,0,0,0,Mature,
2026-01-22,C113,LinkedIn,In-House - Mid-Market,UK,Webinar,Workflow Automation,CR022,14,250.92,3857,36,0.946,0,0,0,0,0,Mature,
2026-01-23,C113,LinkedIn,In-House - Mid-Market,UK,Webinar,Workflow Automation,CR022,15,204.52,3156,29,0.947,0,0,0,0,0,Mature,
2026-01-24,C113,LinkedIn,In-House - Mid-Market,UK,Webinar,Workflow Automation,CR022,16,137.52,1965,22,1.125,0,0,0,0,0,Mature,
2026-01-25,C113,LinkedIn,In-House - Mid-Market,UK,Webinar,Workflow Automation,CR022,17,126.07,1928,19,1.012,0,0,0,0,0,Mature,
2026-01-26,C113,LinkedIn,In-House - Mid-Market,UK,Webinar,Workflow Automation,CR022,18,244.34,3326,34,1.034,0,0,0,0,0,Mature,
2026-01-27,C113,LinkedIn,In-House - Mid-Market,UK,Webinar,Workflow Automation,CR022,19,250.13,3326,37,1.129,0,0,0,0,0,Mature,
2026-01-28,C113,LinkedIn,In-House - Mid-Market,UK,Webinar,Workflow Automation,CR022,20,189.82,2591,24,0.932,0,0,0,0,0,Mature,
2026-01-29,C113,LinkedIn,In-House - Mid-Market,UK,Webinar,Workflow Automation,CR022,21,237.68,3573,35,0.984,0,0,0,0,0,Mature,
2026-01-30,C113,LinkedIn,In-House - Mid-Market,UK,Webinar,Workflow Automation,CR022,22,235.46,3663,40,1.106,0,0,0,0,0,Mature,
2026-01-31,C113,LinkedIn,In-House - Mid-Market,UK,Webinar,Workflow Automation,CR022,23,164.51,2217,22,1.007,0,0,0,0,0,Mature,
2026-02-01,C113,LinkedIn,In-House - Mid-Market,UK,Webinar,Workflow Automation,CR022,24,154.84,2241,24,1.106,0,0,0,0,0,Mature,
2026-02-02,C113,LinkedIn,In-House - Mid-Market,UK,Webinar,Workflow Automation,CR022,25,266.29,3566,42,1.178,0,0,0,0,0,Mature,
2026-02-03,C113,LinkedIn,In-House - Mid-Market,UK,Webinar,Workflow Automation,CR022,26,264.75,3845,33,0.87,0,0,0,0,0,Mature,
2026-02-04,C113,LinkedIn,In-House - Mid-Market,UK,Webinar,Workflow Automation,CR022,27,207.6,3014,29,0.966,0,0,0,0,0,Mature,
2026-02-05,C113,LinkedIn,In-House - Mid-Market,UK,Webinar,Workflow Automation,CR022,28,232.93,3172,36,1.138,0,0,0,0,0,Mature,
2026-02-06,C113,LinkedIn,In-House - Mid-Market,UK,Webinar,Workflow Automation,CR022,29,206.89,3070,26,0.863,0,0,0,0,0,Mature,
2026-02-07,C113,LinkedIn,In-House - Mid-Market,UK,Webinar,Workflow Automation,CR022,30,123.44,1716,16,0.983,0,0,0,0,0,Mature,
2026-02-08,C113,LinkedIn,In-House - Mid-Market,UK,Webinar,Workflow Automation,CR022,31,150.67,2124,24,1.169,0,0,0,0,0,Mature,
2026-02-09,C113,LinkedIn,In-House - Mid-Market,UK,Webinar,Workflow Automation,CR022,32,227.78,3103,37,1.215,0,0,0,0,0,Mature,
2026-02-10,C113,LinkedIn,In-House - Mid-Market,UK,Webinar,Workflow Automation,CR022,33,189.62,2874,24,0.866,0,0,0,0,0,Mature,
2026-02-11,C113,LinkedIn,In-House - Mid-Market,UK,Webinar,Workflow Automation,CR022,34,205.48,3095,34,1.116,0,0,0,0,0,Mature,
2026-02-12,C113,LinkedIn,In-House - Mid-Market,UK,Webinar,Workflow Automation,CR022,35,192.78,2775,29,1.063,0,0,0,0,0,Mature,
2026-02-13,C113,LinkedIn,In-House - Mid-Market,UK,Webinar,Workflow Automation,CR022,36,196.56,2993,31,1.066,0,0,0,0,0,Mature,
2026-02-14,C113,LinkedIn,In-House - Mid-Market,UK,Webinar,Workflow Automation,CR022,37,121.38,1829,22,1.232,0,0,0,0,0,Mature,
2026-02-15,C113,LinkedIn,In-House - Mid-Market,UK,Webinar,Workflow Automation,CR022,38,172.98,2626,29,1.108,0,0,0,0,0,Mature,
2026-02-16,C113,LinkedIn,In-House - Mid-Market,UK,Webinar,Workflow Automation,CR022,39,200.62,2743,31,1.159,0,0,0,0,0,Mature,
2026-02-17,C113,LinkedIn,In-House - Mid-Market,UK,Webinar,Workflow Automation,CR022,40,244.87,3596,36,1.029,0,0,0,0,0,Mature,
2026-02-18,C113,LinkedIn,In-House - Mid-Market,UK,Webinar,Workflow Automation,CR022,41,205.5,3237,31,0.986,0,0,0,0,0,Mature,
2026-02-19,C113,LinkedIn,In-House - Mid-Market,UK,Webinar,Workflow Automation,CR022,42,186.07,2995,34,1.157,0,0,0,0,0,Mature,
2026-02-20,C113,LinkedIn,In-House - Mid-Market,UK,Webinar,Workflow Automation,CR022,43,238.88,3294,38,1.173,0,0,0,0,0,Mature,
2026-02-21,C113,LinkedIn,In-House - Mid-Market,UK,Webinar,Workflow Automation,CR022,44,151.55,2080,24,1.192,0,0,0,0,0,Mature,
2026-02-22,C113,LinkedIn,In-House - Mid-Market,UK,Webinar,Workflow Automation,CR022,45,145.69,2019,20,1.027,0,0,0,0,0,Mature,
2026-02-23,C113,LinkedIn,In-House - Mid-Market,UK,Webinar,Workflow Automation,CR022,46,228.11,3210,26,0.83,0,0,0,0,0,Mature,
2026-02-24,C113,LinkedIn,In-House - Mid-Market,UK,Webinar,Workflow Automation,CR022,47,227.31,3410,37,1.09,0,0,0,0,0,Mature,
2026-02-25,C113,LinkedIn,In-House - Mid-Market,UK,Webinar,Workflow Automation,CR022,48,235.35,3707,42,1.144,0,0,0,0,0,Mature,
2026-02-26,C113,LinkedIn,In-House - Mid-Market,UK,Webinar,Workflow Automation,CR022,49,252.28,3559,36,1.012,0,0,0,0,0,Mature,
2026-02-27,C113,LinkedIn,In-House - Mid-Market,UK,Webinar,Workflow Automation,CR022,50,199.57,2680,22,0.85,0,0,0,0,0,Mature,
2026-02-28,C113,LinkedIn,In-House - Mid-Market,UK,Webinar,Workflow Automation,CR022,51,147.91,2263,23,1.026,0,0,0,0,0,Mature,
2026-03-01,C113,LinkedIn,In-House - Mid-Market,UK,Webinar,Workflow Automation,CR022,52,164.97,2226,18,0.824,0,0,0,0,0,Mature,
2026-03-02,C113,LinkedIn,In-House - Mid-Market,UK,Webinar,Workflow Automation,CR022,53,213.87,3111,24,0.782,0,0,0,0,0,Mature,
2026-03-03,C113,LinkedIn,In-House - Mid-Market,UK,Webinar,Workflow Automation,CR022,54,243.84,3232,32,1.0,0,0,0,0,0,Mature,
2026-03-04,C113,LinkedIn,In-House - Mid-Market,UK,Webinar,Workflow Automation,CR022,55,238.85,3515,27,0.782,0,0,0,0,0,Mature,
2026-03-05,C113,LinkedIn,In-House - Mid-Market,UK,Webinar,Workflow Automation,CR022,56,218.46,3302,29,0.898,0,0,0,0,0,Mature,
2026-03-06,C113,LinkedIn,In-House - Mid-Market,UK,Webinar,Workflow Automation,CR022,57,266.13,3915,30,0.774,0,0,0,0,0,Mature,
2026-03-07,C113,LinkedIn,In-House - Mid-Market,UK,Webinar,Workflow Automation,CR022,58,126.88,1975,16,0.818,0,0,0,0,0,Mature,
2026-03-08,C113,LinkedIn,In-House - Mid-Market,UK,Webinar,Workflow Automation,CR022,59,122.83,1780,16,0.955,0,0,0,0,0,Mature,
2026-03-09,C113,LinkedIn,In-House - Mid-Market,UK,Webinar,Workflow Automation,CR022,60,195.44,2637,19,0.726,0,0,0,0,0,Mature,
2026-03-10,C113,LinkedIn,In-House - Mid-Market,UK,Webinar,Workflow Automation,CR022,61,246.56,3652,29,0.82,0,0,0,0,0,Mature,
2026-03-11,C113,LinkedIn,In-House - Mid-Market,UK,Webinar,Workflow Automation,CR022,62,187.22,2758,19,0.693,0,0,0,0,0,Mature,
2026-03-12,C113,LinkedIn,In-House - Mid-Market,UK,Webinar,Workflow Automation,CR022,63,258.09,3473,27,0.798,0,0,0,0,0,Mature,
2026-03-13,C113,LinkedIn,In-House - Mid-Market,UK,Webinar,Workflow Automation,CR022,64,250.69,3414,30,0.898,0,0,0,0,0,Mature,
2026-03-14,C113,LinkedIn,In-House - Mid-Market,UK,Webinar,Workflow Automation,CR022,65,151.73,2366,20,0.871,0,0,0,0,0,Mature,
2026-04-10,C114,Meta,In-House - Mid-Market,US,Webinar,Customer Proof,CR016,1,254.79,13942,228,1.636,5,1,0,0,0,Mature,
2026-04-11,C114,Meta,In-House - Mid-Market,US,Webinar,Customer Proof,CR016,2,126.43,6451,102,1.584,2,0,0,0,0,Mature,
2026-04-12,C114,Meta,In-House - Mid-Market,US,Webinar,Customer Proof,CR016,3,154.45,8749,166,1.899,3,0,0,0,0,Mature,
2026-04-13,C114,Meta,In-House - Mid-Market,US,Webinar,Customer Proof,CR016,4,245.55,12547,191,1.53,4,1,0,0,0,Mature,
2026-04-14,C114,Meta,In-House - Mid-Market,US,Webinar,Customer Proof,CR016,5,213.92,10429,180,1.728,5,1,0,0,0,Mature,
2026-04-15,C114,Meta,In-House - Mid-Market,US,Webinar,Customer Proof,CR016,6,217.06,10488,144,1.378,3,0,0,0,0,Mature,
2026-04-16,C114,Meta,In-House - Mid-Market,US,Webinar,Customer Proof,CR016,7,212.01,10650,160,1.507,2,0,0,0,0,Mature,
2026-04-17,C114,Meta,In-House - Mid-Market,US,Webinar,Customer Proof,CR016,8,216.91,10685,150,1.405,4,1,0,0,0,Mature,
2026-04-18,C114,Meta,In-House - Mid-Market,US,Webinar,Customer Proof,CR016,9,117.36,5760,80,1.402,1,0,0,0,0,Mature,
2026-04-19,C114,Meta,In-House - Mid-Market,US,Webinar,Customer Proof,CR016,10,121.48,6597,105,1.594,2,0,0,0,0,Mature,
2026-04-20,C114,Meta,In-House - Mid-Market,US,Webinar,Customer Proof,CR016,11,206.4,11925,217,1.826,5,1,0,0,0,Mature,
2026-04-21,C114,Meta,In-House - Mid-Market,US,Webinar,Customer Proof,CR016,12,206.02,11099,154,1.391,2,0,0,0,0,Mature,
2026-04-22,C114,Meta,In-House - Mid-Market,US,Webinar,Customer Proof,CR016,13,245.01,13105,250,1.914,5,1,0,0,0,Mature,
2026-04-23,C114,Meta,In-House - Mid-Market,US,Webinar,Customer Proof,CR016,14,211.89,10521,144,1.372,4,1,0,0,0,Mature,
2026-04-24,C114,Meta,In-House - Mid-Market,US,Webinar,Customer Proof,CR016,15,244.72,13879,229,1.655,4,1,0,0,0,Mature,
2026-04-25,C114,Meta,In-House - Mid-Market,US,Webinar,Customer Proof,CR016,16,151.75,7576,105,1.393,2,0,0,0,0,Mature,
2026-04-26,C114,Meta,In-House - Mid-Market,US,Webinar,Customer Proof,CR016,17,158.11,7551,108,1.441,2,0,0,0,0,Mature,
2026-04-27,C114,Meta,In-House - Mid-Market,US,Webinar,Customer Proof,CR016,18,247.68,11942,216,1.816,6,2,0,0,0,Mature,
2026-04-28,C114,Meta,In-House - Mid-Market,US,Webinar,Customer Proof,CR016,19,212.66,10818,160,1.487,3,0,0,0,0,Mature,
2026-04-29,C114,Meta,In-House - Mid-Market,US,Webinar,Customer Proof,CR016,20,243.2,11870,201,1.694,4,1,0,0,0,Mature,
2026-04-30,C114,Meta,In-House - Mid-Market,US,Webinar,Customer Proof,CR016,21,249.67,13276,190,1.438,3,1,0,0,0,Mature,
2026-05-01,C114,Meta,In-House - Mid-Market,US,Webinar,Customer Proof,CR016,22,226.52,12189,187,1.537,4,1,0,0,0,Mature,
2026-05-02,C114,Meta,In-House - Mid-Market,US,Webinar,Customer Proof,CR016,23,151.34,7275,128,1.771,2,0,0,0,0,Mature,
2026-05-03,C114,Meta,In-House - Mid-Market,US,Webinar,Customer Proof,CR016,24,153.01,7385,101,1.373,3,0,0,0,0,Mature,
2026-05-04,C114,Meta,In-House - Mid-Market,US,Webinar,Customer Proof,CR016,25,262.48,14988,243,1.625,5,1,0,0,0,Mature,
2026-05-05,C114,Meta,In-House - Mid-Market,US,Webinar,Customer Proof,CR016,26,188.93,9588,140,1.469,3,0,0,0,0,Mature,
2026-05-06,C114,Meta,In-House - Mid-Market,US,Webinar,Customer Proof,CR016,27,213.3,10412,191,1.84,3,0,0,0,0,Mature,
2026-05-07,C114,Meta,In-House - Mid-Market,US,Webinar,Customer Proof,CR016,28,183.26,10291,194,1.895,3,0,0,0,0,Mature,
2026-05-08,C114,Meta,In-House - Mid-Market,US,Webinar,Customer Proof,CR016,29,180.8,10020,160,1.605,4,0,0,0,0,Mature,
2026-05-09,C114,Meta,In-House - Mid-Market,US,Webinar,Customer Proof,CR016,30,145.96,7471,109,1.47,2,0,0,0,0,Mature,
2026-05-10,C114,Meta,In-House - Mid-Market,US,Webinar,Customer Proof,CR016,31,120.71,5767,108,1.879,3,1,0,0,0,Mature,
2026-05-11,C114,Meta,In-House - Mid-Market,US,Webinar,Customer Proof,CR016,32,260.82,14886,273,1.839,8,2,0,0,0,Mature,
2026-05-12,C114,Meta,In-House - Mid-Market,US,Webinar,Customer Proof,CR016,33,194.62,10841,161,1.491,4,1,0,0,0,Mature,
2026-05-13,C114,Meta,In-House - Mid-Market,US,Webinar,Customer Proof,CR016,34,194.66,11157,171,1.54,3,0,0,0,0,Mature,
2026-05-14,C114,Meta,In-House - Mid-Market,US,Webinar,Customer Proof,CR016,35,198.48,10793,188,1.746,5,1,0,0,0,Mature,
2026-05-15,C114,Meta,In-House - Mid-Market,US,Webinar,Customer Proof,CR016,36,227.46,12188,163,1.345,4,1,0,0,0,Mature,
2026-05-16,C114,Meta,In-House - Mid-Market,US,Webinar,Customer Proof,CR016,37,127.54,7370,105,1.427,2,0,0,0,0,Mature,
2026-05-17,C114,Meta,In-House - Mid-Market,US,Webinar,Customer Proof,CR016,38,169.05,9644,164,1.706,3,0,0,0,0,Mature,
2026-05-18,C114,Meta,In-House - Mid-Market,US,Webinar,Customer Proof,CR016,39,207.79,11194,172,1.54,4,1,0,0,0,Mature,
2026-05-19,C114,Meta,In-House - Mid-Market,US,Webinar,Customer Proof,CR016,40,220.91,11676,216,1.852,4,1,0,0,0,Mature,
2026-05-20,C114,Meta,In-House - Mid-Market,US,Webinar,Customer Proof,CR016,41,206.65,11594,215,1.855,5,1,0,0,0,Mature,
2026-05-21,C114,Meta,In-House - Mid-Market,US,Webinar,Customer Proof,CR016,42,246.89,12623,233,1.849,5,1,0,0,0,Mature,
2026-05-22,C114,Meta,In-House - Mid-Market,US,Webinar,Customer Proof,CR016,43,199.26,10565,164,1.561,4,1,0,0,0,Mature,
2026-05-23,C114,Meta,In-House - Mid-Market,US,Webinar,Customer Proof,CR016,44,132.57,6920,119,1.724,2,0,0,0,0,Mature,
2026-05-24,C114,Meta,In-House - Mid-Market,US,Webinar,Customer Proof,CR016,45,130.26,7526,127,1.7,2,0,0,0,0,Mature,
2026-05-25,C114,Meta,In-House - Mid-Market,US,Webinar,Customer Proof,CR016,46,211.69,10759,161,1.498,4,1,0,0,0,Mature,
2026-05-26,C114,Meta,In-House - Mid-Market,US,Webinar,Customer Proof,CR016,47,241.38,11965,181,1.52,4,1,0,0,0,Mature,
2026-05-27,C114,Meta,In-House - Mid-Market,US,Webinar,Customer Proof,CR016,48,187.98,9777,156,1.601,3,0,0,0,0,Mature,
2026-05-28,C114,Meta,In-House - Mid-Market,US,Webinar,Customer Proof,CR016,49,210.8,10762,181,1.685,4,1,0,0,0,Mature,
2026-05-29,C114,Meta,In-House - Mid-Market,US,Webinar,Customer Proof,CR016,50,209.68,11929,183,1.536,3,0,0,0,0,Mature,
2026-05-30,C114,Meta,In-House - Mid-Market,US,Webinar,Customer Proof,CR016,51,133.1,7551,111,1.479,3,0,0,0,0,Mature,
2026-02-04,C115,Google,In-House - Mid-Market,US,Demo,Workflow Automation,CR024,1,933.71,29517,1175,3.982,6,4,0,0,0,Mature,
2026-02-05,C115,Google,In-House - Mid-Market,US,Demo,Workflow Automation,CR024,2,1056.88,32683,1105,3.382,7,4,0,0,0,Mature,
2026-02-06,C115,Google,In-House - Mid-Market,US,Demo,Workflow Automation,CR024,3,1079.26,33474,1022,3.054,5,2,0,0,0,Mature,
2026-02-07,C115,Google,In-House - Mid-Market,US,Demo,Workflow Automation,CR024,4,683.83,22945,936,4.08,4,2,0,0,0,Mature,
2026-02-08,C115,Google,In-House - Mid-Market,US,Demo,Workflow Automation,CR024,5,578.54,17097,635,3.714,3,1,0,0,0,Mature,
2026-02-09,C115,Google,In-House - Mid-Market,US,Demo,Workflow Automation,CR024,6,748.53,23035,764,3.318,5,3,0,0,0,Mature,
2026-02-10,C115,Google,In-House - Mid-Market,US,Demo,Workflow Automation,CR024,7,1030.18,29007,1139,3.93,5,3,0,0,0,Mature,
2026-02-11,C115,Google,In-House - Mid-Market,US,Demo,Workflow Automation,CR024,8,1024.79,34782,1037,2.984,4,2,0,0,0,Mature,
2026-02-12,C115,Google,In-House - Mid-Market,US,Demo,Workflow Automation,CR024,9,795.64,26621,1086,4.082,5,2,0,0,0,Mature,
2026-02-13,C115,Google,In-House - Mid-Market,US,Demo,Workflow Automation,CR024,10,816.54,27507,1039,3.78,7,3,0,0,0,Mature,
2026-02-14,C115,Google,In-House - Mid-Market,US,Demo,Workflow Automation,CR024,11,670.76,22443,922,4.108,5,3,0,0,0,Mature,
2026-02-15,C115,Google,In-House - Mid-Market,US,Demo,Workflow Automation,CR024,12,686.09,22276,656,2.948,4,2,0,0,0,Mature,
2026-02-16,C115,Google,In-House - Mid-Market,US,Demo,Workflow Automation,CR024,13,790.62,25148,965,3.84,5,3,0,0,0,Mature,
2026-02-17,C115,Google,In-House - Mid-Market,US,Demo,Workflow Automation,CR024,14,986.59,28678,1077,3.757,5,3,0,0,0,Mature,
2026-02-18,C115,Google,In-House - Mid-Market,US,Demo,Workflow Automation,CR024,15,882.12,26489,1008,3.806,5,3,0,0,0,Mature,
2026-02-19,C115,Google,In-House - Mid-Market,US,Demo,Workflow Automation,CR024,16,794.49,24519,953,3.888,6,4,0,0,0,Mature,
2026-02-20,C115,Google,In-House - Mid-Market,US,Demo,Workflow Automation,CR024,17,864.48,29110,966,3.319,6,3,0,0,0,Mature,
2026-02-21,C115,Google,In-House - Mid-Market,US,Demo,Workflow Automation,CR024,18,679.49,22693,796,3.511,3,2,0,0,0,Mature,
2026-02-22,C115,Google,In-House - Mid-Market,US,Demo,Workflow Automation,CR024,19,601.92,19812,593,2.994,3,1,0,0,0,Mature,
2026-02-23,C115,Google,In-House - Mid-Market,US,Demo,Workflow Automation,CR024,20,894.75,26201,1042,3.981,7,4,0,0,0,Mature,
2026-02-24,C115,Google,In-House - Mid-Market,US,Demo,Workflow Automation,CR024,21,799.56,27408,1034,3.774,6,3,0,0,0,Mature,
2026-02-25,C115,Google,In-House - Mid-Market,US,Demo,Workflow Automation,CR024,22,918.07,29896,967,3.236,4,1,0,0,0,Mature,
2026-02-26,C115,Google,In-House - Mid-Market,US,Demo,Workflow Automation,CR024,23,788.01,26016,775,2.982,5,2,0,0,0,Mature,
2026-02-27,C115,Google,In-House - Mid-Market,US,Demo,Workflow Automation,CR024,24,1034.44,29387,1037,3.53,6,2,0,0,0,Mature,
2026-02-28,C115,Google,In-House - Mid-Market,US,Demo,Workflow Automation,CR024,25,583.41,19358,785,4.056,4,2,0,0,0,Mature,
2026-03-01,C115,Google,In-House - Mid-Market,US,Demo,Workflow Automation,CR024,26,550.62,17984,679,3.778,4,2,0,0,0,Mature,
2026-03-02,C115,Google,In-House - Mid-Market,US,Demo,Workflow Automation,CR024,27,837.57,24131,791,3.281,4,2,0,0,0,Mature,
2026-03-03,C115,Google,In-House - Mid-Market,US,Demo,Workflow Automation,CR024,28,1071.55,30599,1092,3.57,7,4,0,0,0,Mature,
2026-03-04,C115,Google,In-House - Mid-Market,US,Demo,Workflow Automation,CR024,29,902.17,31009,1063,3.43,7,4,0,0,0,Mature,
2026-03-05,C115,Google,In-House - Mid-Market,US,Demo,Workflow Automation,CR024,30,910.12,29132,863,2.965,5,2,0,0,0,Mature,
2026-03-06,C115,Google,In-House - Mid-Market,US,Demo,Workflow Automation,CR024,31,950.43,31842,970,3.049,5,2,0,0,0,Mature,
2026-03-07,C115,Google,In-House - Mid-Market,US,Demo,Workflow Automation,CR024,32,694.01,20783,723,3.479,3,2,0,0,0,Mature,
2026-03-08,C115,Google,In-House - Mid-Market,US,Demo,Workflow Automation,CR024,33,476.72,14157,582,4.114,2,1,0,0,0,Mature,
2026-03-09,C115,Google,In-House - Mid-Market,US,Demo,Workflow Automation,CR024,34,845.95,27974,940,3.362,5,2,0,0,0,Mature,
2026-03-10,C115,Google,In-House - Mid-Market,US,Demo,Workflow Automation,CR024,35,1040.98,29414,1135,3.861,6,3,0,0,0,Mature,
2026-03-11,C115,Google,In-House - Mid-Market,US,Demo,Workflow Automation,CR024,36,862.27,24442,770,3.153,5,2,0,0,0,Mature,
2026-03-12,C115,Google,In-House - Mid-Market,US,Demo,Workflow Automation,CR024,37,829.67,23499,916,3.899,6,2,0,0,0,Mature,
2026-01-14,C116,LinkedIn,In-House - Enterprise,US,Demo,Speed,CR030,1,1077.83,16520,175,1.06,1,0,0,0,0,Mature,
2026-01-15,C116,LinkedIn,In-House - Enterprise,US,Demo,Speed,CR030,2,844.12,11858,122,1.035,0,0,0,0,0,Mature,
2026-01-16,C116,LinkedIn,In-House - Enterprise,US,Demo,Speed,CR030,3,776.1,10819,122,1.135,0,0,0,0,0,Mature,
2026-01-17,C116,LinkedIn,In-House - Enterprise,US,Demo,Speed,CR030,4,615.62,8473,79,0.933,0,0,0,0,0,Mature,
2026-01-18,C116,LinkedIn,In-House - Enterprise,US,Demo,Speed,CR030,5,549.24,8245,80,0.981,0,0,0,0,0,Mature,
2026-01-19,C116,LinkedIn,In-House - Enterprise,US,Demo,Speed,CR030,6,849.79,12473,141,1.135,0,0,0,0,0,Mature,
2026-01-20,C116,LinkedIn,In-House - Enterprise,US,Demo,Speed,CR030,7,813.8,12499,158,1.272,0,0,0,0,0,Mature,
2026-01-21,C116,LinkedIn,In-House - Enterprise,US,Demo,Speed,CR030,8,1025.44,15132,200,1.327,1,0,0,0,0,Mature,
2026-01-22,C116,LinkedIn,In-House - Enterprise,US,Demo,Speed,CR030,9,906.98,12749,149,1.172,0,0,0,0,0,Mature,
2026-01-23,C116,LinkedIn,In-House - Enterprise,US,Demo,Speed,CR030,10,725.3,11223,148,1.322,0,0,0,0,0,Mature,
2026-01-24,C116,LinkedIn,In-House - Enterprise,US,Demo,Speed,CR030,11,645.57,9920,128,1.296,0,0,0,0,0,Mature,
2026-01-25,C116,LinkedIn,In-House - Enterprise,US,Demo,Speed,CR030,12,546.65,7864,97,1.238,0,0,0,0,0,Mature,
2026-01-26,C116,LinkedIn,In-House - Enterprise,US,Demo,Speed,CR030,13,890.39,14215,169,1.191,0,0,0,0,0,Mature,
2026-01-27,C116,LinkedIn,In-House - Enterprise,US,Demo,Speed,CR030,14,742.43,10256,137,1.337,0,0,0,0,0,Mature,
2026-01-28,C116,LinkedIn,In-House - Enterprise,US,Demo,Speed,CR030,15,874.37,13740,146,1.066,0,0,0,0,0,Mature,
2026-01-29,C116,LinkedIn,In-House - Enterprise,US,Demo,Speed,CR030,16,841.29,12709,120,0.951,0,0,0,0,0,Mature,
2026-01-30,C116,LinkedIn,In-House - Enterprise,US,Demo,Speed,CR030,17,935.07,12551,140,1.122,0,0,0,0,0,Mature,
2026-01-31,C116,LinkedIn,In-House - Enterprise,US,Demo,Speed,CR030,18,551.64,7676,77,1.005,0,0,0,0,0,Mature,
2026-02-01,C116,LinkedIn,In-House - Enterprise,US,Demo,Speed,CR030,19,636.18,8871,95,1.074,0,0,0,0,0,Mature,
2026-02-02,C116,LinkedIn,In-House - Enterprise,US,Demo,Speed,CR030,20,900.09,12181,113,0.93,0,0,0,0,0,Mature,
2026-02-03,C116,LinkedIn,In-House - Enterprise,US,Demo,Speed,CR030,21,773.73,10702,125,1.175,0,0,0,0,0,Mature,
2026-02-04,C116,LinkedIn,In-House - Enterprise,US,Demo,Speed,CR030,22,835.73,12182,154,1.267,0,0,0,0,0,Mature,
2026-02-05,C116,LinkedIn,In-House - Enterprise,US,Demo,Speed,CR030,23,996.31,15435,193,1.256,1,0,0,0,0,Mature,
2026-02-06,C116,LinkedIn,In-House - Enterprise,US,Demo,Speed,CR030,24,825.33,11585,152,1.319,0,0,0,0,0,Mature,
2026-02-07,C116,LinkedIn,In-House - Enterprise,US,Demo,Speed,CR030,25,646.98,9951,119,1.201,0,0,0,0,0,Mature,
2026-02-08,C116,LinkedIn,In-House - Enterprise,US,Demo,Speed,CR030,26,489.37,7423,98,1.325,0,0,0,0,0,Mature,
2026-02-09,C116,LinkedIn,In-House - Enterprise,US,Demo,Speed,CR030,27,783.76,11770,128,1.093,0,0,0,0,0,Mature,
2026-02-10,C116,LinkedIn,In-House - Enterprise,US,Demo,Speed,CR030,28,904.79,13066,124,0.95,0,0,0,0,0,Mature,
2026-02-11,C116,LinkedIn,In-House - Enterprise,US,Demo,Speed,CR030,29,1001.01,13359,141,1.063,0,0,0,0,0,Mature,
2026-02-12,C116,LinkedIn,In-House - Enterprise,US,Demo,Speed,CR030,30,798.59,10986,110,1.004,0,0,0,0,0,Mature,
2026-02-13,C116,LinkedIn,In-House - Enterprise,US,Demo,Speed,CR030,31,830.93,13402,146,1.095,0,0,0,0,0,Mature,
2026-02-14,C116,LinkedIn,In-House - Enterprise,US,Demo,Speed,CR030,32,650.09,9314,105,1.137,0,0,0,0,0,Mature,
2026-02-15,C116,LinkedIn,In-House - Enterprise,US,Demo,Speed,CR030,33,615.58,8827,89,1.017,0,0,0,0,0,Mature,
2026-02-16,C116,LinkedIn,In-House - Enterprise,US,Demo,Speed,CR030,34,888.05,12932,135,1.051,0,0,0,0,0,Mature,
2026-02-17,C116,LinkedIn,In-House - Enterprise,US,Demo,Speed,CR030,35,1021.67,14167,176,1.247,0,0,0,0,0,Mature,
2026-02-18,C116,LinkedIn,In-House - Enterprise,US,Demo,Speed,CR030,36,858.9,13746,140,1.025,0,0,0,0,0,Mature,
2026-02-19,C116,LinkedIn,In-House - Enterprise,US,Demo,Speed,CR030,37,739.91,11303,112,0.995,0,0,0,0,0,Mature,
2026-02-20,C116,LinkedIn,In-House - Enterprise,US,Demo,Speed,CR030,38,960.82,13931,145,1.046,0,0,0,0,0,Mature,
2026-02-21,C116,LinkedIn,In-House - Enterprise,US,Demo,Speed,CR030,39,696.38,10890,107,0.987,0,0,0,0,0,Mature,
2026-02-22,C116,LinkedIn,In-House - Enterprise,US,Demo,Speed,CR030,40,585.65,8228,99,1.21,0,0,0,0,0,Mature,
2026-02-23,C116,LinkedIn,In-House - Enterprise,US,Demo,Speed,CR030,41,967.68,14763,192,1.307,0,0,0,0,0,Mature,
2026-02-24,C116,LinkedIn,In-House - Enterprise,US,Demo,Speed,CR030,42,1016.06,14737,158,1.077,1,0,0,0,0,Mature,
2026-02-25,C116,LinkedIn,In-House - Enterprise,US,Demo,Speed,CR030,43,886.48,13371,174,1.303,1,0,0,0,0,Mature,
2026-02-26,C116,LinkedIn,In-House - Enterprise,US,Demo,Speed,CR030,44,752.32,11034,111,1.012,0,0,0,0,0,Mature,
2026-01-16,C117,Meta,In-House - Enterprise,France,Demo,Speed,CR030,1,539.0,26351,549,2.087,4,1,0,0,0,Mature,
2026-01-17,C117,Meta,In-House - Enterprise,France,Demo,Speed,CR030,2,271.37,13649,250,1.836,1,0,0,0,0,Mature,
2026-01-18,C117,Meta,In-House - Enterprise,France,Demo,Speed,CR030,3,341.65,16543,356,2.155,2,0,0,0,0,Mature,
2026-01-19,C117,Meta,In-House - Enterprise,France,Demo,Speed,CR030,4,413.72,21681,339,1.566,2,0,0,0,0,Mature,
2026-01-20,C117,Meta,In-House - Enterprise,France,Demo,Speed,CR030,5,539.66,30198,537,1.779,3,1,0,0,0,Mature,
2026-01-21,C117,Meta,In-House - Enterprise,France,Demo,Speed,CR030,6,509.91,28900,475,1.644,3,0,0,0,0,Mature,
2026-01-22,C117,Meta,In-House - Enterprise,France,Demo,Speed,CR030,7,461.34,22010,462,2.103,4,1,0,0,0,Mature,
2026-01-23,C117,Meta,In-House - Enterprise,France,Demo,Speed,CR030,8,466.82,26470,436,1.649,3,0,0,0,0,Mature,
2026-01-24,C117,Meta,In-House - Enterprise,France,Demo,Speed,CR030,9,296.61,14283,259,1.816,1,0,0,0,0,Mature,
2026-01-25,C117,Meta,In-House - Enterprise,France,Demo,Speed,CR030,10,252.68,12161,257,2.122,2,0,0,0,0,Mature,
2026-01-26,C117,Meta,In-House - Enterprise,France,Demo,Speed,CR030,11,405.3,23372,399,1.708,2,0,0,0,0,Mature,
2026-01-27,C117,Meta,In-House - Enterprise,France,Demo,Speed,CR030,12,453.28,25814,523,2.028,3,0,0,0,0,Mature,
2026-01-28,C117,Meta,In-House - Enterprise,France,Demo,Speed,CR030,13,464.59,26081,553,2.123,4,1,0,0,0,Mature,
2026-01-29,C117,Meta,In-House - Enterprise,France,Demo,Speed,CR030,14,455.61,22073,356,1.616,3,1,0,0,0,Mature,
2026-01-30,C117,Meta,In-House - Enterprise,France,Demo,Speed,CR030,15,418.57,21171,330,1.563,2,0,0,0,0,Mature,
2026-01-31,C117,Meta,In-House - Enterprise,France,Demo,Speed,CR030,16,265.29,12781,269,2.11,1,0,0,0,0,Mature,
2026-02-01,C117,Meta,In-House - Enterprise,France,Demo,Speed,CR030,17,290.58,15801,327,2.073,2,0,0,0,0,Mature,
2026-02-02,C117,Meta,In-House - Enterprise,France,Demo,Speed,CR030,18,364.64,18769,400,2.132,2,0,0,0,0,Mature,
2026-02-03,C117,Meta,In-House - Enterprise,France,Demo,Speed,CR030,19,398.01,21046,325,1.544,2,0,0,0,0,Mature,
2026-02-04,C117,Meta,In-House - Enterprise,France,Demo,Speed,CR030,20,403.8,23312,401,1.723,2,0,0,0,0,Mature,
2026-02-05,C117,Meta,In-House - Enterprise,France,Demo,Speed,CR030,21,423.68,22535,441,1.96,3,1,0,0,0,Mature,
2026-02-06,C117,Meta,In-House - Enterprise,France,Demo,Speed,CR030,22,515.84,29458,490,1.664,3,1,0,0,0,Mature,
2026-02-07,C117,Meta,In-House - Enterprise,France,Demo,Speed,CR030,23,292.62,14512,307,2.116,2,0,0,0,0,Mature,
2026-02-08,C117,Meta,In-House - Enterprise,France,Demo,Speed,CR030,24,272.86,15335,261,1.705,1,0,0,0,0,Mature,
2026-02-09,C117,Meta,In-House - Enterprise,France,Demo,Speed,CR030,25,504.67,24320,437,1.801,3,0,0,0,0,Mature,
2026-02-10,C117,Meta,In-House - Enterprise,France,Demo,Speed,CR030,26,452.04,25647,450,1.757,2,0,0,0,0,Mature,
2026-02-11,C117,Meta,In-House - Enterprise,France,Demo,Speed,CR030,27,530.15,29765,571,1.919,5,1,0,0,0,Mature,
2026-02-12,C117,Meta,In-House - Enterprise,France,Demo,Speed,CR030,28,414.54,20745,324,1.565,2,0,0,0,0,Mature,
2026-02-13,C117,Meta,In-House - Enterprise,France,Demo,Speed,CR030,29,378.9,19796,401,2.027,2,0,0,0,0,Mature,
2026-02-14,C117,Meta,In-House - Enterprise,France,Demo,Speed,CR030,30,285.05,16057,308,1.922,2,0,0,0,0,Mature,
2026-02-15,C117,Meta,In-House - Enterprise,France,Demo,Speed,CR030,31,271.13,14690,238,1.621,1,0,0,0,0,Mature,
2026-02-16,C117,Meta,In-House - Enterprise,France,Demo,Speed,CR030,32,419.63,23103,470,2.038,3,0,0,0,0,Mature,
2026-02-17,C117,Meta,In-House - Enterprise,France,Demo,Speed,CR030,33,454.01,22218,372,1.677,2,0,0,0,0,Mature,
2026-02-18,C117,Meta,In-House - Enterprise,France,Demo,Speed,CR030,34,375.1,18599,308,1.656,2,0,0,0,0,Mature,
2026-02-19,C117,Meta,In-House - Enterprise,France,Demo,Speed,CR030,35,513.76,27149,580,2.138,3,1,0,0,0,Mature,
2026-02-20,C117,Meta,In-House - Enterprise,France,Demo,Speed,CR030,36,437.81,22427,443,1.977,2,0,0,0,0,Mature,
2026-02-21,C117,Meta,In-House - Enterprise,France,Demo,Speed,CR030,37,344.62,18145,281,1.552,1,0,0,0,0,Mature,
2026-02-22,C117,Meta,In-House - Enterprise,France,Demo,Speed,CR030,38,282.93,14857,242,1.629,1,0,0,0,0,Mature,
2026-02-23,C117,Meta,In-House - Enterprise,France,Demo,Speed,CR030,39,371.94,21375,400,1.874,2,0,0,0,0,Mature,
2026-02-24,C117,Meta,In-House - Enterprise,France,Demo,Speed,CR030,40,514.87,27537,423,1.539,3,0,0,0,0,Mature,
2026-02-25,C117,Meta,In-House - Enterprise,France,Demo,Speed,CR030,41,397.04,21449,366,1.708,2,0,0,0,0,Mature,
2026-02-26,C117,Meta,In-House - Enterprise,France,Demo,Speed,CR030,42,452.12,23455,432,1.843,3,0,0,0,0,Mature,
2026-02-27,C117,Meta,In-House - Enterprise,France,Demo,Speed,CR030,43,484.02,27742,477,1.721,3,1,0,0,0,Mature,
2026-02-28,C117,Meta,In-House - Enterprise,France,Demo,Speed,CR030,44,276.32,14987,271,1.811,1,0,0,0,0,Mature,
2026-03-01,C117,Meta,In-House - Enterprise,France,Demo,Speed,CR030,45,324.34,16342,261,1.601,2,0,0,0,0,Mature,
2026-03-02,C117,Meta,In-House - Enterprise,France,Demo,Speed,CR030,46,443.21,22355,434,1.942,3,0,0,0,0,Mature,
2026-03-03,C117,Meta,In-House - Enterprise,France,Demo,Speed,CR030,47,411.09,23187,452,1.952,2,0,0,0,0,Mature,
2026-03-04,C117,Meta,In-House - Enterprise,France,Demo,Speed,CR030,48,531.21,26000,507,1.951,3,0,0,0,0,Mature,
2026-03-05,C117,Meta,In-House - Enterprise,France,Demo,Speed,CR030,49,458.91,25345,458,1.809,3,1,0,0,0,Mature,
2026-03-06,C117,Meta,In-House - Enterprise,France,Demo,Speed,CR030,50,410.73,21772,306,1.409,2,0,0,0,0,Mature,
2026-03-07,C117,Meta,In-House - Enterprise,France,Demo,Speed,CR030,51,326.89,17398,239,1.374,1,0,0,0,0,Mature,
2026-03-08,C117,Meta,In-House - Enterprise,France,Demo,Speed,CR030,52,324.39,16565,271,1.639,2,0,0,0,0,Mature,
2026-03-09,C117,Meta,In-House - Enterprise,France,Demo,Speed,CR030,53,418.13,21886,325,1.486,2,0,0,0,0,Mature,
2026-01-30,C118,Google,In-House - Mid-Market,US,Demo,ROI,CR004,1,399.96,13271,542,4.09,3,1,0,0,0,Mature,
2026-01-31,C118,Google,In-House - Mid-Market,US,Demo,ROI,CR004,2,327.85,10897,462,4.248,2,1,0,0,0,Mature,
2026-02-01,C118,Google,In-House - Mid-Market,US,Demo,ROI,CR004,3,258.58,8652,261,3.026,1,0,0,0,0,Mature,
2026-02-02,C118,Google,In-House - Mid-Market,US,Demo,ROI,CR004,4,493.46,14676,491,3.348,2,1,0,0,0,Mature,
2026-02-03,C118,Google,In-House - Mid-Market,US,Demo,ROI,CR004,5,393.17,12014,452,3.763,3,2,0,0,0,Mature,
2026-02-04,C118,Google,In-House - Mid-Market,US,Demo,ROI,CR004,6,375.3,12891,476,3.699,2,1,0,0,0,Mature,
2026-02-05,C118,Google,In-House - Mid-Market,US,Demo,ROI,CR004,7,383.19,11930,400,3.36,2,1,0,0,0,Mature,
2026-02-06,C118,Google,In-House - Mid-Market,US,Demo,ROI,CR004,8,430.72,12765,434,3.406,2,1,0,0,0,Mature,
2026-02-07,C118,Google,In-House - Mid-Market,US,Demo,ROI,CR004,9,336.74,11031,397,3.605,1,0,0,0,0,Mature,
2026-02-08,C118,Google,In-House - Mid-Market,US,Demo,ROI,CR004,10,339.96,10180,312,3.068,1,0,0,0,0,Mature,
2026-02-09,C118,Google,In-House - Mid-Market,US,Demo,ROI,CR004,11,488.29,14985,449,3.002,3,2,0,0,0,Mature,
2026-02-10,C118,Google,In-House - Mid-Market,US,Demo,ROI,CR004,12,426.57,12476,488,3.919,3,1,0,0,0,Mature,
2026-02-11,C118,Google,In-House - Mid-Market,US,Demo,ROI,CR004,13,405.12,13152,481,3.664,2,1,0,0,0,Mature,
2026-02-12,C118,Google,In-House - Mid-Market,US,Demo,ROI,CR004,14,411.51,13793,572,4.15,3,1,0,0,0,Mature,
2026-02-13,C118,Google,In-House - Mid-Market,US,Demo,ROI,CR004,15,433.95,12945,529,4.092,3,2,0,0,0,Mature,
2026-02-14,C118,Google,In-House - Mid-Market,US,Demo,ROI,CR004,16,245.57,7978,320,4.013,2,1,0,0,0,Mature,
2026-02-15,C118,Google,In-House - Mid-Market,US,Demo,ROI,CR004,17,242.0,6995,284,4.066,1,0,0,0,0,Mature,
2026-02-16,C118,Google,In-House - Mid-Market,US,Demo,ROI,CR004,18,413.44,12259,402,3.282,2,1,0,0,0,Mature,
2026-02-17,C118,Google,In-House - Mid-Market,US,Demo,ROI,CR004,19,466.33,13450,482,3.584,3,1,0,0,0,Mature,
2026-02-18,C118,Google,In-House - Mid-Market,US,Demo,ROI,CR004,20,433.8,14627,588,4.02,2,1,0,0,0,Mature,
2026-02-19,C118,Google,In-House - Mid-Market,US,Demo,ROI,CR004,21,367.11,11806,423,3.59,3,2,0,0,0,Mature,
2026-02-20,C118,Google,In-House - Mid-Market,US,Demo,ROI,CR004,22,417.81,12766,426,3.339,2,1,0,0,0,Mature,
2026-02-21,C118,Google,In-House - Mid-Market,US,Demo,ROI,CR004,23,347.08,11355,406,3.58,1,0,0,0,0,Mature,
2026-02-22,C118,Google,In-House - Mid-Market,US,Demo,ROI,CR004,24,261.29,8021,241,3.013,1,0,0,0,0,Mature,
2026-02-23,C118,Google,In-House - Mid-Market,US,Demo,ROI,CR004,25,535.18,17002,720,4.237,5,4,0,0,0,Mature,
2026-02-24,C118,Google,In-House - Mid-Market,US,Demo,ROI,CR004,26,376.7,11377,392,3.447,2,1,0,0,0,Mature,
2026-02-25,C118,Google,In-House - Mid-Market,US,Demo,ROI,CR004,27,429.13,12605,513,4.078,3,2,0,0,0,Mature,
2026-02-26,C118,Google,In-House - Mid-Market,US,Demo,ROI,CR004,28,501.32,16827,709,4.219,4,2,0,0,0,Mature,
2026-02-27,C118,Google,In-House - Mid-Market,US,Demo,ROI,CR004,29,386.41,12249,463,3.781,3,1,0,0,0,Mature,
2026-02-28,C118,Google,In-House - Mid-Market,US,Demo,ROI,CR004,30,324.4,10300,363,3.528,1,0,0,0,0,Mature,
2026-03-01,C118,Google,In-House - Mid-Market,US,Demo,ROI,CR004,31,241.96,7937,334,4.212,2,1,0,0,0,Mature,
2026-03-02,C118,Google,In-House - Mid-Market,US,Demo,ROI,CR004,32,505.15,15332,592,3.862,3,2,0,0,0,Mature,
2026-03-03,C118,Google,In-House - Mid-Market,US,Demo,ROI,CR004,33,362.49,11087,403,3.64,2,1,0,0,0,Mature,
2026-03-04,C118,Google,In-House - Mid-Market,US,Demo,ROI,CR004,34,401.99,13045,443,3.401,2,1,0,0,0,Mature,
2026-03-05,C118,Google,In-House - Mid-Market,US,Demo,ROI,CR004,35,383.01,11581,361,3.118,1,0,0,0,0,Mature,
2026-03-06,C118,Google,In-House - Mid-Market,US,Demo,ROI,CR004,36,455.17,13962,528,3.784,3,2,0,0,0,Mature,
2026-03-07,C118,Google,In-House - Mid-Market,US,Demo,ROI,CR004,37,244.09,7975,239,3.006,1,0,0,0,0,Mature,
2026-03-08,C118,Google,In-House - Mid-Market,US,Demo,ROI,CR004,38,350.88,10733,393,3.671,2,1,0,0,0,Mature,
2026-03-09,C118,Google,In-House - Mid-Market,US,Demo,ROI,CR004,39,440.49,12972,441,3.402,2,1,0,0,0,Mature,
2026-03-10,C118,Google,In-House - Mid-Market,US,Demo,ROI,CR004,40,467.69,15480,646,4.174,3,1,0,0,0,Mature,
2026-03-11,C118,Google,In-House - Mid-Market,US,Demo,ROI,CR004,41,465.74,14292,460,3.22,3,2,0,0,0,Mature,
2026-03-12,C118,Google,In-House - Mid-Market,US,Demo,ROI,CR004,42,384.35,12642,383,3.03,2,1,0,0,0,Mature,
2026-03-13,C118,Google,In-House - Mid-Market,US,Demo,ROI,CR004,43,433.27,12705,515,4.055,3,2,0,0,0,Mature,
2026-03-14,C118,Google,In-House - Mid-Market,US,Demo,ROI,CR004,44,298.2,9228,372,4.041,2,1,0,0,0,Mature,
2026-05-02,C119,LinkedIn,In-House - Mid-Market,DACH,Demo,Customer Proof,CR016,1,505.84,7648,68,0.893,0,0,0,0,0,Mature,
2026-05-03,C119,LinkedIn,In-House - Mid-Market,DACH,Demo,Customer Proof,CR016,2,425.51,5736,58,1.02,0,0,0,0,0,Mature,
2026-05-04,C119,LinkedIn,In-House - Mid-Market,DACH,Demo,Customer Proof,CR016,3,653.51,9369,98,1.053,0,0,0,0,0,Mature,
2026-05-05,C119,LinkedIn,In-House - Mid-Market,DACH,Demo,Customer Proof,CR016,4,702.59,11355,120,1.063,0,0,0,0,0,Mature,
2026-05-06,C119,LinkedIn,In-House - Mid-Market,DACH,Demo,Customer Proof,CR016,5,699.94,9428,91,0.969,0,0,0,0,0,Mature,
2026-05-07,C119,LinkedIn,In-House - Mid-Market,DACH,Demo,Customer Proof,CR016,6,699.95,9948,116,1.17,0,0,0,0,0,Mature,
2026-05-08,C119,LinkedIn,In-House - Mid-Market,DACH,Demo,Customer Proof,CR016,7,719.36,10036,115,1.15,0,0,0,0,0,Mature,
2026-05-09,C119,LinkedIn,In-House - Mid-Market,DACH,Demo,Customer Proof,CR016,8,418.41,6271,56,0.902,0,0,0,0,0,Mature,
2026-05-10,C119,LinkedIn,In-House - Mid-Market,DACH,Demo,Customer Proof,CR016,9,391.7,6264,53,0.851,0,0,0,0,0,Mature,
2026-05-11,C119,LinkedIn,In-House - Mid-Market,DACH,Demo,Customer Proof,CR016,10,563.81,8784,81,0.928,0,0,0,0,0,Mature,
2026-05-12,C119,LinkedIn,In-House - Mid-Market,DACH,Demo,Customer Proof,CR016,11,741.07,11384,121,1.066,0,0,0,0,0,Mature,
2026-05-13,C119,LinkedIn,In-House - Mid-Market,DACH,Demo,Customer Proof,CR016,12,541.75,8235,84,1.024,0,0,0,0,0,Mature,
2026-05-14,C119,LinkedIn,In-House - Mid-Market,DACH,Demo,Customer Proof,CR016,13,802.28,11111,105,0.948,0,0,0,0,0,Mature,
2026-05-15,C119,LinkedIn,In-House - Mid-Market,DACH,Demo,Customer Proof,CR016,14,555.55,8415,90,1.075,0,0,0,0,0,Mature,
2026-05-16,C119,LinkedIn,In-House - Mid-Market,DACH,Demo,Customer Proof,CR016,15,363.59,5486,54,0.996,0,0,0,0,0,Mature,
2026-05-17,C119,LinkedIn,In-House - Mid-Market,DACH,Demo,Customer Proof,CR016,16,492.4,6850,76,1.123,0,0,0,0,0,Mature,
2026-05-18,C119,LinkedIn,In-House - Mid-Market,DACH,Demo,Customer Proof,CR016,17,740.36,9825,98,1.006,0,0,0,0,0,Mature,
2026-05-19,C119,LinkedIn,In-House - Mid-Market,DACH,Demo,Customer Proof,CR016,18,635.77,10016,110,1.107,0,0,0,0,0,Mature,
2026-05-20,C119,LinkedIn,In-House - Mid-Market,DACH,Demo,Customer Proof,CR016,19,786.01,11949,127,1.07,0,0,0,0,0,Mature,
2026-05-21,C119,LinkedIn,In-House - Mid-Market,DACH,Demo,Customer Proof,CR016,20,739.3,10073,84,0.838,0,0,0,0,0,Mature,
2026-05-22,C119,LinkedIn,In-House - Mid-Market,DACH,Demo,Customer Proof,CR016,21,764.01,10488,114,1.092,0,0,0,0,0,Mature,
2026-05-23,C119,LinkedIn,In-House - Mid-Market,DACH,Demo,Customer Proof,CR016,22,425.83,5973,67,1.132,0,0,0,0,0,Mature,
2026-05-24,C119,LinkedIn,In-House - Mid-Market,DACH,Demo,Customer Proof,CR016,23,518.86,7594,82,1.084,0,0,0,0,0,Mature,
2026-05-25,C119,LinkedIn,In-House - Mid-Market,DACH,Demo,Customer Proof,CR016,24,802.69,11673,116,0.994,0,0,0,0,0,Mature,
2026-05-26,C119,LinkedIn,In-House - Mid-Market,DACH,Demo,Customer Proof,CR016,25,753.12,12000,113,0.948,0,0,0,0,0,Mature,
2026-05-27,C119,LinkedIn,In-House - Mid-Market,DACH,Demo,Customer Proof,CR016,26,552.36,7646,87,1.14,0,0,0,0,0,Mature,
2026-05-28,C119,LinkedIn,In-House - Mid-Market,DACH,Demo,Customer Proof,CR016,27,788.49,12239,139,1.144,0,0,0,0,0,Mature,
2026-05-29,C119,LinkedIn,In-House - Mid-Market,DACH,Demo,Customer Proof,CR016,28,792.49,10812,112,1.045,0,0,0,0,0,Mature,
2026-05-30,C119,LinkedIn,In-House - Mid-Market,DACH,Demo,Customer Proof,CR016,29,498.99,7434,78,1.054,0,0,0,0,0,Mature,
2026-05-31,C119,LinkedIn,In-House - Mid-Market,DACH,Demo,Customer Proof,CR016,30,522.32,7856,86,1.104,0,0,0,0,0,Mature,
2026-06-01,C119,LinkedIn,In-House - Mid-Market,DACH,Demo,Customer Proof,CR016,31,579.03,7761,72,0.93,0,0,0,0,0,Mature,
2026-06-02,C119,LinkedIn,In-House - Mid-Market,DACH,Demo,Customer Proof,CR016,32,549.35,7875,92,1.169,0,0,0,0,0,Mature,
2026-06-03,C119,LinkedIn,In-House - Mid-Market,DACH,Demo,Customer Proof,CR016,33,690.93,10239,107,1.046,0,0,0,0,0,Mature,
2026-06-04,C119,LinkedIn,In-House - Mid-Market,DACH,Demo,Customer Proof,CR016,34,696.99,10584,98,0.934,0,0,0,0,0,Mature,
2026-06-05,C119,LinkedIn,In-House - Mid-Market,DACH,Demo,Customer Proof,CR016,35,798.2,12354,117,0.949,0,0,0,0,0,Mature,
2026-06-06,C119,LinkedIn,In-House - Mid-Market,DACH,Demo,Customer Proof,CR016,36,445.12,6141,68,1.115,0,0,0,0,0,Mature,
2026-06-07,C119,LinkedIn,In-House - Mid-Market,DACH,Demo,Customer Proof,CR016,37,458.9,6341,58,0.928,0,0,0,0,0,Mature,
2026-06-08,C119,LinkedIn,In-House - Mid-Market,DACH,Demo,Customer Proof,CR016,38,618.43,9044,99,1.096,0,0,0,0,0,Mature,
2026-06-09,C119,LinkedIn,In-House - Mid-Market,DACH,Demo,Customer Proof,CR016,39,642.48,9876,82,0.831,0,0,0,0,0,Mature,
2026-06-10,C119,LinkedIn,In-House - Mid-Market,DACH,Demo,Customer Proof,CR016,40,736.56,11085,127,1.147,0,0,0,0,0,Mature,
2026-06-11,C119,LinkedIn,In-House - Mid-Market,DACH,Demo,Customer Proof,CR016,41,710.49,10881,106,0.982,0,0,0,0,0,Mature,
2026-06-12,C119,LinkedIn,In-House - Mid-Market,DACH,Demo,Customer Proof,CR016,42,809.0,10802,121,1.125,0,0,0,0,0,Mature,
2026-06-13,C119,LinkedIn,In-House - Mid-Market,DACH,Demo,Customer Proof,CR016,43,495.34,6783,64,0.947,0,0,0,0,0,Mature,
2026-06-14,C119,LinkedIn,In-House - Mid-Market,DACH,Demo,Customer Proof,CR016,44,476.69,7232,62,0.858,0,0,0,0,0,Mature,
2026-06-15,C119,LinkedIn,In-House - Mid-Market,DACH,Demo,Customer Proof,CR016,45,637.8,8695,98,1.129,0,0,0,0,0,Mature,
2026-06-16,C119,LinkedIn,In-House - Mid-Market,DACH,Demo,Customer Proof,CR016,46,714.06,10884,104,0.958,0,0,0,0,0,Mature,
2026-06-17,C119,LinkedIn,In-House - Mid-Market,DACH,Demo,Customer Proof,CR016,47,617.67,9130,94,1.037,0,0,0,0,0,Immature,
2026-06-18,C119,LinkedIn,In-House - Mid-Market,DACH,Demo,Customer Proof,CR016,48,791.11,10604,85,0.808,0,0,0,0,0,Immature,
2026-06-19,C119,LinkedIn,In-House - Mid-Market,DACH,Demo,Customer Proof,CR016,49,744.65,11238,105,0.935,0,0,0,0,0,Immature,
2026-06-20,C119,LinkedIn,In-House - Mid-Market,DACH,Demo,Customer Proof,CR016,50,378.51,5391,53,0.988,0,0,0,0,0,Immature,
2026-06-21,C119,LinkedIn,In-House - Mid-Market,DACH,Demo,Customer Proof,CR016,51,450.53,6201,58,0.951,0,0,0,0,0,Immature,
2026-06-22,C119,LinkedIn,In-House - Mid-Market,DACH,Demo,Customer Proof,CR016,52,595.41,8740,65,0.744,0,0,0,0,0,Immature,
2026-06-23,C119,LinkedIn,In-House - Mid-Market,DACH,Demo,Customer Proof,CR016,53,617.04,8555,81,0.958,0,0,0,0,0,Immature,
2026-06-24,C119,LinkedIn,In-House - Mid-Market,DACH,Demo,Customer Proof,CR016,54,736.99,11489,103,0.903,0,0,0,0,0,Immature,
2026-06-25,C119,LinkedIn,In-House - Mid-Market,DACH,Demo,Customer Proof,CR016,55,748.7,11392,87,0.767,0,0,0,0,0,Immature,
2026-06-26,C119,LinkedIn,In-House - Mid-Market,DACH,Demo,Customer Proof,CR016,56,552.76,8235,58,0.711,0,0,0,0,0,Immature,
2026-06-27,C119,LinkedIn,In-House - Mid-Market,DACH,Demo,Customer Proof,CR016,57,459.87,7435,53,0.723,0,0,0,0,0,Immature,
2026-06-28,C119,LinkedIn,In-House - Mid-Market,DACH,Demo,Customer Proof,CR016,58,373.92,5428,44,0.82,0,0,0,0,0,Immature,
2026-06-29,C119,LinkedIn,In-House - Mid-Market,DACH,Demo,Customer Proof,CR016,59,651.84,8861,62,0.7,0,0,0,0,0,Immature,
2026-06-30,C119,LinkedIn,In-House - Mid-Market,DACH,Demo,Customer Proof,CR016,60,598.9,9457,64,0.677,0,0,0,0,0,Immature,
2026-02-05,C120,Meta,In-House - Enterprise,France,Webinar,Workflow Automation,CR022,1,283.25,15005,216,1.446,5,1,0,0,0,Mature,
2026-02-06,C120,Meta,In-House - Enterprise,France,Webinar,Workflow Automation,CR022,2,334.1,18924,315,1.67,5,1,0,0,0,Mature,
2026-02-07,C120,Meta,In-House - Enterprise,France,Webinar,Workflow Automation,CR022,3,238.99,12887,193,1.501,4,1,0,0,0,Mature,
2026-02-08,C120,Meta,In-House - Enterprise,France,Webinar,Workflow Automation,CR022,4,212.27,11489,206,1.796,5,1,0,0,0,Mature,
2026-02-09,C120,Meta,In-House - Enterprise,France,Webinar,Workflow Automation,CR022,5,261.69,12816,253,1.98,4,1,0,0,0,Mature,
2026-02-10,C120,Meta,In-House - Enterprise,France,Webinar,Workflow Automation,CR022,6,295.33,14965,299,2.002,5,1,0,0,0,Mature,
2026-02-11,C120,Meta,In-House - Enterprise,France,Webinar,Workflow Automation,CR022,7,325.66,16700,238,1.429,4,1,0,0,0,Mature,
2026-02-12,C120,Meta,In-House - Enterprise,France,Webinar,Workflow Automation,CR022,8,277.75,14927,283,1.896,7,2,0,0,0,Mature,
2026-02-13,C120,Meta,In-House - Enterprise,France,Webinar,Workflow Automation,CR022,9,254.67,13983,201,1.441,5,1,0,0,0,Mature,
2026-02-14,C120,Meta,In-House - Enterprise,France,Webinar,Workflow Automation,CR022,10,190.62,9356,165,1.766,4,1,0,0,0,Mature,
2026-02-15,C120,Meta,In-House - Enterprise,France,Webinar,Workflow Automation,CR022,11,194.54,10810,179,1.66,4,1,0,0,0,Mature,
2026-02-16,C120,Meta,In-House - Enterprise,France,Webinar,Workflow Automation,CR022,12,343.62,16424,242,1.477,5,1,0,0,0,Mature,
2026-02-17,C120,Meta,In-House - Enterprise,France,Webinar,Workflow Automation,CR022,13,265.09,14382,252,1.756,4,0,0,0,0,Mature,
2026-02-18,C120,Meta,In-House - Enterprise,France,Webinar,Workflow Automation,CR022,14,324.22,17136,248,1.448,4,0,0,0,0,Mature,
2026-02-19,C120,Meta,In-House - Enterprise,France,Webinar,Workflow Automation,CR022,15,298.49,15531,253,1.635,5,1,0,0,0,Mature,
2026-02-20,C120,Meta,In-House - Enterprise,France,Webinar,Workflow Automation,CR022,16,365.92,18610,295,1.586,7,2,0,,,Mature,Missing CRM attribution
2026-02-21,C120,Meta,In-House - Enterprise,France,Webinar,Workflow Automation,CR022,17,178.99,9743,155,1.595,2,0,0,0,0,Mature,
2026-02-22,C120,Meta,In-House - Enterprise,France,Webinar,Workflow Automation,CR022,18,233.34,13151,263,2.001,4,1,0,0,0,Mature,
2026-02-23,C120,Meta,In-House - Enterprise,France,Webinar,Workflow Automation,CR022,19,304.66,15406,304,1.978,6,1,0,0,0,Mature,
2026-02-24,C120,Meta,In-House - Enterprise,France,Webinar,Workflow Automation,CR022,20,367.21,21163,380,1.796,8,2,0,0,0,Mature,
2026-02-25,C120,Meta,In-House - Enterprise,France,Webinar,Workflow Automation,CR022,21,332.95,16323,325,1.993,8,2,0,0,0,Mature,
2026-02-26,C120,Meta,In-House - Enterprise,France,Webinar,Workflow Automation,CR022,22,337.21,19108,280,1.47,5,1,0,0,0,Mature,
2026-02-27,C120,Meta,In-House - Enterprise,France,Webinar,Workflow Automation,CR022,23,285.95,16526,316,1.917,8,2,0,0,0,Mature,
2026-03-27,C121,Google,Law Firm - Enterprise,US,Demo,Customer Proof,CR013,1,390.36,13326,498,3.741,4,2,0,0,0,Mature,
2026-03-28,C121,Google,Law Firm - Enterprise,US,Demo,Customer Proof,CR013,2,260.2,8436,325,3.861,2,1,0,0,0,Mature,
2026-03-29,C121,Google,Law Firm - Enterprise,US,Demo,Customer Proof,CR013,3,300.17,9202,362,3.944,2,1,0,0,0,Mature,
2026-03-30,C121,Google,Law Firm - Enterprise,US,Demo,Customer Proof,CR013,4,382.14,11590,435,3.757,2,1,0,0,0,Mature,
2026-03-31,C121,Google,Law Firm - Enterprise,US,Demo,Customer Proof,CR013,5,376.74,12926,493,3.819,2,1,0,0,0,Mature,
2026-04-01,C121,Google,Law Firm - Enterprise,US,Demo,Customer Proof,CR013,6,447.91,13654,393,2.881,2,1,0,0,0,Mature,
2026-04-02,C121,Google,Law Firm - Enterprise,US,Demo,Customer Proof,CR013,7,404.54,12124,369,3.045,2,1,0,0,0,Mature,
2026-04-03,C121,Google,Law Firm - Enterprise,US,Demo,Customer Proof,CR013,8,409.2,12609,439,3.489,2,1,0,0,0,Mature,
2026-04-04,C121,Google,Law Firm - Enterprise,US,Demo,Customer Proof,CR013,9,277.24,8137,231,2.845,1,0,0,0,0,Mature,
2026-04-05,C121,Google,Law Firm - Enterprise,US,Demo,Customer Proof,CR013,10,347.99,11340,380,3.354,2,1,0,0,0,Mature,
2026-04-06,C121,Google,Law Firm - Enterprise,US,Demo,Customer Proof,CR013,11,495.53,15511,546,3.521,2,1,0,0,0,Mature,
2026-04-07,C121,Google,Law Firm - Enterprise,US,Demo,Customer Proof,CR013,12,441.52,13438,383,2.851,3,2,0,0,0,Mature,
2026-04-08,C121,Google,Law Firm - Enterprise,US,Demo,Customer Proof,CR013,13,497.95,16164,621,3.843,3,2,0,0,0,Mature,
2026-04-09,C121,Google,Law Firm - Enterprise,US,Demo,Customer Proof,CR013,14,532.54,17666,498,2.821,3,2,0,0,0,Mature,
2026-04-10,C121,Google,Law Firm - Enterprise,US,Demo,Customer Proof,CR013,15,500.19,16168,571,3.532,2,1,0,0,0,Mature,
2026-04-11,C121,Google,Law Firm - Enterprise,US,Demo,Customer Proof,CR013,16,283.05,9519,280,2.951,1,0,0,0,0,Mature,
2026-04-12,C121,Google,Law Firm - Enterprise,US,Demo,Customer Proof,CR013,17,259.86,8697,239,2.756,1,0,0,0,0,Mature,
2026-04-13,C121,Google,Law Firm - Enterprise,US,Demo,Customer Proof,CR013,18,466.86,15652,582,3.725,2,1,0,0,0,Mature,
2026-04-14,C121,Google,Law Firm - Enterprise,US,Demo,Customer Proof,CR013,19,376.78,12014,332,2.77,1,0,0,0,0,Mature,
2026-04-15,C121,Google,Law Firm - Enterprise,US,Demo,Customer Proof,CR013,20,430.52,12117,446,3.682,2,1,0,0,0,Mature,
2026-04-16,C121,Google,Law Firm - Enterprise,US,Demo,Customer Proof,CR013,21,511.26,15559,526,3.386,3,2,0,0,0,Mature,
2026-04-17,C121,Google,Law Firm - Enterprise,US,Demo,Customer Proof,CR013,22,534.22,16058,572,3.567,4,2,0,0,0,Mature,
2026-04-18,C121,Google,Law Firm - Enterprise,US,Demo,Customer Proof,CR013,23,272.83,8943,335,3.747,1,0,0,0,0,Mature,
2026-04-19,C121,Google,Law Firm - Enterprise,US,Demo,Customer Proof,CR013,24,241.86,7750,242,3.123,1,0,0,0,0,Mature,
2026-04-20,C121,Google,Law Firm - Enterprise,US,Demo,Customer Proof,CR013,25,368.17,11355,412,3.631,2,1,0,0,0,Mature,
2026-04-21,C121,Google,Law Firm - Enterprise,US,Demo,Customer Proof,CR013,26,400.84,11563,403,3.486,2,1,0,0,0,Mature,
2026-04-22,C121,Google,Law Firm - Enterprise,US,Demo,Customer Proof,CR013,27,391.43,11701,365,3.12,2,1,0,0,0,Mature,
2026-04-23,C121,Google,Law Firm - Enterprise,US,Demo,Customer Proof,CR013,28,386.72,10955,380,3.472,1,0,0,0,0,Mature,
2026-04-24,C121,Google,Law Firm - Enterprise,US,Demo,Customer Proof,CR013,29,396.26,11497,377,3.281,2,1,0,0,0,Mature,
2026-04-25,C121,Google,Law Firm - Enterprise,US,Demo,Customer Proof,CR013,30,306.12,9322,308,3.31,2,1,0,0,0,Mature,
2026-04-26,C121,Google,Law Firm - Enterprise,US,Demo,Customer Proof,CR013,31,336.32,11341,351,3.102,2,1,0,0,0,Mature,
2026-04-27,C121,Google,Law Firm - Enterprise,US,Demo,Customer Proof,CR013,32,416.2,11814,341,2.888,2,1,0,0,0,Mature,
2026-04-28,C121,Google,Law Firm - Enterprise,US,Demo,Customer Proof,CR013,33,390.22,13068,436,3.34,3,1,0,0,0,Mature,
2026-04-29,C121,Google,Law Firm - Enterprise,US,Demo,Customer Proof,CR013,34,431.06,12789,468,3.663,2,1,0,0,0,Mature,
2026-04-30,C121,Google,Law Firm - Enterprise,US,Demo,Customer Proof,CR013,35,493.95,14907,551,3.702,3,2,0,0,0,Mature,
2026-05-01,C121,Google,Law Firm - Enterprise,US,Demo,Customer Proof,CR013,36,431.03,13914,520,3.74,3,2,0,0,0,Mature,
2026-05-02,C121,Google,Law Firm - Enterprise,US,Demo,Customer Proof,CR013,37,290.29,9494,313,3.301,2,1,0,,,Mature,Missing CRM attribution
2026-05-03,C121,Google,Law Firm - Enterprise,US,Demo,Customer Proof,CR013,38,325.99,10699,302,2.829,1,0,0,0,0,Mature,
2026-05-04,C121,Google,Law Firm - Enterprise,US,Demo,Customer Proof,CR013,39,500.3,16394,567,3.459,2,1,0,,,Mature,Missing CRM attribution
2026-05-05,C121,Google,Law Firm - Enterprise,US,Demo,Customer Proof,CR013,40,376.42,10592,380,3.592,3,2,0,0,0,Mature,
2026-05-06,C121,Google,Law Firm - Enterprise,US,Demo,Customer Proof,CR013,41,377.85,10900,326,2.999,1,0,0,0,0,Mature,
2026-05-07,C121,Google,Law Firm - Enterprise,US,Demo,Customer Proof,CR013,42,411.67,11634,343,2.956,1,0,0,0,0,Mature,
2026-05-08,C121,Google,Law Firm - Enterprise,US,Demo,Customer Proof,CR013,43,414.33,13368,398,2.979,2,1,0,0,0,Mature,
2026-05-09,C121,Google,Law Firm - Enterprise,US,Demo,Customer Proof,CR013,44,326.71,10728,400,3.73,2,1,0,0,0,Mature,
2026-05-10,C121,Google,Law Firm - Enterprise,US,Demo,Customer Proof,CR013,45,234.02,6855,269,3.936,1,0,0,0,0,Mature,
2026-05-11,C121,Google,Law Firm - Enterprise,US,Demo,Customer Proof,CR013,46,455.95,13775,389,2.826,2,1,0,0,0,Mature,
2026-05-12,C121,Google,Law Firm - Enterprise,US,Demo,Customer Proof,CR013,47,481.5,16439,468,2.847,3,1,0,0,0,Mature,
2026-01-28,C122,LinkedIn,In-House - Enterprise,France,Demo,Speed,CR032,1,513.87,8132,87,1.071,0,0,0,0,0,Mature,
2026-01-29,C122,LinkedIn,In-House - Enterprise,France,Demo,Speed,CR032,2,513.65,7558,95,1.268,0,0,0,0,0,Mature,
2026-01-30,C122,LinkedIn,In-House - Enterprise,France,Demo,Speed,CR032,3,465.75,6462,64,0.991,0,0,0,0,0,Mature,
2026-01-31,C122,LinkedIn,In-House - Enterprise,France,Demo,Speed,CR032,4,245.3,3391,38,1.121,0,0,0,0,0,Mature,
2026-02-01,C122,LinkedIn,In-House - Enterprise,France,Demo,Speed,CR032,5,314.17,4732,59,1.256,0,0,0,0,0,Mature,
2026-02-02,C122,LinkedIn,In-House - Enterprise,France,Demo,Speed,CR032,6,360.38,4928,47,0.968,0,0,0,0,0,Mature,
2026-02-03,C122,LinkedIn,In-House - Enterprise,France,Demo,Speed,CR032,7,408.53,6104,78,1.287,0,0,0,0,0,Mature,
2026-02-04,C122,LinkedIn,In-House - Enterprise,France,Demo,Speed,CR032,8,491.61,6574,68,1.049,0,0,0,0,0,Mature,
2026-02-05,C122,LinkedIn,In-House - Enterprise,France,Demo,Speed,CR032,9,472.74,6550,80,1.231,0,0,0,0,0,Mature,
2026-02-06,C122,LinkedIn,In-House - Enterprise,France,Demo,Speed,CR032,10,412.41,6257,83,1.33,0,0,0,0,0,Mature,
2026-02-07,C122,LinkedIn,In-House - Enterprise,France,Demo,Speed,CR032,11,316.28,4221,50,1.189,0,0,0,0,0,Mature,
2026-02-08,C122,LinkedIn,In-House - Enterprise,France,Demo,Speed,CR032,12,308.69,4532,46,1.034,0,0,0,0,0,Mature,
2026-02-09,C122,LinkedIn,In-House - Enterprise,France,Demo,Speed,CR032,13,505.93,7007,84,1.206,0,0,0,0,0,Mature,
2026-02-10,C122,LinkedIn,In-House - Enterprise,France,Demo,Speed,CR032,14,412.93,5771,74,1.284,0,0,0,0,0,Mature,
2026-02-11,C122,LinkedIn,In-House - Enterprise,France,Demo,Speed,CR032,15,468.95,6899,85,1.233,0,0,0,0,0,Mature,
2026-02-12,C122,LinkedIn,In-House - Enterprise,France,Demo,Speed,CR032,16,424.58,5637,53,0.954,0,0,0,0,0,Mature,
2026-02-13,C122,LinkedIn,In-House - Enterprise,France,Demo,Speed,CR032,17,477.7,7526,87,1.158,0,0,0,0,0,Mature,
2026-02-14,C122,LinkedIn,In-House - Enterprise,France,Demo,Speed,CR032,18,271.71,3793,50,1.325,0,0,0,0,0,Mature,
2026-02-15,C122,LinkedIn,In-House - Enterprise,France,Demo,Speed,CR032,19,286.46,4394,58,1.331,0,0,0,0,0,Mature,
2026-02-16,C122,LinkedIn,In-House - Enterprise,France,Demo,Speed,CR032,20,523.49,7793,76,0.982,0,0,0,0,0,Mature,
2026-02-17,C122,LinkedIn,In-House - Enterprise,France,Demo,Speed,CR032,21,441.72,6106,78,1.278,0,0,0,0,0,Mature,
2026-02-18,C122,LinkedIn,In-House - Enterprise,France,Demo,Speed,CR032,22,391.03,5589,74,1.33,0,0,0,0,0,Mature,
2026-02-19,C122,LinkedIn,In-House - Enterprise,France,Demo,Speed,CR032,23,368.41,5879,59,1.014,0,0,0,0,0,Mature,
2026-02-20,C122,LinkedIn,In-House - Enterprise,France,Demo,Speed,CR032,24,532.33,7365,68,0.93,0,0,0,0,0,Mature,
2026-02-21,C122,LinkedIn,In-House - Enterprise,France,Demo,Speed,CR032,25,318.52,5145,62,1.214,0,0,0,0,0,Mature,
2026-02-22,C122,LinkedIn,In-House - Enterprise,France,Demo,Speed,CR032,26,316.5,4807,48,1.013,0,0,0,0,0,Mature,
2026-02-23,C122,LinkedIn,In-House - Enterprise,France,Demo,Speed,CR032,27,508.52,7431,84,1.136,0,0,0,0,0,Mature,
2026-02-24,C122,LinkedIn,In-House - Enterprise,France,Demo,Speed,CR032,28,386.63,5251,60,1.158,0,0,0,0,0,Mature,
2026-02-25,C122,LinkedIn,In-House - Enterprise,France,Demo,Speed,CR032,29,491.84,7416,96,1.303,0,0,0,0,0,Mature,
2026-02-26,C122,LinkedIn,In-House - Enterprise,France,Demo,Speed,CR032,30,404.74,6396,70,1.107,0,0,0,0,0,Mature,
2026-02-27,C122,LinkedIn,In-House - Enterprise,France,Demo,Speed,CR032,31,402.69,5882,72,1.235,0,0,0,0,0,Mature,
2026-02-28,C122,LinkedIn,In-House - Enterprise,France,Demo,Speed,CR032,32,238.59,3410,42,1.246,0,0,0,0,0,Mature,
2026-03-01,C122,LinkedIn,In-House - Enterprise,France,Demo,Speed,CR032,33,349.21,5443,60,1.109,0,0,0,0,0,Mature,
2026-03-02,C122,LinkedIn,In-House - Enterprise,France,Demo,Speed,CR032,34,469.35,7381,71,0.966,0,0,0,0,0,Mature,
2026-03-03,C122,LinkedIn,In-House - Enterprise,France,Demo,Speed,CR032,35,477.18,7545,84,1.122,0,0,0,0,0,Mature,
2026-03-04,C122,LinkedIn,In-House - Enterprise,France,Demo,Speed,CR032,36,528.1,7022,93,1.338,0,0,0,0,0,Mature,
2026-03-05,C122,LinkedIn,In-House - Enterprise,France,Demo,Speed,CR032,37,488.35,6942,66,0.956,0,0,0,0,0,Mature,
2026-03-06,C122,LinkedIn,In-House - Enterprise,France,Demo,Speed,CR032,38,370.68,5565,60,1.092,0,0,0,0,0,Mature,
2026-03-07,C122,LinkedIn,In-House - Enterprise,France,Demo,Speed,CR032,39,242.63,3284,36,1.115,0,0,0,0,0,Mature,
2026-03-08,C122,LinkedIn,In-House - Enterprise,France,Demo,Speed,CR032,40,250.81,4017,43,1.093,0,0,0,0,0,Mature,
2026-03-09,C122,LinkedIn,In-House - Enterprise,France,Demo,Speed,CR032,41,455.22,6744,77,1.151,0,0,0,0,0,Mature,
2026-03-10,C122,LinkedIn,In-House - Enterprise,France,Demo,Speed,CR032,42,436.55,6779,73,1.077,0,0,0,0,0,Mature,
2026-03-11,C122,LinkedIn,In-House - Enterprise,France,Demo,Speed,CR032,43,528.71,7864,77,0.988,0,0,0,0,0,Mature,
2026-03-12,C122,LinkedIn,In-House - Enterprise,France,Demo,Speed,CR032,44,380.61,5709,58,1.023,0,0,0,0,0,Mature,
2026-03-13,C122,LinkedIn,In-House - Enterprise,France,Demo,Speed,CR032,45,479.09,7732,83,1.077,0,0,0,0,0,Mature,
2026-03-14,C122,LinkedIn,In-House - Enterprise,France,Demo,Speed,CR032,46,321.15,5137,50,0.978,0,0,0,0,0,Mature,
2026-03-15,C122,LinkedIn,In-House - Enterprise,France,Demo,Speed,CR032,47,272.71,4236,52,1.241,0,0,0,0,0,Mature,
2026-03-16,C122,LinkedIn,In-House - Enterprise,France,Demo,Speed,CR032,48,361.07,5629,61,1.094,0,0,0,0,0,Mature,
2026-03-17,C122,LinkedIn,In-House - Enterprise,France,Demo,Speed,CR032,49,437.18,6304,53,0.852,0,0,0,0,0,Mature,
2026-03-18,C122,LinkedIn,In-House - Enterprise,France,Demo,Speed,CR032,50,369.86,5462,63,1.156,0,0,0,0,0,Mature,
2026-03-19,C122,LinkedIn,In-House - Enterprise,France,Demo,Speed,CR032,51,424.84,5635,59,1.055,0,0,0,0,0,Mature,
2026-03-20,C122,LinkedIn,In-House - Enterprise,France,Demo,Speed,CR032,52,463.06,7242,64,0.887,0,0,0,0,0,Mature,
2026-03-21,C122,LinkedIn,In-House - Enterprise,France,Demo,Speed,CR032,53,350.75,4996,53,1.066,0,0,0,0,0,Mature,
2026-03-22,C122,LinkedIn,In-House - Enterprise,France,Demo,Speed,CR032,54,268.23,4120,41,1.007,0,0,0,0,0,Mature,
2026-03-23,C122,LinkedIn,In-House - Enterprise,France,Demo,Speed,CR032,55,491.14,7270,74,1.024,0,0,0,0,0,Mature,
2026-05-15,C123,Meta,In-House - Enterprise,US,Demo,Speed,CR032,1,349.72,19320,380,1.968,3,0,0,0,0,Mature,
2026-05-16,C123,Meta,In-House - Enterprise,US,Demo,Speed,CR032,2,174.15,9868,183,1.857,1,0,0,0,0,Mature,
2026-05-17,C123,Meta,In-House - Enterprise,US,Demo,Speed,CR032,3,221.45,10979,207,1.886,1,0,0,0,0,Mature,
2026-05-18,C123,Meta,In-House - Enterprise,US,Demo,Speed,CR032,4,267.9,13581,241,1.781,1,0,0,0,0,Mature,
2026-05-19,C123,Meta,In-House - Enterprise,US,Demo,Speed,CR032,5,325.4,16617,261,1.574,2,0,0,0,0,Mature,
2026-05-20,C123,Meta,In-House - Enterprise,US,Demo,Speed,CR032,6,343.09,19181,386,2.017,2,0,0,0,0,Mature,
2026-05-21,C123,Meta,In-House - Enterprise,US,Demo,Speed,CR032,7,358.08,20526,372,1.814,2,0,0,0,0,Mature,
2026-05-22,C123,Meta,In-House - Enterprise,US,Demo,Speed,CR032,8,260.59,14434,259,1.798,2,0,0,0,0,Mature,
2026-05-23,C123,Meta,In-House - Enterprise,US,Demo,Speed,CR032,9,183.88,8808,158,1.8,1,0,0,0,0,Mature,
2026-05-24,C123,Meta,In-House - Enterprise,US,Demo,Speed,CR032,10,229.86,12831,199,1.555,1,0,0,0,0,Mature,
2026-05-25,C123,Meta,In-House - Enterprise,US,Demo,Speed,CR032,11,360.84,19633,396,2.022,2,0,0,0,0,Mature,
2026-05-26,C123,Meta,In-House - Enterprise,US,Demo,Speed,CR032,12,326.67,16291,249,1.534,1,0,0,0,0,Mature,
2026-05-27,C123,Meta,In-House - Enterprise,US,Demo,Speed,CR032,13,324.39,18292,296,1.619,2,0,0,0,0,Mature,
2026-05-28,C123,Meta,In-House - Enterprise,US,Demo,Speed,CR032,14,313.79,16502,304,1.848,2,0,0,0,0,Mature,
2026-05-29,C123,Meta,In-House - Enterprise,US,Demo,Speed,CR032,15,334.89,17916,370,2.066,3,0,0,0,0,Mature,
2026-05-30,C123,Meta,In-House - Enterprise,US,Demo,Speed,CR032,16,210.28,12124,200,1.655,1,0,0,0,0,Mature,
2026-05-31,C123,Meta,In-House - Enterprise,US,Demo,Speed,CR032,17,181.19,9496,190,2.009,1,0,0,0,0,Mature,
2026-06-01,C123,Meta,In-House - Enterprise,US,Demo,Speed,CR032,18,280.99,14180,231,1.632,1,0,0,0,0,Mature,
2026-06-02,C123,Meta,In-House - Enterprise,US,Demo,Speed,CR032,19,267.58,15189,310,2.042,2,0,0,0,0,Mature,
2026-06-03,C123,Meta,In-House - Enterprise,US,Demo,Speed,CR032,20,255.62,14171,260,1.841,1,0,0,0,0,Mature,
2026-06-04,C123,Meta,In-House - Enterprise,US,Demo,Speed,CR032,21,256.12,12620,216,1.715,1,0,0,0,0,Mature,
2026-06-05,C123,Meta,In-House - Enterprise,US,Demo,Speed,CR032,22,366.68,18059,287,1.594,2,0,0,0,0,Mature,
2026-06-06,C123,Meta,In-House - Enterprise,US,Demo,Speed,CR032,23,185.07,10690,217,2.03,1,0,0,0,0,Mature,
2026-06-07,C123,Meta,In-House - Enterprise,US,Demo,Speed,CR032,24,199.09,10398,192,1.852,1,0,0,0,0,Mature,
2026-06-08,C123,Meta,In-House - Enterprise,US,Demo,Speed,CR032,25,300.03,14709,229,1.558,2,0,0,0,0,Mature,
2026-06-09,C123,Meta,In-House - Enterprise,US,Demo,Speed,CR032,26,339.87,16865,296,1.758,2,0,0,0,0,Mature,
2026-06-10,C123,Meta,In-House - Enterprise,US,Demo,Speed,CR032,27,375.72,21139,328,1.552,2,0,0,0,0,Mature,
2026-06-11,C123,Meta,In-House - Enterprise,US,Demo,Speed,CR032,28,298.57,15729,295,1.879,1,0,0,0,0,Mature,
2026-06-12,C123,Meta,In-House - Enterprise,US,Demo,Speed,CR032,29,374.09,21318,333,1.566,2,0,0,0,0,Mature,
2026-06-13,C123,Meta,In-House - Enterprise,US,Demo,Speed,CR032,30,169.11,9492,205,2.166,1,0,0,0,0,Mature,
2026-06-14,C123,Meta,In-House - Enterprise,US,Demo,Speed,CR032,31,201.65,9755,147,1.511,1,0,0,0,0,Mature,
2026-06-15,C123,Meta,In-House - Enterprise,US,Demo,Speed,CR032,32,292.47,13985,270,1.935,2,0,0,0,0,Mature,
2026-06-16,C123,Meta,In-House - Enterprise,US,Demo,Speed,CR032,33,311.78,17926,353,1.97,2,0,0,0,0,Mature,
2026-06-17,C123,Meta,In-House - Enterprise,US,Demo,Speed,CR032,34,286.59,15157,318,2.099,2,0,0,0,0,Immature,
2026-06-18,C123,Meta,In-House - Enterprise,US,Demo,Speed,CR032,35,327.17,16638,306,1.84,2,0,0,0,0,Immature,
2026-06-19,C123,Meta,In-House - Enterprise,US,Demo,Speed,CR032,36,276.99,15003,251,1.673,2,0,0,0,0,Immature,
2026-06-20,C123,Meta,In-House - Enterprise,US,Demo,Speed,CR032,37,214.99,11380,188,1.657,1,0,0,0,0,Immature,
2026-06-21,C123,Meta,In-House - Enterprise,US,Demo,Speed,CR032,38,245.06,14039,225,1.603,1,0,0,0,0,Immature,
2026-06-22,C123,Meta,In-House - Enterprise,US,Demo,Speed,CR032,39,340.36,19118,408,2.136,2,0,0,0,0,Immature,
2026-06-23,C123,Meta,In-House - Enterprise,US,Demo,Speed,CR032,40,357.37,17483,322,1.845,2,0,0,0,0,Immature,
2026-06-24,C123,Meta,In-House - Enterprise,US,Demo,Speed,CR032,41,373.6,21616,383,1.772,3,0,0,0,0,Immature,
2026-06-25,C123,Meta,In-House - Enterprise,US,Demo,Speed,CR032,42,255.05,14577,241,1.655,1,0,0,0,0,Immature,
2026-06-26,C123,Meta,In-House - Enterprise,US,Demo,Speed,CR032,43,290.37,14517,258,1.779,1,0,0,,,Immature,Missing CRM attribution
2026-06-27,C123,Meta,In-House - Enterprise,US,Demo,Speed,CR032,44,189.87,10921,163,1.498,1,0,0,0,0,Immature,
2026-06-28,C123,Meta,In-House - Enterprise,US,Demo,Speed,CR032,45,204.15,11136,192,1.732,1,0,0,0,0,Immature,
2026-06-29,C123,Meta,In-House - Enterprise,US,Demo,Speed,CR032,46,313.27,15137,283,1.875,1,0,0,0,0,Immature,
2026-06-30,C123,Meta,In-House - Enterprise,US,Demo,Speed,CR032,47,259.09,14770,216,1.467,1,0,0,0,0,Immature,
2026-02-13,C124,Google,In-House - Enterprise,DACH,Demo,Security,CR026,1,377.22,12011,353,2.94,2,1,0,0,0,Mature,
2026-02-14,C124,Google,In-House - Enterprise,DACH,Demo,Security,CR026,2,212.86,6708,236,3.52,1,0,0,0,0,Mature,
2026-02-15,C124,Google,In-House - Enterprise,DACH,Demo,Security,CR026,3,227.46,6637,197,2.974,1,0,0,0,0,Mature,
2026-02-16,C124,Google,In-House - Enterprise,DACH,Demo,Security,CR026,4,348.04,11721,339,2.893,1,0,0,0,0,Mature,
2026-02-17,C124,Google,In-House - Enterprise,DACH,Demo,Security,CR026,5,278.46,8340,269,3.234,1,0,0,0,0,Mature,
2026-02-18,C124,Google,In-House - Enterprise,DACH,Demo,Security,CR026,6,278.11,7847,205,2.623,1,0,0,0,0,Mature,
2026-02-19,C124,Google,In-House - Enterprise,DACH,Demo,Security,CR026,7,361.22,11927,311,2.61,1,0,0,0,0,Mature,
2026-02-20,C124,Google,In-House - Enterprise,DACH,Demo,Security,CR026,8,263.61,8764,285,3.262,1,0,0,0,0,Mature,
2026-02-21,C124,Google,In-House - Enterprise,DACH,Demo,Security,CR026,9,229.36,7496,193,2.583,0,0,0,0,0,Mature,
2026-02-22,C124,Google,In-House - Enterprise,DACH,Demo,Security,CR026,10,244.14,6972,194,2.793,1,0,0,0,0,Mature,
2026-02-23,C124,Google,In-House - Enterprise,DACH,Demo,Security,CR026,11,256.16,8749,310,3.547,1,0,0,0,0,Mature,
2026-02-24,C124,Google,In-House - Enterprise,DACH,Demo,Security,CR026,12,310.98,10513,342,3.26,1,0,0,0,0,Mature,
2026-02-25,C124,Google,In-House - Enterprise,DACH,Demo,Security,CR026,13,329.34,10398,337,3.249,2,1,0,0,0,Mature,
2026-02-26,C124,Google,In-House - Enterprise,DACH,Demo,Security,CR026,14,291.39,8899,306,3.442,1,0,0,0,0,Mature,
2026-02-27,C124,Google,In-House - Enterprise,DACH,Demo,Security,CR026,15,290.18,8727,251,2.884,1,0,0,0,0,Mature,
2026-02-28,C124,Google,In-House - Enterprise,DACH,Demo,Security,CR026,16,213.58,6461,230,3.568,1,0,0,0,0,Mature,
2026-03-01,C124,Google,In-House - Enterprise,DACH,Demo,Security,CR026,17,178.01,6119,198,3.241,1,0,0,0,0,Mature,
2026-03-02,C124,Google,In-House - Enterprise,DACH,Demo,Security,CR026,18,319.84,10200,365,3.584,2,1,0,0,0,Mature,
2026-03-03,C124,Google,In-House - Enterprise,DACH,Demo,Security,CR026,19,322.56,10449,360,3.448,2,1,0,0,0,Mature,
2026-03-04,C124,Google,In-House - Enterprise,DACH,Demo,Security,CR026,20,312.91,9306,310,3.341,1,0,0,0,0,Mature,
2026-03-05,C124,Google,In-House - Enterprise,DACH,Demo,Security,CR026,21,374.77,11893,313,2.638,2,1,0,0,0,Mature,
2026-03-06,C124,Google,In-House - Enterprise,DACH,Demo,Security,CR026,22,331.69,10486,356,3.401,2,1,0,0,0,Mature,
2026-03-07,C124,Google,In-House - Enterprise,DACH,Demo,Security,CR026,23,217.03,6721,237,3.539,1,0,0,0,0,Mature,
2026-03-08,C124,Google,In-House - Enterprise,DACH,Demo,Security,CR026,24,244.82,8288,254,3.073,1,0,0,0,0,Mature,
2026-03-09,C124,Google,In-House - Enterprise,DACH,Demo,Security,CR026,25,353.37,10261,362,3.528,2,1,0,0,0,Mature,
2026-03-10,C124,Google,In-House - Enterprise,DACH,Demo,Security,CR026,26,309.13,9021,259,2.882,1,0,0,0,0,Mature,
2026-03-11,C124,Google,In-House - Enterprise,DACH,Demo,Security,CR026,27,339.94,11522,381,3.31,1,0,0,0,0,Mature,
2026-03-12,C124,Google,In-House - Enterprise,DACH,Demo,Security,CR026,28,253.34,8350,276,3.313,1,0,0,0,0,Mature,
2026-03-13,C124,Google,In-House - Enterprise,DACH,Demo,Security,CR026,29,301.37,9924,293,2.957,1,0,0,0,0,Mature,
2026-03-14,C124,Google,In-House - Enterprise,DACH,Demo,Security,CR026,30,188.34,5297,163,3.096,0,0,0,0,0,Mature,
2026-03-15,C124,Google,In-House - Enterprise,DACH,Demo,Security,CR026,31,232.07,6581,187,2.85,1,0,0,0,0,Mature,
2026-03-16,C124,Google,In-House - Enterprise,DACH,Demo,Security,CR026,32,325.71,10299,338,3.288,1,0,0,0,0,Mature,
2026-03-17,C124,Google,In-House - Enterprise,DACH,Demo,Security,CR026,33,297.05,9833,342,3.486,1,0,0,0,0,Mature,
2026-03-18,C124,Google,In-House - Enterprise,DACH,Demo,Security,CR026,34,291.23,8213,227,2.764,1,0,0,0,0,Mature,
2026-03-19,C124,Google,In-House - Enterprise,DACH,Demo,Security,CR026,35,339.38,11415,409,3.588,2,1,0,0,0,Mature,
2026-03-20,C124,Google,In-House - Enterprise,DACH,Demo,Security,CR026,36,303.92,8939,314,3.524,1,0,0,0,0,Mature,
2026-03-21,C124,Google,In-House - Enterprise,DACH,Demo,Security,CR026,37,244.42,6965,200,2.872,1,0,0,0,0,Mature,
2026-03-22,C124,Google,In-House - Enterprise,DACH,Demo,Security,CR026,38,176.11,5753,151,2.63,0,0,0,0,0,Mature,
2026-03-23,C124,Google,In-House - Enterprise,DACH,Demo,Security,CR026,39,305.85,9518,317,3.341,2,0,0,0,0,Mature,
2026-03-24,C124,Google,In-House - Enterprise,DACH,Demo,Security,CR026,40,358.88,12309,340,2.769,1,0,0,0,0,Mature,
2026-03-25,C124,Google,In-House - Enterprise,DACH,Demo,Security,CR026,41,286.73,9539,299,3.137,1,0,0,0,0,Mature,
2026-03-26,C124,Google,In-House - Enterprise,DACH,Demo,Security,CR026,42,326.26,10627,380,3.578,1,0,0,0,0,Mature,
2026-03-27,C124,Google,In-House - Enterprise,DACH,Demo,Security,CR026,43,286.35,9017,258,2.867,1,0,0,0,0,Mature,
2026-02-04,C125,LinkedIn,Law Firm - Mid-Market,DACH,Demo,Workflow Automation,CR019,1,1070.19,15071,186,1.238,0,0,0,0,0,Mature,
2026-02-05,C125,LinkedIn,Law Firm - Mid-Market,DACH,Demo,Workflow Automation,CR019,2,1073.09,15453,166,1.079,1,0,0,0,0,Mature,
2026-02-06,C125,LinkedIn,Law Firm - Mid-Market,DACH,Demo,Workflow Automation,CR019,3,746.52,10593,98,0.932,0,0,0,0,0,Mature,
2026-02-07,C125,LinkedIn,Law Firm - Mid-Market,DACH,Demo,Workflow Automation,CR019,4,506.88,7899,76,0.97,0,0,0,0,0,Mature,
2026-02-08,C125,LinkedIn,Law Firm - Mid-Market,DACH,Demo,Workflow Automation,CR019,5,585.47,9329,103,1.105,0,0,0,0,0,Mature,
2026-02-09,C125,LinkedIn,Law Firm - Mid-Market,DACH,Demo,Workflow Automation,CR019,6,811.19,12763,142,1.119,0,0,0,0,0,Mature,
2026-02-10,C125,LinkedIn,Law Firm - Mid-Market,DACH,Demo,Workflow Automation,CR019,7,728.51,10715,105,0.981,0,0,0,0,0,Mature,
2026-02-11,C125,LinkedIn,Law Firm - Mid-Market,DACH,Demo,Workflow Automation,CR019,8,1001.38,13459,144,1.073,0,0,0,0,0,Mature,
2026-02-12,C125,LinkedIn,Law Firm - Mid-Market,DACH,Demo,Workflow Automation,CR019,9,762.53,10809,108,1.007,0,0,0,0,0,Mature,
2026-02-13,C125,LinkedIn,Law Firm - Mid-Market,DACH,Demo,Workflow Automation,CR019,10,734.58,9853,99,1.008,0,0,0,0,0,Mature,
2026-02-14,C125,LinkedIn,Law Firm - Mid-Market,DACH,Demo,Workflow Automation,CR019,11,676.83,10665,115,1.08,0,0,0,0,0,Mature,
2026-02-15,C125,LinkedIn,Law Firm - Mid-Market,DACH,Demo,Workflow Automation,CR019,12,544.25,7680,84,1.099,0,0,0,0,0,Mature,
2026-02-16,C125,LinkedIn,Law Firm - Mid-Market,DACH,Demo,Workflow Automation,CR019,13,972.78,15167,179,1.184,1,0,0,0,0,Mature,
2026-02-17,C125,LinkedIn,Law Firm - Mid-Market,DACH,Demo,Workflow Automation,CR019,14,751.17,10546,105,1.003,0,0,0,0,0,Mature,
2026-02-18,C125,LinkedIn,Law Firm - Mid-Market,DACH,Demo,Workflow Automation,CR019,15,889.48,13052,125,0.96,0,0,0,0,0,Mature,
2026-02-19,C125,LinkedIn,Law Firm - Mid-Market,DACH,Demo,Workflow Automation,CR019,16,1001.65,14488,164,1.137,0,0,0,0,0,Mature,
2026-02-20,C125,LinkedIn,Law Firm - Mid-Market,DACH,Demo,Workflow Automation,CR019,17,802.36,10728,126,1.176,0,0,0,0,0,Mature,
2026-02-21,C125,LinkedIn,Law Firm - Mid-Market,DACH,Demo,Workflow Automation,CR019,18,487.5,7820,82,1.057,0,0,0,0,0,Mature,
2026-02-22,C125,LinkedIn,Law Firm - Mid-Market,DACH,Demo,Workflow Automation,CR019,19,507.72,8068,95,1.178,0,0,0,0,0,Mature,
2026-02-23,C125,LinkedIn,Law Firm - Mid-Market,DACH,Demo,Workflow Automation,CR019,20,937.58,14692,171,1.164,0,0,0,0,0,Mature,
2026-02-24,C125,LinkedIn,Law Firm - Mid-Market,DACH,Demo,Workflow Automation,CR019,21,864.63,13796,121,0.882,0,0,0,0,0,Mature,
2026-02-25,C125,LinkedIn,Law Firm - Mid-Market,DACH,Demo,Workflow Automation,CR019,22,772.19,10960,108,0.988,0,0,0,0,0,Mature,
2026-02-26,C125,LinkedIn,Law Firm - Mid-Market,DACH,Demo,Workflow Automation,CR019,23,851.18,13360,115,0.863,0,0,0,0,0,Mature,
2026-02-27,C125,LinkedIn,Law Firm - Mid-Market,DACH,Demo,Workflow Automation,CR019,24,905.86,12552,117,0.934,0,0,0,0,0,Mature,
2026-02-28,C125,LinkedIn,Law Firm - Mid-Market,DACH,Demo,Workflow Automation,CR019,25,602.65,8455,86,1.02,0,0,0,0,0,Mature,
2026-03-01,C125,LinkedIn,Law Firm - Mid-Market,DACH,Demo,Workflow Automation,CR019,26,482.0,7561,72,0.954,0,0,0,0,0,Mature,
2026-03-02,C125,LinkedIn,Law Firm - Mid-Market,DACH,Demo,Workflow Automation,CR019,27,979.63,14485,129,0.891,0,0,0,0,0,Mature,
2026-03-03,C125,LinkedIn,Law Firm - Mid-Market,DACH,Demo,Workflow Automation,CR019,28,997.53,13473,117,0.87,0,0,0,0,0,Mature,
2026-03-04,C125,LinkedIn,Law Firm - Mid-Market,DACH,Demo,Workflow Automation,CR019,29,841.02,13051,140,1.077,0,0,0,0,0,Mature,
2026-03-05,C125,LinkedIn,Law Firm - Mid-Market,DACH,Demo,Workflow Automation,CR019,30,890.98,14210,169,1.192,1,0,0,0,0,Mature,
2026-03-06,C125,LinkedIn,Law Firm - Mid-Market,DACH,Demo,Workflow Automation,CR019,31,866.06,12344,142,1.158,0,0,0,0,0,Mature,
2026-03-07,C125,LinkedIn,Law Firm - Mid-Market,DACH,Demo,Workflow Automation,CR019,32,562.15,8912,80,0.9,0,0,0,0,0,Mature,
2026-03-08,C125,LinkedIn,Law Firm - Mid-Market,DACH,Demo,Workflow Automation,CR019,33,649.41,10419,126,1.219,0,0,0,0,0,Mature,
2026-03-09,C125,LinkedIn,Law Firm - Mid-Market,DACH,Demo,Workflow Automation,CR019,34,895.29,14084,161,1.144,0,0,0,0,0,Mature,
2026-03-10,C125,LinkedIn,Law Firm - Mid-Market,DACH,Demo,Workflow Automation,CR019,35,746.74,10934,119,1.089,0,0,0,0,0,Mature,
2026-03-11,C125,LinkedIn,Law Firm - Mid-Market,DACH,Demo,Workflow Automation,CR019,36,791.77,11981,125,1.044,0,0,0,0,0,Mature,
2026-03-12,C125,LinkedIn,Law Firm - Mid-Market,DACH,Demo,Workflow Automation,CR019,37,896.2,12422,130,1.052,0,0,0,0,0,Mature,
2026-03-13,C125,LinkedIn,Law Firm - Mid-Market,DACH,Demo,Workflow Automation,CR019,38,723.51,9753,115,1.186,0,0,0,0,0,Mature,
2026-03-14,C125,LinkedIn,Law Firm - Mid-Market,DACH,Demo,Workflow Automation,CR019,39,527.03,7050,66,0.939,0,0,0,0,0,Mature,
2026-03-15,C125,LinkedIn,Law Firm - Mid-Market,DACH,Demo,Workflow Automation,CR019,40,556.75,7957,75,0.955,0,0,0,0,0,Mature,
2026-03-16,C125,LinkedIn,Law Firm - Mid-Market,DACH,Demo,Workflow Automation,CR019,41,912.8,13078,129,0.987,0,0,0,0,0,Mature,
2026-03-17,C125,LinkedIn,Law Firm - Mid-Market,DACH,Demo,Workflow Automation,CR019,42,880.25,12414,142,1.148,0,0,0,0,0,Mature,
2026-03-18,C125,LinkedIn,Law Firm - Mid-Market,DACH,Demo,Workflow Automation,CR019,43,836.85,11183,130,1.171,0,0,0,0,0,Mature,
2026-03-19,C125,LinkedIn,Law Firm - Mid-Market,DACH,Demo,Workflow Automation,CR019,44,902.21,12573,147,1.175,0,0,0,0,0,Mature,
2026-03-20,C125,LinkedIn,Law Firm - Mid-Market,DACH,Demo,Workflow Automation,CR019,45,988.6,13985,149,1.069,0,0,0,0,0,Mature,
2026-03-31,C126,Meta,In-House - Enterprise,US,Webinar,ROI,CR004,1,251.22,14217,281,1.982,7,2,0,0,0,Mature,
2026-04-01,C126,Meta,In-House - Enterprise,US,Webinar,ROI,CR004,2,263.47,13359,209,1.571,4,1,0,0,0,Mature,
2026-04-02,C126,Meta,In-House - Enterprise,US,Webinar,ROI,CR004,3,256.87,13352,241,1.81,4,1,0,0,0,Mature,
2026-04-03,C126,Meta,In-House - Enterprise,US,Webinar,ROI,CR004,4,228.64,11895,180,1.519,3,0,0,0,0,Mature,
2026-04-04,C126,Meta,In-House - Enterprise,US,Webinar,ROI,CR004,5,139.34,7249,116,1.61,2,0,0,0,0,Mature,
2026-04-05,C126,Meta,In-House - Enterprise,US,Webinar,ROI,CR004,6,147.88,7973,122,1.536,3,0,0,0,0,Mature,
2026-04-06,C126,Meta,In-House - Enterprise,US,Webinar,ROI,CR004,7,260.69,14353,251,1.755,4,1,0,0,0,Mature,
2026-04-07,C126,Meta,In-House - Enterprise,US,Webinar,ROI,CR004,8,220.81,12057,214,1.779,5,1,0,0,0,Mature,
2026-04-08,C126,Meta,In-House - Enterprise,US,Webinar,ROI,CR004,9,194.94,10328,199,1.931,4,1,0,0,0,Mature,
2026-04-09,C126,Meta,In-House - Enterprise,US,Webinar,ROI,CR004,10,253.67,14267,239,1.676,4,1,0,0,0,Mature,
2026-04-10,C126,Meta,In-House - Enterprise,US,Webinar,ROI,CR004,11,237.8,12835,246,1.921,6,2,0,0,0,Mature,
2026-04-11,C126,Meta,In-House - Enterprise,US,Webinar,ROI,CR004,12,173.36,9832,163,1.66,4,1,0,0,0,Mature,
2026-04-12,C126,Meta,In-House - Enterprise,US,Webinar,ROI,CR004,13,140.63,7620,140,1.84,3,1,0,0,0,Mature,
2026-04-13,C126,Meta,In-House - Enterprise,US,Webinar,ROI,CR004,14,218.92,11242,197,1.753,3,1,0,0,0,Mature,
2026-04-14,C126,Meta,In-House - Enterprise,US,Webinar,ROI,CR004,15,258.18,13110,211,1.611,5,1,0,0,0,Mature,
2026-04-15,C126,Meta,In-House - Enterprise,US,Webinar,ROI,CR004,16,237.95,12404,249,2.012,4,1,0,0,0,Mature,
2026-04-16,C126,Meta,In-House - Enterprise,US,Webinar,ROI,CR004,17,228.13,12100,222,1.837,5,1,0,0,0,Mature,
2026-04-17,C126,Meta,In-House - Enterprise,US,Webinar,ROI,CR004,18,198.93,10923,224,2.059,6,2,0,0,0,Mature,
2026-04-18,C126,Meta,In-House - Enterprise,US,Webinar,ROI,CR004,19,132.56,7591,152,2.004,2,0,0,0,0,Mature,
2026-04-19,C126,Meta,In-House - Enterprise,US,Webinar,ROI,CR004,20,158.56,8737,179,2.057,3,1,0,0,0,Mature,
2026-02-05,C127,Google,In-House - Mid-Market,US,Demo,Speed,CR032,1,268.23,9209,375,4.073,1,0,0,0,0,Mature,
2026-02-06,C127,Google,In-House - Mid-Market,US,Demo,Speed,CR032,2,320.02,9332,390,4.18,1,0,0,0,0,Mature,
2026-02-07,C127,Google,In-House - Mid-Market,US,Demo,Speed,CR032,3,216.45,6155,255,4.155,1,0,0,0,0,Mature,
2026-02-08,C127,Google,In-House - Mid-Market,US,Demo,Speed,CR032,4,227.68,6862,252,3.682,1,0,0,0,0,Mature,
2026-02-09,C127,Google,In-House - Mid-Market,US,Demo,Speed,CR032,5,256.26,7231,320,4.437,2,1,0,0,0,Mature,
2026-02-10,C127,Google,In-House - Mid-Market,US,Demo,Speed,CR032,6,327.19,9735,311,3.201,2,1,0,0,0,Mature,
2026-02-11,C127,Google,In-House - Mid-Market,US,Demo,Speed,CR032,7,310.01,10034,312,3.113,1,0,0,0,0,Mature,
2026-02-12,C127,Google,In-House - Mid-Market,US,Demo,Speed,CR032,8,346.01,11172,391,3.505,2,1,0,0,0,Mature,
2026-02-13,C127,Google,In-House - Mid-Market,US,Demo,Speed,CR032,9,276.52,9092,343,3.782,1,0,0,0,0,Mature,
2026-02-14,C127,Google,In-House - Mid-Market,US,Demo,Speed,CR032,10,166.23,5510,193,3.519,1,0,0,0,0,Mature,
2026-02-15,C127,Google,In-House - Mid-Market,US,Demo,Speed,CR032,11,206.51,6013,221,3.688,1,0,0,0,0,Mature,
2026-02-16,C127,Google,In-House - Mid-Market,US,Demo,Speed,CR032,12,274.8,8743,317,3.629,1,0,0,0,0,Mature,
2026-02-17,C127,Google,In-House - Mid-Market,US,Demo,Speed,CR032,13,352.3,10856,339,3.124,1,0,0,0,0,Mature,
2026-02-18,C127,Google,In-House - Mid-Market,US,Demo,Speed,CR032,14,322.15,9483,372,3.927,2,1,0,0,0,Mature,
2026-02-19,C127,Google,In-House - Mid-Market,US,Demo,Speed,CR032,15,318.93,10418,415,3.991,3,1,0,0,0,Mature,
2026-02-20,C127,Google,In-House - Mid-Market,US,Demo,Speed,CR032,16,266.06,8520,275,3.23,1,0,0,0,0,Mature,
2026-02-21,C127,Google,In-House - Mid-Market,US,Demo,Speed,CR032,17,179.15,5246,224,4.284,1,0,0,0,0,Mature,
2026-02-22,C127,Google,In-House - Mid-Market,US,Demo,Speed,CR032,18,202.74,6624,238,3.597,1,0,0,0,0,Mature,
2026-02-23,C127,Google,In-House - Mid-Market,US,Demo,Speed,CR032,19,373.58,12831,570,4.445,4,2,0,0,0,Mature,
2026-02-24,C127,Google,In-House - Mid-Market,US,Demo,Speed,CR032,20,318.58,9007,369,4.101,1,0,0,0,0,Mature,
2026-02-25,C127,Google,In-House - Mid-Market,US,Demo,Speed,CR032,21,375.92,12538,435,3.477,2,1,0,0,0,Mature,
2026-02-26,C127,Google,In-House - Mid-Market,US,Demo,Speed,CR032,22,295.18,9650,338,3.51,2,1,0,0,0,Mature,
2026-02-27,C127,Google,In-House - Mid-Market,US,Demo,Speed,CR032,23,344.48,10180,439,4.318,2,1,0,0,0,Mature,
2026-02-28,C127,Google,In-House - Mid-Market,US,Demo,Speed,CR032,24,218.08,6744,234,3.478,1,0,0,0,0,Mature,
2026-03-01,C127,Google,In-House - Mid-Market,US,Demo,Speed,CR032,25,202.0,6612,227,3.447,1,0,0,0,0,Mature,
2026-03-02,C127,Google,In-House - Mid-Market,US,Demo,Speed,CR032,26,350.74,12053,515,4.276,2,0,0,0,0,Mature,
2026-03-03,C127,Google,In-House - Mid-Market,US,Demo,Speed,CR032,27,364.62,12035,520,4.324,3,2,0,0,0,Mature,
2026-03-04,C127,Google,In-House - Mid-Market,US,Demo,Speed,CR032,28,302.49,8794,282,3.211,1,0,0,0,0,Mature,
2026-03-05,C127,Google,In-House - Mid-Market,US,Demo,Speed,CR032,29,346.55,10563,375,3.556,1,0,0,0,0,Mature,
2026-03-06,C127,Google,In-House - Mid-Market,US,Demo,Speed,CR032,30,290.64,8813,309,3.508,2,1,0,0,0,Mature,
2026-03-07,C127,Google,In-House - Mid-Market,US,Demo,Speed,CR032,31,226.3,7516,245,3.263,1,0,0,0,0,Mature,
2026-03-08,C127,Google,In-House - Mid-Market,US,Demo,Speed,CR032,32,208.05,6784,223,3.3,1,0,0,0,0,Mature,
2026-03-09,C127,Google,In-House - Mid-Market,US,Demo,Speed,CR032,33,356.92,11481,485,4.232,2,1,0,0,0,Mature,
2026-03-10,C127,Google,In-House - Mid-Market,US,Demo,Speed,CR032,34,290.37,9772,319,3.27,1,0,0,0,0,Mature,
2026-03-19,C128,LinkedIn,In-House - Mid-Market,UK,Webinar,Customer Proof,CR016,1,370.6,5475,54,1.002,1,0,0,0,0,Mature,
2026-03-20,C128,LinkedIn,In-House - Mid-Market,UK,Webinar,Customer Proof,CR016,2,295.23,4484,39,0.873,0,0,0,0,0,Mature,
2026-03-21,C128,LinkedIn,In-House - Mid-Market,UK,Webinar,Customer Proof,CR016,3,206.48,3073,35,1.165,0,0,0,0,0,Mature,
2026-03-22,C128,LinkedIn,In-House - Mid-Market,UK,Webinar,Customer Proof,CR016,4,240.52,3503,41,1.181,0,0,0,0,0,Mature,
2026-03-23,C128,LinkedIn,In-House - Mid-Market,UK,Webinar,Customer Proof,CR016,5,265.77,3794,42,1.127,0,0,0,0,0,Mature,
2026-03-24,C128,LinkedIn,In-House - Mid-Market,UK,Webinar,Customer Proof,CR016,6,359.65,4778,53,1.12,0,0,0,0,0,Mature,
2026-03-25,C128,LinkedIn,In-House - Mid-Market,UK,Webinar,Customer Proof,CR016,7,348.48,5138,58,1.141,1,0,0,0,0,Mature,
2026-03-26,C128,LinkedIn,In-House - Mid-Market,UK,Webinar,Customer Proof,CR016,8,313.73,4381,46,1.056,0,0,0,0,0,Mature,
2026-03-27,C128,LinkedIn,In-House - Mid-Market,UK,Webinar,Customer Proof,CR016,9,304.74,4577,43,0.953,0,0,0,0,0,Mature,
2026-03-28,C128,LinkedIn,In-House - Mid-Market,UK,Webinar,Customer Proof,CR016,10,229.52,3396,39,1.178,0,0,0,0,0,Mature,
2026-03-29,C128,LinkedIn,In-House - Mid-Market,UK,Webinar,Customer Proof,CR016,11,238.88,3171,28,0.89,0,0,0,0,0,Mature,
2026-03-30,C128,LinkedIn,In-House - Mid-Market,UK,Webinar,Customer Proof,CR016,12,332.79,5178,45,0.877,0,0,0,0,0,Mature,
2026-03-31,C128,LinkedIn,In-House - Mid-Market,UK,Webinar,Customer Proof,CR016,13,292.03,4553,40,0.893,0,0,0,0,0,Mature,
2026-04-01,C128,LinkedIn,In-House - Mid-Market,UK,Webinar,Customer Proof,CR016,14,304.22,4744,47,0.995,0,0,0,0,0,Mature,
2026-04-02,C128,LinkedIn,In-House - Mid-Market,UK,Webinar,Customer Proof,CR016,15,257.75,4065,36,0.889,0,0,0,0,0,Mature,
2026-04-03,C128,LinkedIn,In-House - Mid-Market,UK,Webinar,Customer Proof,CR016,16,344.79,5494,56,1.03,0,0,0,0,0,Mature,
2026-04-04,C128,LinkedIn,In-House - Mid-Market,UK,Webinar,Customer Proof,CR016,17,218.29,3462,29,0.846,0,0,0,0,0,Mature,
2026-04-05,C128,LinkedIn,In-House - Mid-Market,UK,Webinar,Customer Proof,CR016,18,205.44,3288,29,0.89,0,0,0,0,0,Mature,
2026-04-06,C128,LinkedIn,In-House - Mid-Market,UK,Webinar,Customer Proof,CR016,19,297.44,4000,37,0.95,0,0,0,0,0,Mature,
2026-04-07,C128,LinkedIn,In-House - Mid-Market,UK,Webinar,Customer Proof,CR016,20,340.14,5253,57,1.087,1,0,0,0,0,Mature,
2026-04-08,C128,LinkedIn,In-House - Mid-Market,UK,Webinar,Customer Proof,CR016,21,255.5,4035,38,0.954,0,0,0,0,0,Mature,
2026-04-09,C128,LinkedIn,In-House - Mid-Market,UK,Webinar,Customer Proof,CR016,22,278.75,4367,38,0.881,0,0,0,0,0,Mature,
2026-04-10,C128,LinkedIn,In-House - Mid-Market,UK,Webinar,Customer Proof,CR016,23,285.91,4334,47,1.107,1,0,0,0,0,Mature,
2026-04-11,C128,LinkedIn,In-House - Mid-Market,UK,Webinar,Customer Proof,CR016,24,194.51,3139,29,0.952,0,0,0,0,0,Mature,
2026-04-12,C128,LinkedIn,In-House - Mid-Market,UK,Webinar,Customer Proof,CR016,25,216.29,3013,28,0.944,0,0,0,0,0,Mature,
2026-04-13,C128,LinkedIn,In-House - Mid-Market,UK,Webinar,Customer Proof,CR016,26,280.3,3723,33,0.895,0,0,0,0,0,Mature,
2026-04-14,C128,LinkedIn,In-House - Mid-Market,UK,Webinar,Customer Proof,CR016,27,265.79,3579,39,1.106,0,0,0,0,0,Mature,
2026-04-15,C128,LinkedIn,In-House - Mid-Market,UK,Webinar,Customer Proof,CR016,28,323.03,4551,39,0.871,0,0,0,0,0,Mature,
2026-04-16,C128,LinkedIn,In-House - Mid-Market,UK,Webinar,Customer Proof,CR016,29,344.54,4942,51,1.044,1,0,0,0,0,Mature,
2026-04-17,C128,LinkedIn,In-House - Mid-Market,UK,Webinar,Customer Proof,CR016,30,264.65,3889,45,1.172,0,0,0,0,0,Mature,
2026-04-18,C128,LinkedIn,In-House - Mid-Market,UK,Webinar,Customer Proof,CR016,31,181.75,2832,24,0.878,0,0,0,0,0,Mature,
2026-04-19,C128,LinkedIn,In-House - Mid-Market,UK,Webinar,Customer Proof,CR016,32,235.03,3633,34,0.945,0,0,0,0,0,Mature,
2026-04-20,C128,LinkedIn,In-House - Mid-Market,UK,Webinar,Customer Proof,CR016,33,335.99,5330,51,0.966,0,0,0,0,0,Mature,
2026-04-21,C128,LinkedIn,In-House - Mid-Market,UK,Webinar,Customer Proof,CR016,34,364.35,5784,58,1.005,1,0,0,0,0,Mature,
2026-04-22,C128,LinkedIn,In-House - Mid-Market,UK,Webinar,Customer Proof,CR016,35,290.32,3980,43,1.092,0,0,0,0,0,Mature,
2026-04-23,C128,LinkedIn,In-House - Mid-Market,UK,Webinar,Customer Proof,CR016,36,335.77,4908,54,1.107,1,0,0,0,0,Mature,
2026-04-24,C128,LinkedIn,In-House - Mid-Market,UK,Webinar,Customer Proof,CR016,37,274.77,4239,44,1.058,0,0,0,0,0,Mature,
2026-04-25,C128,LinkedIn,In-House - Mid-Market,UK,Webinar,Customer Proof,CR016,38,215.84,3337,31,0.949,0,0,0,0,0,Mature,
2026-04-26,C128,LinkedIn,In-House - Mid-Market,UK,Webinar,Customer Proof,CR016,39,236.04,3660,36,1.004,0,0,0,0,0,Mature,
2026-04-27,C128,LinkedIn,In-House - Mid-Market,UK,Webinar,Customer Proof,CR016,40,303.05,4265,41,0.978,0,0,0,0,0,Mature,
2026-04-28,C128,LinkedIn,In-House - Mid-Market,UK,Webinar,Customer Proof,CR016,41,267.43,4014,41,1.028,0,0,0,0,0,Mature,
2026-04-29,C128,LinkedIn,In-House - Mid-Market,UK,Webinar,Customer Proof,CR016,42,296.58,4071,46,1.148,1,0,0,0,0,Mature,
2026-04-30,C128,LinkedIn,In-House - Mid-Market,UK,Webinar,Customer Proof,CR016,43,268.52,4286,46,1.091,1,0,0,0,0,Mature,
2026-05-01,C128,LinkedIn,In-House - Mid-Market,UK,Webinar,Customer Proof,CR016,44,278.46,4413,41,0.948,0,0,0,0,0,Mature,
2026-05-02,C128,LinkedIn,In-House - Mid-Market,UK,Webinar,Customer Proof,CR016,45,226.14,3137,34,1.105,0,0,0,0,0,Mature,
2026-05-03,C128,LinkedIn,In-House - Mid-Market,UK,Webinar,Customer Proof,CR016,46,218.2,3074,29,0.976,0,0,0,0,0,Mature,
2026-05-04,C128,LinkedIn,In-House - Mid-Market,UK,Webinar,Customer Proof,CR016,47,352.86,5297,49,0.926,1,0,0,0,0,Mature,
2026-05-05,C128,LinkedIn,In-House - Mid-Market,UK,Webinar,Customer Proof,CR016,48,292.9,4414,38,0.88,0,0,0,0,0,Mature,
2026-05-06,C128,LinkedIn,In-House - Mid-Market,UK,Webinar,Customer Proof,CR016,49,258.08,3542,33,0.941,0,0,0,0,0,Mature,
2026-05-07,C128,LinkedIn,In-House - Mid-Market,UK,Webinar,Customer Proof,CR016,50,328.94,5094,44,0.88,0,0,0,0,0,Mature,
2026-05-08,C128,LinkedIn,In-House - Mid-Market,UK,Webinar,Customer Proof,CR016,51,279.25,4286,32,0.769,0,0,0,0,0,Mature,
2026-05-09,C128,LinkedIn,In-House - Mid-Market,UK,Webinar,Customer Proof,CR016,52,237.47,3155,29,0.937,0,0,0,0,0,Mature,
2026-05-10,C128,LinkedIn,In-House - Mid-Market,UK,Webinar,Customer Proof,CR016,53,200.74,2681,22,0.853,0,0,0,0,0,Mature,
2026-05-11,C128,LinkedIn,In-House - Mid-Market,UK,Webinar,Customer Proof,CR016,54,336.58,4648,35,0.754,0,0,0,0,0,Mature,
